type,language,license,rightsHolder,datasetID,institutionCode,datasetName,basisOfRecord,samplingProtocol,identificationVerificationStatus,occurrenceID,occurrenceStatus,organismQuantity,organismQuantityType,eventDate,countryCode,decimalLatitude,decimalLongitude,geodeticDatum,coordinateUncertaintyInMeters,verbatimLatitude,verbatimLongitude,verbatimCoordinateSystem,verbatimSRS,scientificName,kingdom,taxonRank,vernacularName
Event,en,https://creativecommons.org/licenses/by/4.0/legalcode,POV,https://doi.org/10.15468/29cggt,POV,"Monitoring of invasive alien species by the Province East Flanders, Belgium",HumanObservation,casual observation,verified by experts,Exo_3,present,,,2018-09-11,BE,51.25611,3.57479,WGS84,30,216541,94572,Lambert coordinates,EPSG:31370,Ludwigia grandiflora,Plantae,species,waterteunisbloem
Event,en,https://creativecommons.org/licenses/by/4.0/legalcode,POV,https://doi.org/10.15468/29cggt,POV,"Monitoring of invasive alien species by the Province East Flanders, Belgium",HumanObservation,casual observation,verified by experts,Exo_4,present,,,2018-09-11,BE,51.23706,4.06125,WGS84,30,214170,128523,Lambert coordinates,EPSG:31370,Ludwigia grandiflora,Plantae,species,waterteunisbloem
Event,en,https://creativecommons.org/licenses/by/4.0/legalcode,POV,https://doi.org/10.15468/29cggt,POV,"Monitoring of invasive alien species by the Province East Flanders, Belgium",HumanObservation,casual observation,verified by experts,Exo_5,present,,,2018-09-11,BE,51.16308,3.61096,WGS84,30,206166,96991,Lambert coordinates,EPSG:31370,Ludwigia grandiflora,Plantae,species,waterteunisbloem
Event,en,https://creativecommons.org/licenses/by/4.0/legalcode,POV,https://doi.org/10.15468/29cggt,POV,"Monitoring of invasive alien species by the Province East Flanders, Belgium",HumanObservation,casual observation,verified by experts,Exo_6,present,,,2018-09-11,BE,51.16312,3.61104,WGS84,30,206170,96997,Lambert coordinates,EPSG:31370,Ludwigia grandiflora,Plantae,species,waterteunisbloem
Event,en,https://creativecommons.org/licenses/by/4.0/legalcode,POV,https://doi.org/10.15468/29cggt,POV,"Monitoring of invasive alien species by the Province East Flanders, Belgium",HumanObservation,casual observation,verified by experts,Exo_7,present,,,2018-09-11,BE,51.07213,3.48642,WGS84,30,196144,88160,Lambert coordinates,EPSG:31370,Ludwigia grandiflora,Plantae,species,waterteunisbloem
Event,en,https://creativecommons.org/licenses/by/4.0/legalcode,POV,https://doi.org/10.15468/29cggt,POV,"Monitoring of invasive alien species by the Province East Flanders, Belgium",HumanObservation,casual observation,verified by experts,Exo_8,present,,,2018-09-11,BE,51.07145,3.96239,WGS84,30,195779,121518,Lambert coordinates,EPSG:31370,Ludwigia grandiflora,Plantae,species,waterteunisbloem
Event,en,https://creativecommons.org/licenses/by/4.0/legalcode,POV,https://doi.org/10.15468/29cggt,POV,"Monitoring of invasive alien species by the Province East Flanders, Belgium",HumanObservation,casual observation,verified by experts,Exo_9,present,,,2018-09-11,BE,51.08293,3.99496,WGS84,30,197044,123807,Lambert coordinates,EPSG:31370,Ludwigia grandiflora,Plantae,species,waterteunisbloem
Event,en,https://creativecommons.org/licenses/by/4.0/legalcode,POV,https://doi.org/10.15468/29cggt,POV,"Monitoring of invasive alien species by the Province East Flanders, Belgium",HumanObservation,casual observation,verified by experts,Exo_10,present,,,2018-09-11,BE,51.08366,3.99483,WGS84,30,197125,123798,Lambert coordinates,EPSG:31370,Ludwigia grandiflora,Plantae,species,waterteunisbloem
Event,en,https://creativecommons.org/licenses/by/4.0/legalcode,POV,https://doi.org/10.15468/29cggt,POV,"Monitoring of invasive alien species by the Province East Flanders, Belgium",HumanObservation,casual observation,verified by experts,Exo_11,present,,,2018-09-11,BE,51.10039,4.02089,WGS84,30,198978,125633,Lambert coordinates,EPSG:31370,Ludwigia grandiflora,Plantae,species,waterteunisbloem
Event,en,https://creativecommons.org/licenses/by/4.0/legalcode,POV,https://doi.org/10.15468/29cggt,POV,"Monitoring of invasive alien species by the Province East Flanders, Belgium",HumanObservation,casual observation,verified by experts,Exo_12,present,,,2018-09-11,BE,51.10041,4.02108,WGS84,30,198979,125646,Lambert coordinates,EPSG:31370,Ludwigia grandiflora,Plantae,species,waterteunisbloem
Event,en,https://creativecommons.org/licenses/by/4.0/legalcode,POV,https://doi.org/10.15468/29cggt,POV,"Monitoring of invasive alien species by the Province East Flanders, Belgium",HumanObservation,casual observation,verified by experts,Exo_13,present,,,2018-09-11,BE,51.11276,4.12744,WGS84,30,200324,133101,Lambert coordinates,EPSG:31370,Ludwigia grandiflora,Plantae,species,waterteunisbloem
Event,en,https://creativecommons.org/licenses/by/4.0/legalcode,POV,https://doi.org/10.15468/29cggt,POV,"Monitoring of invasive alien species by the Province East Flanders, Belgium",HumanObservation,casual observation,verified by experts,Exo_14,present,,,2018-09-11,BE,51.07614,4.17448,WGS84,30,196241,136385,Lambert coordinates,EPSG:31370,Ludwigia grandiflora,Plantae,species,waterteunisbloem
Event,en,https://creativecommons.org/licenses/by/4.0/legalcode,POV,https://doi.org/10.15468/29cggt,POV,"Monitoring of invasive alien species by the Province East Flanders, Belgium",HumanObservation,casual observation,verified by experts,Exo_15,present,,,2018-09-11,BE,51.04780,4.09035,WGS84,30,193107,130477,Lambert coordinates,EPSG:31370,Ludwigia grandiflora,Plantae,species,waterteunisbloem
Event,en,https://creativecommons.org/licenses/by/4.0/legalcode,POV,https://doi.org/10.15468/29cggt,POV,"Monitoring of invasive alien species by the Province East Flanders, Belgium",HumanObservation,casual observation,verified by experts,Exo_16,present,,,2018-09-11,BE,51.05284,4.08997,WGS84,30,193667,130452,Lambert coordinates,EPSG:31370,Myriophyllum aquaticum,Plantae,species,parelvederkruid
Event,en,https://creativecommons.org/licenses/by/4.0/legalcode,POV,https://doi.org/10.15468/29cggt,POV,"Monitoring of invasive alien species by the Province East Flanders, Belgium",HumanObservation,casual observation,verified by experts,Exo_17,present,,,2018-09-11,BE,51.05244,4.09141,WGS84,30,193622,130553,Lambert coordinates,EPSG:31370,Ludwigia grandiflora,Plantae,species,waterteunisbloem
Event,en,https://creativecommons.org/licenses/by/4.0/legalcode,POV,https://doi.org/10.15468/29cggt,POV,"Monitoring of invasive alien species by the Province East Flanders, Belgium",HumanObservation,casual observation,verified by experts,Exo_18,present,,,2018-09-11,BE,51.03419,3.98253,WGS84,30,191626,122908,Lambert coordinates,EPSG:31370,Ludwigia grandiflora,Plantae,species,waterteunisbloem
Event,en,https://creativecommons.org/licenses/by/4.0/legalcode,POV,https://doi.org/10.15468/29cggt,POV,"Monitoring of invasive alien species by the Province East Flanders, Belgium",HumanObservation,casual observation,verified by experts,Exo_19,present,,,2018-09-11,BE,51.01632,3.94719,WGS84,30,189652,120418,Lambert coordinates,EPSG:31370,Ludwigia grandiflora,Plantae,species,waterteunisbloem
Event,en,https://creativecommons.org/licenses/by/4.0/legalcode,POV,https://doi.org/10.15468/29cggt,POV,"Monitoring of invasive alien species by the Province East Flanders, Belgium",HumanObservation,casual observation,verified by experts,Exo_20,present,,,2018-09-11,BE,51.01471,3.94379,WGS84,30,189474,120178,Lambert coordinates,EPSG:31370,Ludwigia grandiflora,Plantae,species,waterteunisbloem
Event,en,https://creativecommons.org/licenses/by/4.0/legalcode,POV,https://doi.org/10.15468/29cggt,POV,"Monitoring of invasive alien species by the Province East Flanders, Belgium",HumanObservation,casual observation,verified by experts,Exo_21,present,,,2018-09-11,BE,51.05731,3.66972,WGS84,30,194358,100990,Lambert coordinates,EPSG:31370,Ludwigia peploides subsp. montevidensis,Plantae,subspecies,postelein-waterlepeltje
Event,en,https://creativecommons.org/licenses/by/4.0/legalcode,POV,https://doi.org/10.15468/29cggt,POV,"Monitoring of invasive alien species by the Province East Flanders, Belgium",HumanObservation,casual observation,verified by experts,Exo_22,present,,,2018-09-11,BE,50.96429,4.02097,WGS84,30,183837,125568,Lambert coordinates,EPSG:31370,Ludwigia grandiflora,Plantae,species,waterteunisbloem
Event,en,https://creativecommons.org/licenses/by/4.0/legalcode,POV,https://doi.org/10.15468/29cggt,POV,"Monitoring of invasive alien species by the Province East Flanders, Belgium",HumanObservation,casual observation,verified by experts,Exo_23,present,,,2018-09-11,BE,51.09959,4.12263,WGS84,30,198860,132759,Lambert coordinates,EPSG:31370,Ludwigia peploides subsp. montevidensis,Plantae,subspecies,postelein-waterlepeltje
Event,en,https://creativecommons.org/licenses/by/4.0/legalcode,POV,https://doi.org/10.15468/29cggt,POV,"Monitoring of invasive alien species by the Province East Flanders, Belgium",HumanObservation,casual observation,verified by experts,Exo_24,present,,,2018-09-11,BE,50.74294,3.92555,WGS84,30,159250,118718,Lambert coordinates,EPSG:31370,Ludwigia grandiflora,Plantae,species,waterteunisbloem
Event,en,https://creativecommons.org/licenses/by/4.0/legalcode,POV,https://doi.org/10.15468/29cggt,POV,"Monitoring of invasive alien species by the Province East Flanders, Belgium",HumanObservation,casual observation,verified by experts,Exo_25,present,,,2018-09-11,BE,50.80163,3.75792,WGS84,30,165862,106941,Lambert coordinates,EPSG:31370,Ludwigia grandiflora,Plantae,species,waterteunisbloem
Event,en,https://creativecommons.org/licenses/by/4.0/legalcode,POV,https://doi.org/10.15468/29cggt,POV,"Monitoring of invasive alien species by the Province East Flanders, Belgium",HumanObservation,casual observation,verified by experts,Exo_26,present,,,2018-09-11,BE,50.77246,3.56469,WGS84,30,162747,93284,Lambert coordinates,EPSG:31370,Ludwigia grandiflora,Plantae,species,waterteunisbloem
Event,en,https://creativecommons.org/licenses/by/4.0/legalcode,POV,https://doi.org/10.15468/29cggt,POV,"Monitoring of invasive alien species by the Province East Flanders, Belgium",HumanObservation,casual observation,verified by experts,Exo_27,present,,,2018-09-11,BE,50.98204,3.51181,WGS84,30,186102,89823,Lambert coordinates,EPSG:31370,Ludwigia grandiflora,Plantae,species,waterteunisbloem
Event,en,https://creativecommons.org/licenses/by/4.0/legalcode,POV,https://doi.org/10.15468/29cggt,POV,"Monitoring of invasive alien species by the Province East Flanders, Belgium",HumanObservation,casual observation,verified by experts,Exo_28,present,,,2018-09-11,BE,50.95871,3.48401,WGS84,30,183529,87840,Lambert coordinates,EPSG:31370,Ludwigia grandiflora,Plantae,species,waterteunisbloem
Event,en,https://creativecommons.org/licenses/by/4.0/legalcode,POV,https://doi.org/10.15468/29cggt,POV,"Monitoring of invasive alien species by the Province East Flanders, Belgium",HumanObservation,casual observation,verified by experts,Exo_29,present,,,2018-09-13,BE,50.97943,3.47702,WGS84,30,185840,87378,Lambert coordinates,EPSG:31370,Ludwigia grandiflora,Plantae,species,waterteunisbloem
Event,en,https://creativecommons.org/licenses/by/4.0/legalcode,POV,https://doi.org/10.15468/29cggt,POV,"Monitoring of invasive alien species by the Province East Flanders, Belgium",HumanObservation,casual observation,verified by experts,Exo_30,present,,,2018-09-25,BE,51.27053,4.19744,WGS84,30,217863,138043,Lambert coordinates,EPSG:31370,Ludwigia peploides subsp. montevidensis,Plantae,subspecies,postelein-waterlepeltje
Event,en,https://creativecommons.org/licenses/by/4.0/legalcode,POV,https://doi.org/10.15468/29cggt,POV,"Monitoring of invasive alien species by the Province East Flanders, Belgium",HumanObservation,casual observation,verified by experts,Exo_31,present,,,2018-09-25,BE,51.29834,4.10276,WGS84,30,220977,131446,Lambert coordinates,EPSG:31370,Ludwigia grandiflora,Plantae,species,waterteunisbloem
Event,en,https://creativecommons.org/licenses/by/4.0/legalcode,POV,https://doi.org/10.15468/29cggt,POV,"Monitoring of invasive alien species by the Province East Flanders, Belgium",HumanObservation,casual observation,verified by experts,Exo_32,present,,,2018-09-25,BE,51.27776,4.09963,WGS84,30,218688,131220,Lambert coordinates,EPSG:31370,Ludwigia grandiflora,Plantae,species,waterteunisbloem
Event,en,https://creativecommons.org/licenses/by/4.0/legalcode,POV,https://doi.org/10.15468/29cggt,POV,"Monitoring of invasive alien species by the Province East Flanders, Belgium",HumanObservation,casual observation,verified by experts,Exo_33,present,,,2018-09-25,BE,51.25165,3.47968,WGS84,30,216120,87927,Lambert coordinates,EPSG:31370,Hydrocotyle ranunculoides,Plantae,species,grote waternavel
Event,en,https://creativecommons.org/licenses/by/4.0/legalcode,POV,https://doi.org/10.15468/29cggt,POV,"Monitoring of invasive alien species by the Province East Flanders, Belgium",HumanObservation,casual observation,verified by experts,Exo_34,present,,,2018-09-25,BE,51.07551,3.34530,WGS84,30,196647,78275,Lambert coordinates,EPSG:31370,Hydrocotyle ranunculoides,Plantae,species,grote waternavel
Event,en,https://creativecommons.org/licenses/by/4.0/legalcode,POV,https://doi.org/10.15468/29cggt,POV,"Monitoring of invasive alien species by the Province East Flanders, Belgium",HumanObservation,casual observation,verified by experts,Exo_35,present,,,2018-09-25,BE,50.91034,3.41947,WGS84,30,178205,83238,Lambert coordinates,EPSG:31370,Hydrocotyle ranunculoides,Plantae,species,grote waternavel
Event,en,https://creativecommons.org/licenses/by/4.0/legalcode,POV,https://doi.org/10.15468/29cggt,POV,"Monitoring of invasive alien species by the Province East Flanders, Belgium",HumanObservation,casual observation,verified by experts,Exo_36,present,,,2018-09-27,BE,50.86028,3.79744,WGS84,30,172365,109777,Lambert coordinates,EPSG:31370,Heracleum mantegazzianum,Plantae,species,reuzenberenklauw
Event,en,https://creativecommons.org/licenses/by/4.0/legalcode,POV,https://doi.org/10.15468/29cggt,POV,"Monitoring of invasive alien species by the Province East Flanders, Belgium",HumanObservation,casual observation,verified by experts,Exo_37,present,,,2018-09-27,BE,50.86022,3.79733,WGS84,30,172357,109769,Lambert coordinates,EPSG:31370,Heracleum mantegazzianum,Plantae,species,reuzenberenklauw
Event,en,https://creativecommons.org/licenses/by/4.0/legalcode,POV,https://doi.org/10.15468/29cggt,POV,"Monitoring of invasive alien species by the Province East Flanders, Belgium",HumanObservation,casual observation,verified by experts,Exo_38,present,,,2018-09-27,BE,50.85986,3.79628,WGS84,30,172318,109694,Lambert coordinates,EPSG:31370,Heracleum mantegazzianum,Plantae,species,reuzenberenklauw
Event,en,https://creativecommons.org/licenses/by/4.0/legalcode,POV,https://doi.org/10.15468/29cggt,POV,"Monitoring of invasive alien species by the Province East Flanders, Belgium",HumanObservation,casual observation,verified by experts,Exo_39,present,,,2018-09-27,BE,50.85986,3.79611,WGS84,30,172318,109682,Lambert coordinates,EPSG:31370,Heracleum mantegazzianum,Plantae,species,reuzenberenklauw
Event,en,https://creativecommons.org/licenses/by/4.0/legalcode,POV,https://doi.org/10.15468/29cggt,POV,"Monitoring of invasive alien species by the Province East Flanders, Belgium",HumanObservation,casual observation,verified by experts,Exo_40,present,,,2018-09-27,BE,50.85998,3.79562,WGS84,30,172331,109648,Lambert coordinates,EPSG:31370,Heracleum mantegazzianum,Plantae,species,reuzenberenklauw
Event,en,https://creativecommons.org/licenses/by/4.0/legalcode,POV,https://doi.org/10.15468/29cggt,POV,"Monitoring of invasive alien species by the Province East Flanders, Belgium",HumanObservation,casual observation,verified by experts,Exo_41,present,,,2018-09-27,BE,50.86002,3.79530,WGS84,30,172337,109626,Lambert coordinates,EPSG:31370,Heracleum mantegazzianum,Plantae,species,reuzenberenklauw
Event,en,https://creativecommons.org/licenses/by/4.0/legalcode,POV,https://doi.org/10.15468/29cggt,POV,"Monitoring of invasive alien species by the Province East Flanders, Belgium",HumanObservation,casual observation,verified by experts,Exo_42,present,,,2018-09-28,BE,50.97678,3.74316,WGS84,30,185354,106064,Lambert coordinates,EPSG:31370,Heracleum mantegazzianum,Plantae,species,reuzenberenklauw
Event,en,https://creativecommons.org/licenses/by/4.0/legalcode,POV,https://doi.org/10.15468/29cggt,POV,"Monitoring of invasive alien species by the Province East Flanders, Belgium",HumanObservation,casual observation,verified by experts,Exo_43,present,,,2018-09-28,BE,50.99060,3.72543,WGS84,30,186903,104832,Lambert coordinates,EPSG:31370,Heracleum mantegazzianum,Plantae,species,reuzenberenklauw
Event,en,https://creativecommons.org/licenses/by/4.0/legalcode,POV,https://doi.org/10.15468/29cggt,POV,"Monitoring of invasive alien species by the Province East Flanders, Belgium",HumanObservation,casual observation,verified by experts,Exo_45,present,,,2018-10-26,BE,51.34286,4.23303,WGS84,30,225905,140542,Lambert coordinates,EPSG:31370,Heracleum mantegazzianum,Plantae,species,reuzenberenklauw
Event,en,https://creativecommons.org/licenses/by/4.0/legalcode,POV,https://doi.org/10.15468/29cggt,POV,"Monitoring of invasive alien species by the Province East Flanders, Belgium",HumanObservation,casual observation,verified by experts,Exo_46,present,,,2018-10-26,BE,51.07255,4.18400,WGS84,30,195840,137050,Lambert coordinates,EPSG:31370,Ludwigia grandiflora,Plantae,species,waterteunisbloem
Event,en,https://creativecommons.org/licenses/by/4.0/legalcode,POV,https://doi.org/10.15468/29cggt,POV,"Monitoring of invasive alien species by the Province East Flanders, Belgium",HumanObservation,casual observation,verified by experts,Exo_47,present,,,2018-08-01,BE,50.95971,3.95507,WGS84,30,183351,120936,Lambert coordinates,EPSG:31370,Impatiens glandulifera,Plantae,species,reuzenbalsemien
Event,en,https://creativecommons.org/licenses/by/4.0/legalcode,POV,https://doi.org/10.15468/29cggt,POV,"Monitoring of invasive alien species by the Province East Flanders, Belgium",HumanObservation,casual observation,verified by experts,Exo_48,present,,,2018-08-01,BE,50.96032,3.95597,WGS84,30,183419,120999,Lambert coordinates,EPSG:31370,Impatiens glandulifera,Plantae,species,reuzenbalsemien
Event,en,https://creativecommons.org/licenses/by/4.0/legalcode,POV,https://doi.org/10.15468/29cggt,POV,"Monitoring of invasive alien species by the Province East Flanders, Belgium",HumanObservation,casual observation,verified by experts,Exo_49,present,,,2017-06-01,BE,50.90742,4.07942,WGS84,30,177493,129649,Lambert coordinates,EPSG:31370,Lysichiton americanus,Plantae,species,moerasaronskelk
Event,en,https://creativecommons.org/licenses/by/4.0/legalcode,POV,https://doi.org/10.15468/29cggt,POV,"Monitoring of invasive alien species by the Province East Flanders, Belgium",HumanObservation,casual observation,verified by experts,Exo_50,present,,,2019-04-17,BE,50.90253,3.89086,WGS84,30,177017,116384,Lambert coordinates,EPSG:31370,Impatiens glandulifera,Plantae,species,reuzenbalsemien
Event,en,https://creativecommons.org/licenses/by/4.0/legalcode,POV,https://doi.org/10.15468/29cggt,POV,"Monitoring of invasive alien species by the Province East Flanders, Belgium",HumanObservation,casual observation,verified by experts,Exo_71,present,,,2019-04-26,BE,51.00645,3.58104,WGS84,30,188763,94713,Lambert coordinates,EPSG:31370,Heracleum mantegazzianum,Plantae,species,reuzenberenklauw
Event,en,https://creativecommons.org/licenses/by/4.0/legalcode,POV,https://doi.org/10.15468/29cggt,POV,"Monitoring of invasive alien species by the Province East Flanders, Belgium",HumanObservation,casual observation,verified by experts,Exo_72,present,,,2018-09-11,BE,50.77293,3.56452,WGS84,30,162800,93273,Lambert coordinates,EPSG:31370,Myriophyllum aquaticum,Plantae,species,parelvederkruid
Event,en,https://creativecommons.org/licenses/by/4.0/legalcode,POV,https://doi.org/10.15468/29cggt,POV,"Monitoring of invasive alien species by the Province East Flanders, Belgium",HumanObservation,casual observation,verified by experts,Exo_73,present,,,2018-04-26,BE,51.23894,3.78864,WGS84,30,214492,109486,Lambert coordinates,EPSG:31370,Ludwigia grandiflora,Plantae,species,waterteunisbloem
Event,en,https://creativecommons.org/licenses/by/4.0/legalcode,POV,https://doi.org/10.15468/29cggt,POV,"Monitoring of invasive alien species by the Province East Flanders, Belgium",HumanObservation,casual observation,verified by experts,Exo_74,present,,,2018-04-26,BE,51.18649,3.83028,WGS84,30,208636,112351,Lambert coordinates,EPSG:31370,Ludwigia grandiflora,Plantae,species,waterteunisbloem
Event,en,https://creativecommons.org/licenses/by/4.0/legalcode,POV,https://doi.org/10.15468/29cggt,POV,"Monitoring of invasive alien species by the Province East Flanders, Belgium",HumanObservation,casual observation,verified by experts,Exo_75,present,,,2017-04-26,BE,51.16987,3.89014,WGS84,30,206758,116525,Lambert coordinates,EPSG:31370,Hydrocotyle ranunculoides,Plantae,species,grote waternavel
Event,en,https://creativecommons.org/licenses/by/4.0/legalcode,POV,https://doi.org/10.15468/29cggt,POV,"Monitoring of invasive alien species by the Province East Flanders, Belgium",HumanObservation,casual observation,verified by experts,Exo_76,present,,,2018-04-26,BE,51.16824,3.89330,WGS84,30,206575,116744,Lambert coordinates,EPSG:31370,Hydrocotyle ranunculoides,Plantae,species,grote waternavel
Event,en,https://creativecommons.org/licenses/by/4.0/legalcode,POV,https://doi.org/10.15468/29cggt,POV,"Monitoring of invasive alien species by the Province East Flanders, Belgium",HumanObservation,casual observation,verified by experts,Exo_77,present,,,2016-04-26,BE,51.04280,3.82954,WGS84,30,192651,112183,Lambert coordinates,EPSG:31370,Myriophyllum aquaticum,Plantae,species,parelvederkruid
Event,en,https://creativecommons.org/licenses/by/4.0/legalcode,POV,https://doi.org/10.15468/29cggt,POV,"Monitoring of invasive alien species by the Province East Flanders, Belgium",HumanObservation,casual observation,verified by experts,Exo_78,present,,,2018-04-26,BE,51.04736,3.81720,WGS84,30,193165,111322,Lambert coordinates,EPSG:31370,Myriophyllum aquaticum,Plantae,species,parelvederkruid
Event,en,https://creativecommons.org/licenses/by/4.0/legalcode,POV,https://doi.org/10.15468/29cggt,POV,"Monitoring of invasive alien species by the Province East Flanders, Belgium",HumanObservation,casual observation,verified by experts,Exo_79,present,,,2015-04-26,BE,51.05169,4.08976,WGS84,30,193540,130437,Lambert coordinates,EPSG:31370,Myriophyllum aquaticum,Plantae,species,parelvederkruid
Event,en,https://creativecommons.org/licenses/by/4.0/legalcode,POV,https://doi.org/10.15468/29cggt,POV,"Monitoring of invasive alien species by the Province East Flanders, Belgium",HumanObservation,casual observation,verified by experts,Exo_80,present,,,2019-04-26,BE,50.91075,3.91756,WGS84,30,177921,118267,Lambert coordinates,EPSG:31370,Myriophyllum aquaticum,Plantae,species,parelvederkruid
Event,en,https://creativecommons.org/licenses/by/4.0/legalcode,POV,https://doi.org/10.15468/29cggt,POV,"Monitoring of invasive alien species by the Province East Flanders, Belgium",HumanObservation,casual observation,verified by experts,Exo_81,present,,,2019-02-26,BE,50.85175,3.56175,WGS84,30,171569,93173,Lambert coordinates,EPSG:31370,Hydrocotyle ranunculoides,Plantae,species,grote waternavel
Event,en,https://creativecommons.org/licenses/by/4.0/legalcode,POV,https://doi.org/10.15468/29cggt,POV,"Monitoring of invasive alien species by the Province East Flanders, Belgium",HumanObservation,casual observation,verified by experts,Exo_86,present,,,2019-04-29,BE,51.15406,3.75998,WGS84,30,205066,107407,Lambert coordinates,EPSG:31370,Crassula helmsii,Plantae,species,watercrassula
Event,en,https://creativecommons.org/licenses/by/4.0/legalcode,POV,https://doi.org/10.15468/29cggt,POV,"Monitoring of invasive alien species by the Province East Flanders, Belgium",HumanObservation,casual observation,verified by experts,Exo_87,present,,,2019-04-29,BE,51.14293,3.73906,WGS84,30,203840,105933,Lambert coordinates,EPSG:31370,Ludwigia grandiflora,Plantae,species,waterteunisbloem
Event,en,https://creativecommons.org/licenses/by/4.0/legalcode,POV,https://doi.org/10.15468/29cggt,POV,"Monitoring of invasive alien species by the Province East Flanders, Belgium",HumanObservation,casual observation,verified by experts,Exo_88,present,,,2019-04-29,BE,51.14473,3.75726,WGS84,30,204030,107208,Lambert coordinates,EPSG:31370,Crassula helmsii,Plantae,species,watercrassula
Event,en,https://creativecommons.org/licenses/by/4.0/legalcode,POV,https://doi.org/10.15468/29cggt,POV,"Monitoring of invasive alien species by the Province East Flanders, Belgium",HumanObservation,casual observation,verified by experts,Exo_89,present,,,2016-04-29,BE,51.02229,4.07631,WGS84,30,190273,129481,Lambert coordinates,EPSG:31370,Crassula helmsii,Plantae,species,watercrassula
Event,en,https://creativecommons.org/licenses/by/4.0/legalcode,POV,https://doi.org/10.15468/29cggt,POV,"Monitoring of invasive alien species by the Province East Flanders, Belgium",HumanObservation,casual observation,verified by experts,Exo_90,present,,,2019-04-29,BE,51.26916,4.19631,WGS84,30,217711,137964,Lambert coordinates,EPSG:31370,Crassula helmsii,Plantae,species,watercrassula
Event,en,https://creativecommons.org/licenses/by/4.0/legalcode,POV,https://doi.org/10.15468/29cggt,POV,"Monitoring of invasive alien species by the Province East Flanders, Belgium",HumanObservation,casual observation,verified by experts,Exo_91,present,,,2019-04-29,BE,51.26952,4.19614,WGS84,30,217751,137952,Lambert coordinates,EPSG:31370,Crassula helmsii,Plantae,species,watercrassula
Event,en,https://creativecommons.org/licenses/by/4.0/legalcode,POV,https://doi.org/10.15468/29cggt,POV,"Monitoring of invasive alien species by the Province East Flanders, Belgium",HumanObservation,casual observation,verified by experts,Exo_92,present,,,2018-04-29,BE,51.26817,4.19077,WGS84,30,217601,137577,Lambert coordinates,EPSG:31370,Eichhornia crassipes,Plantae,species,waterhyacint
Event,en,https://creativecommons.org/licenses/by/4.0/legalcode,POV,https://doi.org/10.15468/29cggt,POV,"Monitoring of invasive alien species by the Province East Flanders, Belgium",HumanObservation,casual observation,verified by experts,Exo_93,present,,,2018-04-29,BE,51.25707,4.20074,WGS84,30,216365,138270,Lambert coordinates,EPSG:31370,Crassula helmsii,Plantae,species,watercrassula
Event,en,https://creativecommons.org/licenses/by/4.0/legalcode,POV,https://doi.org/10.15468/29cggt,POV,"Monitoring of invasive alien species by the Province East Flanders, Belgium",HumanObservation,casual observation,verified by experts,Exo_94,present,,,2017-04-29,BE,50.90966,4.02585,WGS84,30,177758,125883,Lambert coordinates,EPSG:31370,Crassula helmsii,Plantae,species,watercrassula
Event,en,https://creativecommons.org/licenses/by/4.0/legalcode,POV,https://doi.org/10.15468/29cggt,POV,"Monitoring of invasive alien species by the Province East Flanders, Belgium",HumanObservation,casual observation,verified by experts,Exo_101,present,,,2018-04-29,BE,51.13113,3.46002,WGS84,30,202729,86390,Lambert coordinates,EPSG:31370,Crassula helmsii,Plantae,species,watercrassula
Event,en,https://creativecommons.org/licenses/by/4.0/legalcode,POV,https://doi.org/10.15468/29cggt,POV,"Monitoring of invasive alien species by the Province East Flanders, Belgium",HumanObservation,casual observation,verified by experts,Exo_106,present,,,2016-04-29,BE,50.99978,3.62537,WGS84,30,187989,97817,Lambert coordinates,EPSG:31370,Crassula helmsii,Plantae,species,watercrassula
Event,en,https://creativecommons.org/licenses/by/4.0/legalcode,POV,https://doi.org/10.15468/29cggt,POV,"Monitoring of invasive alien species by the Province East Flanders, Belgium",HumanObservation,casual observation,verified by experts,Exo_107,present,,,2017-04-29,BE,51.00239,3.63325,WGS84,30,188273,98373,Lambert coordinates,EPSG:31370,Crassula helmsii,Plantae,species,watercrassula
Event,en,https://creativecommons.org/licenses/by/4.0/legalcode,POV,https://doi.org/10.15468/29cggt,POV,"Monitoring of invasive alien species by the Province East Flanders, Belgium",HumanObservation,casual observation,verified by experts,Exo_111,present,,,2016-04-30,BE,51.19184,4.09526,WGS84,30,209130,130879,Lambert coordinates,EPSG:31370,Cabomba caroliniana,Plantae,species,waterwaaier
Event,en,https://creativecommons.org/licenses/by/4.0/legalcode,POV,https://doi.org/10.15468/29cggt,POV,"Monitoring of invasive alien species by the Province East Flanders, Belgium",HumanObservation,casual observation,verified by experts,Exo_112,present,,,2018-04-30,BE,51.18368,4.13295,WGS84,30,208213,133511,Lambert coordinates,EPSG:31370,Myriophyllum aquaticum,Plantae,species,parelvederkruid
Event,en,https://creativecommons.org/licenses/by/4.0/legalcode,POV,https://doi.org/10.15468/29cggt,POV,"Monitoring of invasive alien species by the Province East Flanders, Belgium",HumanObservation,casual observation,verified by experts,Exo_113,present,,,2018-04-30,BE,51.10046,4.02166,WGS84,30,198986,125687,Lambert coordinates,EPSG:31370,Ludwigia grandiflora,Plantae,species,waterteunisbloem
Event,en,https://creativecommons.org/licenses/by/4.0/legalcode,POV,https://doi.org/10.15468/29cggt,POV,"Monitoring of invasive alien species by the Province East Flanders, Belgium",HumanObservation,casual observation,verified by experts,Exo_114,present,,,2018-04-30,BE,51.10682,4.05447,WGS84,30,199683,127988,Lambert coordinates,EPSG:31370,Hydrocotyle ranunculoides,Plantae,species,grote waternavel
Event,en,https://creativecommons.org/licenses/by/4.0/legalcode,POV,https://doi.org/10.15468/29cggt,POV,"Monitoring of invasive alien species by the Province East Flanders, Belgium",HumanObservation,casual observation,verified by experts,Exo_115,present,,,2018-04-30,BE,51.10158,3.95269,WGS84,30,199135,120856,Lambert coordinates,EPSG:31370,Myriophyllum aquaticum,Plantae,species,parelvederkruid
Event,en,https://creativecommons.org/licenses/by/4.0/legalcode,POV,https://doi.org/10.15468/29cggt,POV,"Monitoring of invasive alien species by the Province East Flanders, Belgium",HumanObservation,casual observation,verified by experts,Exo_116,present,,,2019-04-30,BE,51.03555,3.98241,WGS84,30,191777,122900,Lambert coordinates,EPSG:31370,Ludwigia grandiflora,Plantae,species,waterteunisbloem
Event,en,https://creativecommons.org/licenses/by/4.0/legalcode,POV,https://doi.org/10.15468/29cggt,POV,"Monitoring of invasive alien species by the Province East Flanders, Belgium",HumanObservation,casual observation,verified by experts,Exo_126,present,,,2018-05-09,BE,51.07197,3.48610,WGS84,30,196126,88137,Lambert coordinates,EPSG:31370,Ludwigia grandiflora,Plantae,species,waterteunisbloem
Event,en,https://creativecommons.org/licenses/by/4.0/legalcode,POV,https://doi.org/10.15468/29cggt,POV,"Monitoring of invasive alien species by the Province East Flanders, Belgium",HumanObservation,casual observation,verified by experts,Exo_131,present,,,2019-05-17,BE,50.95282,3.68643,WGS84,30,182724,102056,Lambert coordinates,EPSG:31370,Heracleum mantegazzianum,Plantae,species,reuzenberenklauw
Event,en,https://creativecommons.org/licenses/by/4.0/legalcode,POV,https://doi.org/10.15468/29cggt,POV,"Monitoring of invasive alien species by the Province East Flanders, Belgium",HumanObservation,casual observation,verified by experts,Exo_141,present,,,2019-05-23,BE,50.88642,4.08275,WGS84,30,175156,129875,Lambert coordinates,EPSG:31370,Heracleum mantegazzianum,Plantae,species,reuzenberenklauw
Event,en,https://creativecommons.org/licenses/by/4.0/legalcode,POV,https://doi.org/10.15468/29cggt,POV,"Monitoring of invasive alien species by the Province East Flanders, Belgium",HumanObservation,casual observation,verified by experts,Exo_148,present,,,2019-05-28,BE,50.98194,3.51219,WGS84,30,186090,89850,Lambert coordinates,EPSG:31370,Heracleum mantegazzianum,Plantae,species,reuzenberenklauw
Event,en,https://creativecommons.org/licenses/by/4.0/legalcode,POV,https://doi.org/10.15468/29cggt,POV,"Monitoring of invasive alien species by the Province East Flanders, Belgium",HumanObservation,casual observation,verified by experts,Exo_149,present,,,2019-06-03,BE,51.02365,4.09641,WGS84,30,190419,130891,Lambert coordinates,EPSG:31370,Trachemys scripta,Animalia,species,lettersierschildpad
Event,en,https://creativecommons.org/licenses/by/4.0/legalcode,POV,https://doi.org/10.15468/29cggt,POV,"Monitoring of invasive alien species by the Province East Flanders, Belgium",HumanObservation,casual observation,verified by experts,Exo_155,present,,,2019-06-04,BE,51.00011,3.62774,WGS84,30,188023,97984,Lambert coordinates,EPSG:31370,Heracleum mantegazzianum,Plantae,species,reuzenberenklauw
Event,en,https://creativecommons.org/licenses/by/4.0/legalcode,POV,https://doi.org/10.15468/29cggt,POV,"Monitoring of invasive alien species by the Province East Flanders, Belgium",HumanObservation,casual observation,verified by experts,Exo_168,present,,,2019-06-12,BE,50.98847,3.77259,WGS84,30,186638,108141,Lambert coordinates,EPSG:31370,Heracleum mantegazzianum,Plantae,species,reuzenberenklauw
Event,en,https://creativecommons.org/licenses/by/4.0/legalcode,POV,https://doi.org/10.15468/29cggt,POV,"Monitoring of invasive alien species by the Province East Flanders, Belgium",HumanObservation,casual observation,verified by experts,Exo_169,present,,,2019-06-12,BE,50.98841,3.77241,WGS84,30,186631,108129,Lambert coordinates,EPSG:31370,Heracleum mantegazzianum,Plantae,species,reuzenberenklauw
Event,en,https://creativecommons.org/licenses/by/4.0/legalcode,POV,https://doi.org/10.15468/29cggt,POV,"Monitoring of invasive alien species by the Province East Flanders, Belgium",HumanObservation,casual observation,verified by experts,Exo_170,present,,,2019-06-12,BE,50.98836,3.77224,WGS84,30,186626,108116,Lambert coordinates,EPSG:31370,Heracleum mantegazzianum,Plantae,species,reuzenberenklauw
Event,en,https://creativecommons.org/licenses/by/4.0/legalcode,POV,https://doi.org/10.15468/29cggt,POV,"Monitoring of invasive alien species by the Province East Flanders, Belgium",HumanObservation,casual observation,verified by experts,Exo_171,present,,,2019-06-12,BE,50.98830,3.77204,WGS84,30,186619,108102,Lambert coordinates,EPSG:31370,Heracleum mantegazzianum,Plantae,species,reuzenberenklauw
Event,en,https://creativecommons.org/licenses/by/4.0/legalcode,POV,https://doi.org/10.15468/29cggt,POV,"Monitoring of invasive alien species by the Province East Flanders, Belgium",HumanObservation,casual observation,verified by experts,Exo_172,present,,,2019-06-17,BE,51.01686,3.79234,WGS84,30,189785,109552,Lambert coordinates,EPSG:31370,Heracleum mantegazzianum,Plantae,species,reuzenberenklauw
Event,en,https://creativecommons.org/licenses/by/4.0/legalcode,POV,https://doi.org/10.15468/29cggt,POV,"Monitoring of invasive alien species by the Province East Flanders, Belgium",HumanObservation,casual observation,verified by experts,Exo_181,present,,,2019-06-18,BE,51.00052,3.69040,WGS84,30,188028,102383,Lambert coordinates,EPSG:31370,Heracleum mantegazzianum,Plantae,species,reuzenberenklauw
Event,en,https://creativecommons.org/licenses/by/4.0/legalcode,POV,https://doi.org/10.15468/29cggt,POV,"Monitoring of invasive alien species by the Province East Flanders, Belgium",HumanObservation,casual observation,verified by experts,Exo_182,present,,,2019-06-18,BE,51.00062,3.69047,WGS84,30,188039,102388,Lambert coordinates,EPSG:31370,Heracleum mantegazzianum,Plantae,species,reuzenberenklauw
Event,en,https://creativecommons.org/licenses/by/4.0/legalcode,POV,https://doi.org/10.15468/29cggt,POV,"Monitoring of invasive alien species by the Province East Flanders, Belgium",HumanObservation,casual observation,verified by experts,Exo_183,present,,,2019-06-19,BE,51.05770,3.80362,WGS84,30,194322,110379,Lambert coordinates,EPSG:31370,Heracleum mantegazzianum,Plantae,species,reuzenberenklauw
Event,en,https://creativecommons.org/licenses/by/4.0/legalcode,POV,https://doi.org/10.15468/29cggt,POV,"Monitoring of invasive alien species by the Province East Flanders, Belgium",HumanObservation,casual observation,verified by experts,Exo_184,present,,,2019-06-20,BE,51.14763,3.83230,WGS84,30,204312,112461,Lambert coordinates,EPSG:31370,Heracleum mantegazzianum,Plantae,species,reuzenberenklauw
Event,en,https://creativecommons.org/licenses/by/4.0/legalcode,POV,https://doi.org/10.15468/29cggt,POV,"Monitoring of invasive alien species by the Province East Flanders, Belgium",HumanObservation,casual observation,verified by experts,Exo_185,present,,,2019-06-20,BE,51.15442,3.85479,WGS84,30,205056,114040,Lambert coordinates,EPSG:31370,Heracleum mantegazzianum,Plantae,species,reuzenberenklauw
Event,en,https://creativecommons.org/licenses/by/4.0/legalcode,POV,https://doi.org/10.15468/29cggt,POV,"Monitoring of invasive alien species by the Province East Flanders, Belgium",HumanObservation,casual observation,verified by experts,Exo_187,present,,,2019-06-21,BE,50.96420,4.02092,WGS84,30,183827,125564,Lambert coordinates,EPSG:31370,Hydrocotyle ranunculoides,Plantae,species,grote waternavel
Event,en,https://creativecommons.org/licenses/by/4.0/legalcode,POV,https://doi.org/10.15468/29cggt,POV,"Monitoring of invasive alien species by the Province East Flanders, Belgium",HumanObservation,casual observation,verified by experts,Exo_191,present,,,2019-06-24,BE,50.83530,3.58083,WGS84,30,169725,94497,Lambert coordinates,EPSG:31370,Heracleum mantegazzianum,Plantae,species,reuzenberenklauw
Event,en,https://creativecommons.org/licenses/by/4.0/legalcode,POV,https://doi.org/10.15468/29cggt,POV,"Monitoring of invasive alien species by the Province East Flanders, Belgium",HumanObservation,casual observation,verified by experts,Exo_192,present,,,2019-06-24,BE,50.83569,3.58209,WGS84,30,169768,94586,Lambert coordinates,EPSG:31370,Heracleum mantegazzianum,Plantae,species,reuzenberenklauw
Event,en,https://creativecommons.org/licenses/by/4.0/legalcode,POV,https://doi.org/10.15468/29cggt,POV,"Monitoring of invasive alien species by the Province East Flanders, Belgium",HumanObservation,casual observation,verified by experts,Exo_205,present,,,2019-06-25,BE,51.11216,4.11326,WGS84,30,200261,132108,Lambert coordinates,EPSG:31370,Crassula helmsii,Plantae,species,watercrassula
Event,en,https://creativecommons.org/licenses/by/4.0/legalcode,POV,https://doi.org/10.15468/29cggt,POV,"Monitoring of invasive alien species by the Province East Flanders, Belgium",HumanObservation,casual observation,verified by experts,Exo_209,present,,,2019-06-25,BE,50.86708,3.54268,WGS84,30,173290,91849,Lambert coordinates,EPSG:31370,Heracleum mantegazzianum,Plantae,species,reuzenberenklauw
Event,en,https://creativecommons.org/licenses/by/4.0/legalcode,POV,https://doi.org/10.15468/29cggt,POV,"Monitoring of invasive alien species by the Province East Flanders, Belgium",HumanObservation,casual observation,verified by experts,Exo_210,present,,,2019-06-25,BE,50.80926,3.69846,WGS84,30,166747,102756,Lambert coordinates,EPSG:31370,Impatiens glandulifera,Plantae,species,reuzenbalsemien
Event,en,https://creativecommons.org/licenses/by/4.0/legalcode,POV,https://doi.org/10.15468/29cggt,POV,"Monitoring of invasive alien species by the Province East Flanders, Belgium",HumanObservation,casual observation,verified by experts,Exo_212,present,,,2019-06-26,BE,51.18009,4.06873,WGS84,30,207830,129020,Lambert coordinates,EPSG:31370,Heracleum mantegazzianum,Plantae,species,reuzenberenklauw
Event,en,https://creativecommons.org/licenses/by/4.0/legalcode,POV,https://doi.org/10.15468/29cggt,POV,"Monitoring of invasive alien species by the Province East Flanders, Belgium",HumanObservation,casual observation,verified by experts,Exo_218,present,,,2019-06-28,BE,51.02801,3.68607,WGS84,30,191089,102107,Lambert coordinates,EPSG:31370,Heracleum mantegazzianum,Plantae,species,reuzenberenklauw
Event,en,https://creativecommons.org/licenses/by/4.0/legalcode,POV,https://doi.org/10.15468/29cggt,POV,"Monitoring of invasive alien species by the Province East Flanders, Belgium",HumanObservation,casual observation,verified by experts,Exo_222,present,,,2019-07-01,BE,51.11769,3.54893,WGS84,30,201162,92597,Lambert coordinates,EPSG:31370,Heracleum mantegazzianum,Plantae,species,reuzenberenklauw
Event,en,https://creativecommons.org/licenses/by/4.0/legalcode,POV,https://doi.org/10.15468/29cggt,POV,"Monitoring of invasive alien species by the Province East Flanders, Belgium",HumanObservation,casual observation,verified by experts,Exo_237,present,,,2019-07-03,BE,51.01597,3.71574,WGS84,30,189730,104176,Lambert coordinates,EPSG:31370,Myriophyllum aquaticum,Plantae,species,parelvederkruid
Event,en,https://creativecommons.org/licenses/by/4.0/legalcode,POV,https://doi.org/10.15468/29cggt,POV,"Monitoring of invasive alien species by the Province East Flanders, Belgium",HumanObservation,casual observation,verified by experts,Exo_241,present,,,2019-07-08,BE,51.15484,4.18206,WGS84,30,204994,136937,Lambert coordinates,EPSG:31370,Heracleum mantegazzianum,Plantae,species,reuzenberenklauw
Event,en,https://creativecommons.org/licenses/by/4.0/legalcode,POV,https://doi.org/10.15468/29cggt,POV,"Monitoring of invasive alien species by the Province East Flanders, Belgium",HumanObservation,casual observation,verified by experts,Exo_242,present,,,2019-07-08,BE,51.02928,3.63109,WGS84,30,191267,98252,Lambert coordinates,EPSG:31370,Heracleum mantegazzianum,Plantae,species,reuzenberenklauw
Event,en,https://creativecommons.org/licenses/by/4.0/legalcode,POV,https://doi.org/10.15468/29cggt,POV,"Monitoring of invasive alien species by the Province East Flanders, Belgium",HumanObservation,casual observation,verified by experts,Exo_253,present,,,2019-08-19,BE,51.07546,3.48094,WGS84,30,196519,87780,Lambert coordinates,EPSG:31370,Crassula helmsii,Plantae,species,watercrassula
Event,en,https://creativecommons.org/licenses/by/4.0/legalcode,POV,https://doi.org/10.15468/29cggt,POV,"Monitoring of invasive alien species by the Province East Flanders, Belgium",HumanObservation,casual observation,verified by experts,Exo_254,present,,,2019-08-19,BE,51.07479,3.48244,WGS84,30,196443,87885,Lambert coordinates,EPSG:31370,Crassula helmsii,Plantae,species,watercrassula
Event,en,https://creativecommons.org/licenses/by/4.0/legalcode,POV,https://doi.org/10.15468/29cggt,POV,"Monitoring of invasive alien species by the Province East Flanders, Belgium",HumanObservation,casual observation,verified by experts,Exo_262,present,,,2019-08-19,BE,51.05940,3.66921,WGS84,30,194592,100957,Lambert coordinates,EPSG:31370,Crassula helmsii,Plantae,species,watercrassula
Event,en,https://creativecommons.org/licenses/by/4.0/legalcode,POV,https://doi.org/10.15468/29cggt,POV,"Monitoring of invasive alien species by the Province East Flanders, Belgium",HumanObservation,casual observation,verified by experts,Exo_265,present,,,2019-08-20,BE,51.14401,3.75694,WGS84,30,203949,107185,Lambert coordinates,EPSG:31370,Crassula helmsii,Plantae,species,watercrassula
Event,en,https://creativecommons.org/licenses/by/4.0/legalcode,POV,https://doi.org/10.15468/29cggt,POV,"Monitoring of invasive alien species by the Province East Flanders, Belgium",HumanObservation,casual observation,verified by experts,Exo_266,present,,,2019-08-20,BE,51.15325,3.75851,WGS84,30,204976,107303,Lambert coordinates,EPSG:31370,Crassula helmsii,Plantae,species,watercrassula
Event,en,https://creativecommons.org/licenses/by/4.0/legalcode,POV,https://doi.org/10.15468/29cggt,POV,"Monitoring of invasive alien species by the Province East Flanders, Belgium",HumanObservation,casual observation,verified by experts,Exo_267,present,,,2019-08-20,BE,51.15565,3.76263,WGS84,30,205242,107594,Lambert coordinates,EPSG:31370,Crassula helmsii,Plantae,species,watercrassula
Event,en,https://creativecommons.org/licenses/by/4.0/legalcode,POV,https://doi.org/10.15468/29cggt,POV,"Monitoring of invasive alien species by the Province East Flanders, Belgium",HumanObservation,casual observation,verified by experts,Exo_268,present,,,2019-08-20,BE,51.15583,3.76339,WGS84,30,205260,107647,Lambert coordinates,EPSG:31370,Crassula helmsii,Plantae,species,watercrassula
Event,en,https://creativecommons.org/licenses/by/4.0/legalcode,POV,https://doi.org/10.15468/29cggt,POV,"Monitoring of invasive alien species by the Province East Flanders, Belgium",HumanObservation,casual observation,verified by experts,Exo_269,present,,,2019-08-20,BE,51.15534,3.75887,WGS84,30,205209,107330,Lambert coordinates,EPSG:31370,Crassula helmsii,Plantae,species,watercrassula
Event,en,https://creativecommons.org/licenses/by/4.0/legalcode,POV,https://doi.org/10.15468/29cggt,POV,"Monitoring of invasive alien species by the Province East Flanders, Belgium",HumanObservation,casual observation,verified by experts,Exo_270,present,,,2019-08-20,BE,51.15523,3.76288,WGS84,30,205195,107610,Lambert coordinates,EPSG:31370,Crassula helmsii,Plantae,species,watercrassula
Event,en,https://creativecommons.org/licenses/by/4.0/legalcode,POV,https://doi.org/10.15468/29cggt,POV,"Monitoring of invasive alien species by the Province East Flanders, Belgium",HumanObservation,casual observation,verified by experts,Exo_271,present,,,2019-08-21,BE,51.01457,3.94126,WGS84,30,189460,120000,Lambert coordinates,EPSG:31370,Ludwigia grandiflora,Plantae,species,waterteunisbloem
Event,en,https://creativecommons.org/licenses/by/4.0/legalcode,POV,https://doi.org/10.15468/29cggt,POV,"Monitoring of invasive alien species by the Province East Flanders, Belgium",HumanObservation,casual observation,verified by experts,Exo_272,present,,,2019-08-21,BE,51.01569,3.94577,WGS84,30,189582,120318,Lambert coordinates,EPSG:31370,Ludwigia grandiflora,Plantae,species,waterteunisbloem
Event,en,https://creativecommons.org/licenses/by/4.0/legalcode,POV,https://doi.org/10.15468/29cggt,POV,"Monitoring of invasive alien species by the Province East Flanders, Belgium",HumanObservation,casual observation,verified by experts,Exo_273,present,,,2019-08-21,BE,51.03392,3.91886,WGS84,30,191622,118442,Lambert coordinates,EPSG:31370,Hydrocotyle ranunculoides,Plantae,species,grote waternavel
Event,en,https://creativecommons.org/licenses/by/4.0/legalcode,POV,https://doi.org/10.15468/29cggt,POV,"Monitoring of invasive alien species by the Province East Flanders, Belgium",HumanObservation,casual observation,verified by experts,Exo_274,present,,,2019-08-21,BE,50.83728,3.76740,WGS84,30,169823,107641,Lambert coordinates,EPSG:31370,Hydrocotyle ranunculoides,Plantae,species,grote waternavel
Event,en,https://creativecommons.org/licenses/by/4.0/legalcode,POV,https://doi.org/10.15468/29cggt,POV,"Monitoring of invasive alien species by the Province East Flanders, Belgium",HumanObservation,casual observation,verified by experts,Exo_275,present,,,2019-08-21,BE,50.83720,3.76764,WGS84,30,169813,107658,Lambert coordinates,EPSG:31370,Crassula helmsii,Plantae,species,watercrassula
Event,en,https://creativecommons.org/licenses/by/4.0/legalcode,POV,https://doi.org/10.15468/29cggt,POV,"Monitoring of invasive alien species by the Province East Flanders, Belgium",HumanObservation,casual observation,verified by experts,Exo_279,present,,,2019-08-29,BE,51.16398,3.61111,WGS84,30,206265,97003,Lambert coordinates,EPSG:31370,Ludwigia grandiflora,Plantae,species,waterteunisbloem
Event,en,https://creativecommons.org/licenses/by/4.0/legalcode,POV,https://doi.org/10.15468/29cggt,POV,"Monitoring of invasive alien species by the Province East Flanders, Belgium",HumanObservation,casual observation,verified by experts,Exo_280,present,,,2019-08-30,BE,51.14318,3.73887,WGS84,30,203868,105920,Lambert coordinates,EPSG:31370,Ludwigia grandiflora,Plantae,species,waterteunisbloem
Event,en,https://creativecommons.org/licenses/by/4.0/legalcode,POV,https://doi.org/10.15468/29cggt,POV,"Monitoring of invasive alien species by the Province East Flanders, Belgium",HumanObservation,casual observation,verified by experts,Exo_287,present,,,2019-09-12,BE,51.05341,3.91928,WGS84,30,193789,118484,Lambert coordinates,EPSG:31370,Crassula helmsii,Plantae,species,watercrassula
Event,en,https://creativecommons.org/licenses/by/4.0/legalcode,POV,https://doi.org/10.15468/29cggt,POV,"Monitoring of invasive alien species by the Province East Flanders, Belgium",HumanObservation,casual observation,verified by experts,Exo_291,present,,,2019-09-20,BE,51.01270,3.90839,WGS84,30,189265,117693,Lambert coordinates,EPSG:31370,Eriocheir sinensis,Animalia,species,Chinese wolhandkrab
Event,en,https://creativecommons.org/licenses/by/4.0/legalcode,POV,https://doi.org/10.15468/29cggt,POV,"Monitoring of invasive alien species by the Province East Flanders, Belgium",HumanObservation,casual observation,verified by experts,Exo_309,present,,,2019-10-01,BE,50.87685,3.77373,WGS84,30,174220,108122,Lambert coordinates,EPSG:31370,Heracleum mantegazzianum,Plantae,species,reuzenberenklauw
Event,en,https://creativecommons.org/licenses/by/4.0/legalcode,POV,https://doi.org/10.15468/29cggt,POV,"Monitoring of invasive alien species by the Province East Flanders, Belgium",HumanObservation,casual observation,verified by experts,Exo_320,present,,,2019-10-02,BE,51.12184,3.45725,WGS84,30,201699,86183,Lambert coordinates,EPSG:31370,Myriophyllum aquaticum,Plantae,species,parelvederkruid
Event,en,https://creativecommons.org/licenses/by/4.0/legalcode,POV,https://doi.org/10.15468/29cggt,POV,"Monitoring of invasive alien species by the Province East Flanders, Belgium",HumanObservation,casual observation,verified by experts,Exo_337,present,,,2019-11-06,BE,50.87155,3.69255,WGS84,30,173680,102403,Lambert coordinates,EPSG:31370,Heracleum mantegazzianum,Plantae,species,reuzenberenklauw
Event,en,https://creativecommons.org/licenses/by/4.0/legalcode,POV,https://doi.org/10.15468/29cggt,POV,"Monitoring of invasive alien species by the Province East Flanders, Belgium",HumanObservation,casual observation,verified by experts,Exo_339,present,,,2019-11-06,BE,50.85852,3.69907,WGS84,30,172226,102849,Lambert coordinates,EPSG:31370,Heracleum mantegazzianum,Plantae,species,reuzenberenklauw
Event,en,https://creativecommons.org/licenses/by/4.0/legalcode,POV,https://doi.org/10.15468/29cggt,POV,"Monitoring of invasive alien species by the Province East Flanders, Belgium",HumanObservation,casual observation,verified by experts,Exo_340,present,,,2019-11-06,BE,50.87386,3.69201,WGS84,30,173937,102368,Lambert coordinates,EPSG:31370,Heracleum mantegazzianum,Plantae,species,reuzenberenklauw
Event,en,https://creativecommons.org/licenses/by/4.0/legalcode,POV,https://doi.org/10.15468/29cggt,POV,"Monitoring of invasive alien species by the Province East Flanders, Belgium",HumanObservation,casual observation,verified by experts,Exo_341,present,,,2019-11-06,BE,50.87294,3.75577,WGS84,30,173796,106854,Lambert coordinates,EPSG:31370,Heracleum mantegazzianum,Plantae,species,reuzenberenklauw
Event,en,https://creativecommons.org/licenses/by/4.0/legalcode,POV,https://doi.org/10.15468/29cggt,POV,"Monitoring of invasive alien species by the Province East Flanders, Belgium",HumanObservation,casual observation,verified by experts,Exo_342,present,,,2019-11-06,BE,50.88246,3.72307,WGS84,30,174874,104562,Lambert coordinates,EPSG:31370,Heracleum mantegazzianum,Plantae,species,reuzenberenklauw
Event,en,https://creativecommons.org/licenses/by/4.0/legalcode,POV,https://doi.org/10.15468/29cggt,POV,"Monitoring of invasive alien species by the Province East Flanders, Belgium",HumanObservation,casual observation,verified by experts,Exo_344,present,,,2019-11-06,BE,50.79368,3.67952,WGS84,30,165027,101406,Lambert coordinates,EPSG:31370,Heracleum mantegazzianum,Plantae,species,reuzenberenklauw
Event,en,https://creativecommons.org/licenses/by/4.0/legalcode,POV,https://doi.org/10.15468/29cggt,POV,"Monitoring of invasive alien species by the Province East Flanders, Belgium",HumanObservation,casual observation,verified by experts,Exo_345,present,,,2019-11-06,BE,50.79085,3.67979,WGS84,30,164711,101422,Lambert coordinates,EPSG:31370,Heracleum mantegazzianum,Plantae,species,reuzenberenklauw
Event,en,https://creativecommons.org/licenses/by/4.0/legalcode,POV,https://doi.org/10.15468/29cggt,POV,"Monitoring of invasive alien species by the Province East Flanders, Belgium",HumanObservation,casual observation,verified by experts,Exo_346,present,,,2019-11-06,BE,50.78694,3.51789,WGS84,30,164395,90002,Lambert coordinates,EPSG:31370,Heracleum mantegazzianum,Plantae,species,reuzenberenklauw
Event,en,https://creativecommons.org/licenses/by/4.0/legalcode,POV,https://doi.org/10.15468/29cggt,POV,"Monitoring of invasive alien species by the Province East Flanders, Belgium",HumanObservation,casual observation,verified by experts,Exo_348,present,,,2019-11-19,BE,50.93412,3.67467,WGS84,30,180652,101210,Lambert coordinates,EPSG:31370,Heracleum mantegazzianum,Plantae,species,reuzenberenklauw
Event,en,https://creativecommons.org/licenses/by/4.0/legalcode,POV,https://doi.org/10.15468/29cggt,POV,"Monitoring of invasive alien species by the Province East Flanders, Belgium",HumanObservation,casual observation,verified by experts,Exo_356,present,,,2019-12-10,BE,50.87004,3.73014,WGS84,30,173488,105047,Lambert coordinates,EPSG:31370,Impatiens glandulifera,Plantae,species,reuzenbalsemien
Event,en,https://creativecommons.org/licenses/by/4.0/legalcode,POV,https://doi.org/10.15468/29cggt,POV,"Monitoring of invasive alien species by the Province East Flanders, Belgium",HumanObservation,casual observation,verified by experts,Exo_357,present,,,2020-01-28,BE,51.27279,3.58120,WGS84,30,218392,95039,Lambert coordinates,EPSG:31370,Reynoutria,Plantae,genus,
Event,en,https://creativecommons.org/licenses/by/4.0/legalcode,POV,https://doi.org/10.15468/29cggt,POV,"Monitoring of invasive alien species by the Province East Flanders, Belgium",HumanObservation,casual observation,verified by experts,Exo_358,present,,,2020-01-28,BE,51.27279,3.58122,WGS84,30,218392,95040,Lambert coordinates,EPSG:31370,Reynoutria,Plantae,genus,
Event,en,https://creativecommons.org/licenses/by/4.0/legalcode,POV,https://doi.org/10.15468/29cggt,POV,"Monitoring of invasive alien species by the Province East Flanders, Belgium",HumanObservation,casual observation,verified by experts,Exo_359,present,,,2020-01-28,BE,51.21387,3.96039,WGS84,30,211624,121465,Lambert coordinates,EPSG:31370,Reynoutria,Plantae,genus,
Event,en,https://creativecommons.org/licenses/by/4.0/legalcode,POV,https://doi.org/10.15468/29cggt,POV,"Monitoring of invasive alien species by the Province East Flanders, Belgium",HumanObservation,casual observation,verified by experts,Exo_360,present,,,2020-01-28,BE,51.21804,4.28326,WGS84,30,212013,144026,Lambert coordinates,EPSG:31370,Reynoutria,Plantae,genus,
Event,en,https://creativecommons.org/licenses/by/4.0/legalcode,POV,https://doi.org/10.15468/29cggt,POV,"Monitoring of invasive alien species by the Province East Flanders, Belgium",HumanObservation,casual observation,verified by experts,Exo_361,present,,,2020-01-28,BE,51.08280,4.16066,WGS84,30,196984,135418,Lambert coordinates,EPSG:31370,Reynoutria,Plantae,genus,
Event,en,https://creativecommons.org/licenses/by/4.0/legalcode,POV,https://doi.org/10.15468/29cggt,POV,"Monitoring of invasive alien species by the Province East Flanders, Belgium",HumanObservation,casual observation,verified by experts,Exo_362,present,,,2020-01-28,BE,51.05637,4.06812,WGS84,30,194066,128922,Lambert coordinates,EPSG:31370,Reynoutria,Plantae,genus,
Event,en,https://creativecommons.org/licenses/by/4.0/legalcode,POV,https://doi.org/10.15468/29cggt,POV,"Monitoring of invasive alien species by the Province East Flanders, Belgium",HumanObservation,casual observation,verified by experts,Exo_363,present,,,2020-01-28,BE,51.03628,4.11506,WGS84,30,191819,132205,Lambert coordinates,EPSG:31370,Reynoutria,Plantae,genus,
Event,en,https://creativecommons.org/licenses/by/4.0/legalcode,POV,https://doi.org/10.15468/29cggt,POV,"Monitoring of invasive alien species by the Province East Flanders, Belgium",HumanObservation,casual observation,verified by experts,Exo_364,present,,,2020-01-28,BE,51.02982,3.66953,WGS84,30,191301,100948,Lambert coordinates,EPSG:31370,Reynoutria,Plantae,genus,
Event,en,https://creativecommons.org/licenses/by/4.0/legalcode,POV,https://doi.org/10.15468/29cggt,POV,"Monitoring of invasive alien species by the Province East Flanders, Belgium",HumanObservation,casual observation,verified by experts,Exo_365,present,,,2020-01-28,BE,51.11866,3.45715,WGS84,30,201344,86172,Lambert coordinates,EPSG:31370,Reynoutria,Plantae,genus,
Event,en,https://creativecommons.org/licenses/by/4.0/legalcode,POV,https://doi.org/10.15468/29cggt,POV,"Monitoring of invasive alien species by the Province East Flanders, Belgium",HumanObservation,casual observation,verified by experts,Exo_366,present,,,2020-01-28,BE,51.02704,3.77372,WGS84,30,190928,108255,Lambert coordinates,EPSG:31370,Reynoutria,Plantae,genus,
Event,en,https://creativecommons.org/licenses/by/4.0/legalcode,POV,https://doi.org/10.15468/29cggt,POV,"Monitoring of invasive alien species by the Province East Flanders, Belgium",HumanObservation,casual observation,verified by experts,Exo_367,present,,,2020-01-28,BE,51.02973,3.77918,WGS84,30,191224,108640,Lambert coordinates,EPSG:31370,Reynoutria,Plantae,genus,
Event,en,https://creativecommons.org/licenses/by/4.0/legalcode,POV,https://doi.org/10.15468/29cggt,POV,"Monitoring of invasive alien species by the Province East Flanders, Belgium",HumanObservation,casual observation,verified by experts,Exo_368,present,,,2020-01-28,BE,51.02985,3.78483,WGS84,30,191234,109037,Lambert coordinates,EPSG:31370,Reynoutria,Plantae,genus,
Event,en,https://creativecommons.org/licenses/by/4.0/legalcode,POV,https://doi.org/10.15468/29cggt,POV,"Monitoring of invasive alien species by the Province East Flanders, Belgium",HumanObservation,casual observation,verified by experts,Exo_369,present,,,2020-01-28,BE,51.02841,3.78337,WGS84,30,191075,108933,Lambert coordinates,EPSG:31370,Reynoutria,Plantae,genus,
Event,en,https://creativecommons.org/licenses/by/4.0/legalcode,POV,https://doi.org/10.15468/29cggt,POV,"Monitoring of invasive alien species by the Province East Flanders, Belgium",HumanObservation,casual observation,verified by experts,Exo_370,present,,,2020-01-28,BE,51.02849,3.78591,WGS84,30,191082,109111,Lambert coordinates,EPSG:31370,Reynoutria,Plantae,genus,
Event,en,https://creativecommons.org/licenses/by/4.0/legalcode,POV,https://doi.org/10.15468/29cggt,POV,"Monitoring of invasive alien species by the Province East Flanders, Belgium",HumanObservation,casual observation,verified by experts,Exo_371,present,,,2020-01-28,BE,51.02901,3.78763,WGS84,30,191139,109232,Lambert coordinates,EPSG:31370,Reynoutria,Plantae,genus,
Event,en,https://creativecommons.org/licenses/by/4.0/legalcode,POV,https://doi.org/10.15468/29cggt,POV,"Monitoring of invasive alien species by the Province East Flanders, Belgium",HumanObservation,casual observation,verified by experts,Exo_372,present,,,2020-01-28,BE,51.02836,3.78704,WGS84,30,191067,109191,Lambert coordinates,EPSG:31370,Reynoutria,Plantae,genus,
Event,en,https://creativecommons.org/licenses/by/4.0/legalcode,POV,https://doi.org/10.15468/29cggt,POV,"Monitoring of invasive alien species by the Province East Flanders, Belgium",HumanObservation,casual observation,verified by experts,Exo_373,present,,,2020-01-28,BE,50.99997,3.80847,WGS84,30,187897,110670,Lambert coordinates,EPSG:31370,Reynoutria,Plantae,genus,
Event,en,https://creativecommons.org/licenses/by/4.0/legalcode,POV,https://doi.org/10.15468/29cggt,POV,"Monitoring of invasive alien species by the Province East Flanders, Belgium",HumanObservation,casual observation,verified by experts,Exo_374,present,,,2020-01-28,BE,50.97994,3.80120,WGS84,30,185673,110143,Lambert coordinates,EPSG:31370,Reynoutria,Plantae,genus,
Event,en,https://creativecommons.org/licenses/by/4.0/legalcode,POV,https://doi.org/10.15468/29cggt,POV,"Monitoring of invasive alien species by the Province East Flanders, Belgium",HumanObservation,casual observation,verified by experts,Exo_375,present,,,2020-01-28,BE,50.98034,3.80160,WGS84,30,185718,110171,Lambert coordinates,EPSG:31370,Reynoutria,Plantae,genus,
Event,en,https://creativecommons.org/licenses/by/4.0/legalcode,POV,https://doi.org/10.15468/29cggt,POV,"Monitoring of invasive alien species by the Province East Flanders, Belgium",HumanObservation,casual observation,verified by experts,Exo_376,present,,,2020-01-28,BE,50.99985,3.95613,WGS84,30,187816,121035,Lambert coordinates,EPSG:31370,Reynoutria,Plantae,genus,
Event,en,https://creativecommons.org/licenses/by/4.0/legalcode,POV,https://doi.org/10.15468/29cggt,POV,"Monitoring of invasive alien species by the Province East Flanders, Belgium",HumanObservation,casual observation,verified by experts,Exo_377,present,,,2020-01-28,BE,50.99287,4.14549,WGS84,30,186983,134325,Lambert coordinates,EPSG:31370,Reynoutria,Plantae,genus,
Event,en,https://creativecommons.org/licenses/by/4.0/legalcode,POV,https://doi.org/10.15468/29cggt,POV,"Monitoring of invasive alien species by the Province East Flanders, Belgium",HumanObservation,casual observation,verified by experts,Exo_378,present,,,2020-01-28,BE,50.94391,4.08206,WGS84,30,181551,129851,Lambert coordinates,EPSG:31370,Reynoutria,Plantae,genus,
Event,en,https://creativecommons.org/licenses/by/4.0/legalcode,POV,https://doi.org/10.15468/29cggt,POV,"Monitoring of invasive alien species by the Province East Flanders, Belgium",HumanObservation,casual observation,verified by experts,Exo_379,present,,,2020-01-28,BE,50.94341,4.07227,WGS84,30,181499,129162,Lambert coordinates,EPSG:31370,Reynoutria,Plantae,genus,
Event,en,https://creativecommons.org/licenses/by/4.0/legalcode,POV,https://doi.org/10.15468/29cggt,POV,"Monitoring of invasive alien species by the Province East Flanders, Belgium",HumanObservation,casual observation,verified by experts,Exo_380,present,,,2020-01-28,BE,50.94265,4.06158,WGS84,30,181417,128411,Lambert coordinates,EPSG:31370,Reynoutria,Plantae,genus,
Event,en,https://creativecommons.org/licenses/by/4.0/legalcode,POV,https://doi.org/10.15468/29cggt,POV,"Monitoring of invasive alien species by the Province East Flanders, Belgium",HumanObservation,casual observation,verified by experts,Exo_381,present,,,2020-01-28,BE,50.94004,4.05592,WGS84,30,181128,128012,Lambert coordinates,EPSG:31370,Reynoutria,Plantae,genus,
Event,en,https://creativecommons.org/licenses/by/4.0/legalcode,POV,https://doi.org/10.15468/29cggt,POV,"Monitoring of invasive alien species by the Province East Flanders, Belgium",HumanObservation,casual observation,verified by experts,Exo_382,present,,,2020-01-28,BE,50.93812,4.05337,WGS84,30,180916,127832,Lambert coordinates,EPSG:31370,Reynoutria,Plantae,genus,
Event,en,https://creativecommons.org/licenses/by/4.0/legalcode,POV,https://doi.org/10.15468/29cggt,POV,"Monitoring of invasive alien species by the Province East Flanders, Belgium",HumanObservation,casual observation,verified by experts,Exo_383,present,,,2020-01-28,BE,50.93761,4.05090,WGS84,30,180860,127658,Lambert coordinates,EPSG:31370,Reynoutria,Plantae,genus,
Event,en,https://creativecommons.org/licenses/by/4.0/legalcode,POV,https://doi.org/10.15468/29cggt,POV,"Monitoring of invasive alien species by the Province East Flanders, Belgium",HumanObservation,casual observation,verified by experts,Exo_384,present,,,2020-01-28,BE,50.96160,4.02979,WGS84,30,183535,126186,Lambert coordinates,EPSG:31370,Reynoutria,Plantae,genus,
Event,en,https://creativecommons.org/licenses/by/4.0/legalcode,POV,https://doi.org/10.15468/29cggt,POV,"Monitoring of invasive alien species by the Province East Flanders, Belgium",HumanObservation,casual observation,verified by experts,Exo_385,present,,,2020-01-28,BE,50.96046,4.02766,WGS84,30,183408,126036,Lambert coordinates,EPSG:31370,Reynoutria,Plantae,genus,
Event,en,https://creativecommons.org/licenses/by/4.0/legalcode,POV,https://doi.org/10.15468/29cggt,POV,"Monitoring of invasive alien species by the Province East Flanders, Belgium",HumanObservation,casual observation,verified by experts,Exo_386,present,,,2020-01-28,BE,50.95953,4.02877,WGS84,30,183305,126113,Lambert coordinates,EPSG:31370,Reynoutria,Plantae,genus,
Event,en,https://creativecommons.org/licenses/by/4.0/legalcode,POV,https://doi.org/10.15468/29cggt,POV,"Monitoring of invasive alien species by the Province East Flanders, Belgium",HumanObservation,casual observation,verified by experts,Exo_387,present,,,2020-01-28,BE,50.96089,4.02379,WGS84,30,183458,125764,Lambert coordinates,EPSG:31370,Reynoutria,Plantae,genus,
Event,en,https://creativecommons.org/licenses/by/4.0/legalcode,POV,https://doi.org/10.15468/29cggt,POV,"Monitoring of invasive alien species by the Province East Flanders, Belgium",HumanObservation,casual observation,verified by experts,Exo_388,present,,,2020-01-28,BE,50.92685,4.01917,WGS84,30,179673,125422,Lambert coordinates,EPSG:31370,Reynoutria,Plantae,genus,
Event,en,https://creativecommons.org/licenses/by/4.0/legalcode,POV,https://doi.org/10.15468/29cggt,POV,"Monitoring of invasive alien species by the Province East Flanders, Belgium",HumanObservation,casual observation,verified by experts,Exo_389,present,,,2020-01-28,BE,50.95965,4.02881,WGS84,30,183319,126116,Lambert coordinates,EPSG:31370,Reynoutria,Plantae,genus,
Event,en,https://creativecommons.org/licenses/by/4.0/legalcode,POV,https://doi.org/10.15468/29cggt,POV,"Monitoring of invasive alien species by the Province East Flanders, Belgium",HumanObservation,casual observation,verified by experts,Exo_390,present,,,2020-01-28,BE,50.94096,3.94128,WGS84,30,181271,119955,Lambert coordinates,EPSG:31370,Reynoutria,Plantae,genus,
Event,en,https://creativecommons.org/licenses/by/4.0/legalcode,POV,https://doi.org/10.15468/29cggt,POV,"Monitoring of invasive alien species by the Province East Flanders, Belgium",HumanObservation,casual observation,verified by experts,Exo_391,present,,,2020-01-28,BE,50.91855,3.95814,WGS84,30,178771,121126,Lambert coordinates,EPSG:31370,Reynoutria,Plantae,genus,
Event,en,https://creativecommons.org/licenses/by/4.0/legalcode,POV,https://doi.org/10.15468/29cggt,POV,"Monitoring of invasive alien species by the Province East Flanders, Belgium",HumanObservation,casual observation,verified by experts,Exo_392,present,,,2020-01-28,BE,50.91336,3.92170,WGS84,30,178209,118560,Lambert coordinates,EPSG:31370,Reynoutria,Plantae,genus,
Event,en,https://creativecommons.org/licenses/by/4.0/legalcode,POV,https://doi.org/10.15468/29cggt,POV,"Monitoring of invasive alien species by the Province East Flanders, Belgium",HumanObservation,casual observation,verified by experts,Exo_393,present,,,2020-01-28,BE,50.95345,3.78140,WGS84,30,182737,108729,Lambert coordinates,EPSG:31370,Reynoutria,Plantae,genus,
Event,en,https://creativecommons.org/licenses/by/4.0/legalcode,POV,https://doi.org/10.15468/29cggt,POV,"Monitoring of invasive alien species by the Province East Flanders, Belgium",HumanObservation,casual observation,verified by experts,Exo_394,present,,,2020-01-28,BE,50.95368,3.78169,WGS84,30,182763,108750,Lambert coordinates,EPSG:31370,Reynoutria,Plantae,genus,
Event,en,https://creativecommons.org/licenses/by/4.0/legalcode,POV,https://doi.org/10.15468/29cggt,POV,"Monitoring of invasive alien species by the Province East Flanders, Belgium",HumanObservation,casual observation,verified by experts,Exo_395,present,,,2020-01-28,BE,50.94931,3.77218,WGS84,30,182282,108078,Lambert coordinates,EPSG:31370,Reynoutria,Plantae,genus,
Event,en,https://creativecommons.org/licenses/by/4.0/legalcode,POV,https://doi.org/10.15468/29cggt,POV,"Monitoring of invasive alien species by the Province East Flanders, Belgium",HumanObservation,casual observation,verified by experts,Exo_396,present,,,2020-01-28,BE,50.98045,3.72281,WGS84,30,185775,104638,Lambert coordinates,EPSG:31370,Reynoutria,Plantae,genus,
Event,en,https://creativecommons.org/licenses/by/4.0/legalcode,POV,https://doi.org/10.15468/29cggt,POV,"Monitoring of invasive alien species by the Province East Flanders, Belgium",HumanObservation,casual observation,verified by experts,Exo_397,present,,,2020-01-28,BE,50.97809,3.72158,WGS84,30,185513,104549,Lambert coordinates,EPSG:31370,Reynoutria,Plantae,genus,
Event,en,https://creativecommons.org/licenses/by/4.0/legalcode,POV,https://doi.org/10.15468/29cggt,POV,"Monitoring of invasive alien species by the Province East Flanders, Belgium",HumanObservation,casual observation,verified by experts,Exo_398,present,,,2020-01-28,BE,50.98682,3.71820,WGS84,30,186486,104321,Lambert coordinates,EPSG:31370,Reynoutria,Plantae,genus,
Event,en,https://creativecommons.org/licenses/by/4.0/legalcode,POV,https://doi.org/10.15468/29cggt,POV,"Monitoring of invasive alien species by the Province East Flanders, Belgium",HumanObservation,casual observation,verified by experts,Exo_399,present,,,2020-01-28,BE,50.95743,3.59578,WGS84,30,183300,95692,Lambert coordinates,EPSG:31370,Reynoutria,Plantae,genus,
Event,en,https://creativecommons.org/licenses/by/4.0/legalcode,POV,https://doi.org/10.15468/29cggt,POV,"Monitoring of invasive alien species by the Province East Flanders, Belgium",HumanObservation,casual observation,verified by experts,Exo_400,present,,,2020-01-28,BE,50.95740,3.59711,WGS84,30,183295,95784,Lambert coordinates,EPSG:31370,Reynoutria,Plantae,genus,
Event,en,https://creativecommons.org/licenses/by/4.0/legalcode,POV,https://doi.org/10.15468/29cggt,POV,"Monitoring of invasive alien species by the Province East Flanders, Belgium",HumanObservation,casual observation,verified by experts,Exo_401,present,,,2020-01-28,BE,50.99302,3.49025,WGS84,30,187340,88324,Lambert coordinates,EPSG:31370,Reynoutria,Plantae,genus,
Event,en,https://creativecommons.org/licenses/by/4.0/legalcode,POV,https://doi.org/10.15468/29cggt,POV,"Monitoring of invasive alien species by the Province East Flanders, Belgium",HumanObservation,casual observation,verified by experts,Exo_402,present,,,2020-01-28,BE,50.98823,3.53865,WGS84,30,186768,91716,Lambert coordinates,EPSG:31370,Reynoutria,Plantae,genus,
Event,en,https://creativecommons.org/licenses/by/4.0/legalcode,POV,https://doi.org/10.15468/29cggt,POV,"Monitoring of invasive alien species by the Province East Flanders, Belgium",HumanObservation,casual observation,verified by experts,Exo_403,present,,,2020-01-28,BE,50.98887,3.53983,WGS84,30,186839,91799,Lambert coordinates,EPSG:31370,Reynoutria,Plantae,genus,
Event,en,https://creativecommons.org/licenses/by/4.0/legalcode,POV,https://doi.org/10.15468/29cggt,POV,"Monitoring of invasive alien species by the Province East Flanders, Belgium",HumanObservation,casual observation,verified by experts,Exo_404,present,,,2020-01-28,BE,50.92711,3.69983,WGS84,30,179856,102972,Lambert coordinates,EPSG:31370,Reynoutria,Plantae,genus,
Event,en,https://creativecommons.org/licenses/by/4.0/legalcode,POV,https://doi.org/10.15468/29cggt,POV,"Monitoring of invasive alien species by the Province East Flanders, Belgium",HumanObservation,casual observation,verified by experts,Exo_405,present,,,2020-01-28,BE,50.88753,3.76950,WGS84,30,175411,107834,Lambert coordinates,EPSG:31370,Reynoutria,Plantae,genus,
Event,en,https://creativecommons.org/licenses/by/4.0/legalcode,POV,https://doi.org/10.15468/29cggt,POV,"Monitoring of invasive alien species by the Province East Flanders, Belgium",HumanObservation,casual observation,verified by experts,Exo_406,present,,,2020-01-28,BE,50.87506,3.80247,WGS84,30,174006,110143,Lambert coordinates,EPSG:31370,Reynoutria,Plantae,genus,
Event,en,https://creativecommons.org/licenses/by/4.0/legalcode,POV,https://doi.org/10.15468/29cggt,POV,"Monitoring of invasive alien species by the Province East Flanders, Belgium",HumanObservation,casual observation,verified by experts,Exo_407,present,,,2020-01-28,BE,50.89327,3.68482,WGS84,30,176101,101881,Lambert coordinates,EPSG:31370,Reynoutria,Plantae,genus,
Event,en,https://creativecommons.org/licenses/by/4.0/legalcode,POV,https://doi.org/10.15468/29cggt,POV,"Monitoring of invasive alien species by the Province East Flanders, Belgium",HumanObservation,casual observation,verified by experts,Exo_408,present,,,2020-01-28,BE,50.88494,3.68744,WGS84,30,175172,102057,Lambert coordinates,EPSG:31370,Reynoutria,Plantae,genus,
Event,en,https://creativecommons.org/licenses/by/4.0/legalcode,POV,https://doi.org/10.15468/29cggt,POV,"Monitoring of invasive alien species by the Province East Flanders, Belgium",HumanObservation,casual observation,verified by experts,Exo_409,present,,,2020-01-28,BE,50.89246,3.48269,WGS84,30,176160,87660,Lambert coordinates,EPSG:31370,Reynoutria,Plantae,genus,
Event,en,https://creativecommons.org/licenses/by/4.0/legalcode,POV,https://doi.org/10.15468/29cggt,POV,"Monitoring of invasive alien species by the Province East Flanders, Belgium",HumanObservation,casual observation,verified by experts,Exo_410,present,,,2020-01-28,BE,50.89195,3.48190,WGS84,30,176105,87604,Lambert coordinates,EPSG:31370,Reynoutria,Plantae,genus,
Event,en,https://creativecommons.org/licenses/by/4.0/legalcode,POV,https://doi.org/10.15468/29cggt,POV,"Monitoring of invasive alien species by the Province East Flanders, Belgium",HumanObservation,casual observation,verified by experts,Exo_411,present,,,2020-01-28,BE,50.82244,3.51678,WGS84,30,168345,89969,Lambert coordinates,EPSG:31370,Reynoutria,Plantae,genus,
Event,en,https://creativecommons.org/licenses/by/4.0/legalcode,POV,https://doi.org/10.15468/29cggt,POV,"Monitoring of invasive alien species by the Province East Flanders, Belgium",HumanObservation,casual observation,verified by experts,Exo_412,present,,,2020-01-28,BE,50.82096,3.52618,WGS84,30,168172,90630,Lambert coordinates,EPSG:31370,Reynoutria,Plantae,genus,
Event,en,https://creativecommons.org/licenses/by/4.0/legalcode,POV,https://doi.org/10.15468/29cggt,POV,"Monitoring of invasive alien species by the Province East Flanders, Belgium",HumanObservation,casual observation,verified by experts,Exo_413,present,,,2020-01-28,BE,50.81260,3.62774,WGS84,30,167166,97776,Lambert coordinates,EPSG:31370,Reynoutria,Plantae,genus,
Event,en,https://creativecommons.org/licenses/by/4.0/legalcode,POV,https://doi.org/10.15468/29cggt,POV,"Monitoring of invasive alien species by the Province East Flanders, Belgium",HumanObservation,casual observation,verified by experts,Exo_414,present,,,2020-01-28,BE,50.81294,3.62780,WGS84,30,167204,97781,Lambert coordinates,EPSG:31370,Reynoutria,Plantae,genus,
Event,en,https://creativecommons.org/licenses/by/4.0/legalcode,POV,https://doi.org/10.15468/29cggt,POV,"Monitoring of invasive alien species by the Province East Flanders, Belgium",HumanObservation,casual observation,verified by experts,Exo_415,present,,,2020-01-28,BE,50.76623,3.85055,WGS84,30,161875,113443,Lambert coordinates,EPSG:31370,Reynoutria,Plantae,genus,
Event,en,https://creativecommons.org/licenses/by/4.0/legalcode,POV,https://doi.org/10.15468/29cggt,POV,"Monitoring of invasive alien species by the Province East Flanders, Belgium",HumanObservation,casual observation,verified by experts,Exo_416,present,,,2020-01-28,BE,50.79258,3.86142,WGS84,30,164801,114229,Lambert coordinates,EPSG:31370,Reynoutria,Plantae,genus,
Event,en,https://creativecommons.org/licenses/by/4.0/legalcode,POV,https://doi.org/10.15468/29cggt,POV,"Monitoring of invasive alien species by the Province East Flanders, Belgium",HumanObservation,casual observation,verified by experts,Exo_417,present,,,2020-01-28,BE,50.75478,3.62990,WGS84,30,160733,97864,Lambert coordinates,EPSG:31370,Reynoutria,Plantae,genus,
Event,en,https://creativecommons.org/licenses/by/4.0/legalcode,POV,https://doi.org/10.15468/29cggt,POV,"Monitoring of invasive alien species by the Province East Flanders, Belgium",HumanObservation,casual observation,verified by experts,Exo_418,present,,,2020-01-28,BE,50.85971,3.96025,WGS84,30,172225,121238,Lambert coordinates,EPSG:31370,Reynoutria,Plantae,genus,
Event,en,https://creativecommons.org/licenses/by/4.0/legalcode,POV,https://doi.org/10.15468/29cggt,POV,"Monitoring of invasive alien species by the Province East Flanders, Belgium",HumanObservation,casual observation,verified by experts,Exo_419,present,,,2020-01-28,BE,51.21181,3.44525,WGS84,30,211718,85467,Lambert coordinates,EPSG:31370,Reynoutria,Plantae,genus,
Event,en,https://creativecommons.org/licenses/by/4.0/legalcode,POV,https://doi.org/10.15468/29cggt,POV,"Monitoring of invasive alien species by the Province East Flanders, Belgium",HumanObservation,casual observation,verified by experts,Exo_420,present,,,2020-01-28,BE,51.21801,4.08706,WGS84,30,212043,130318,Lambert coordinates,EPSG:31370,Reynoutria,Plantae,genus,
Event,en,https://creativecommons.org/licenses/by/4.0/legalcode,POV,https://doi.org/10.15468/29cggt,POV,"Monitoring of invasive alien species by the Province East Flanders, Belgium",HumanObservation,casual observation,verified by experts,Exo_421,present,,,2020-01-28,BE,50.95601,3.89369,WGS84,30,182965,116620,Lambert coordinates,EPSG:31370,Reynoutria,Plantae,genus,
Event,en,https://creativecommons.org/licenses/by/4.0/legalcode,POV,https://doi.org/10.15468/29cggt,POV,"Monitoring of invasive alien species by the Province East Flanders, Belgium",HumanObservation,casual observation,verified by experts,Exo_422,present,,,2020-01-28,BE,50.90025,3.56050,WGS84,30,176965,93144,Lambert coordinates,EPSG:31370,Reynoutria,Plantae,genus,
Event,en,https://creativecommons.org/licenses/by/4.0/legalcode,POV,https://doi.org/10.15468/29cggt,POV,"Monitoring of invasive alien species by the Province East Flanders, Belgium",HumanObservation,casual observation,verified by experts,Exo_423,present,,,2020-01-28,BE,51.12824,3.42881,WGS84,30,202435,84201,Lambert coordinates,EPSG:31370,Reynoutria,Plantae,genus,
Event,en,https://creativecommons.org/licenses/by/4.0/legalcode,POV,https://doi.org/10.15468/29cggt,POV,"Monitoring of invasive alien species by the Province East Flanders, Belgium",HumanObservation,casual observation,verified by experts,Exo_424,present,,,2020-01-28,BE,51.21839,4.20391,WGS84,30,212062,138482,Lambert coordinates,EPSG:31370,Reynoutria,Plantae,genus,
Event,en,https://creativecommons.org/licenses/by/4.0/legalcode,POV,https://doi.org/10.15468/29cggt,POV,"Monitoring of invasive alien species by the Province East Flanders, Belgium",HumanObservation,casual observation,verified by experts,Exo_425,present,,,2020-01-28,BE,51.01270,3.90813,WGS84,30,189265,117674,Lambert coordinates,EPSG:31370,Reynoutria,Plantae,genus,
Event,en,https://creativecommons.org/licenses/by/4.0/legalcode,POV,https://doi.org/10.15468/29cggt,POV,"Monitoring of invasive alien species by the Province East Flanders, Belgium",HumanObservation,casual observation,verified by experts,Exo_426,present,,,2020-01-28,BE,50.97769,3.79281,WGS84,30,185427,109552,Lambert coordinates,EPSG:31370,Reynoutria,Plantae,genus,
Event,en,https://creativecommons.org/licenses/by/4.0/legalcode,POV,https://doi.org/10.15468/29cggt,POV,"Monitoring of invasive alien species by the Province East Flanders, Belgium",HumanObservation,casual observation,verified by experts,Exo_427,present,,,2020-01-28,BE,50.94190,3.72633,WGS84,30,181485,104848,Lambert coordinates,EPSG:31370,Reynoutria,Plantae,genus,
Event,en,https://creativecommons.org/licenses/by/4.0/legalcode,POV,https://doi.org/10.15468/29cggt,POV,"Monitoring of invasive alien species by the Province East Flanders, Belgium",HumanObservation,casual observation,verified by experts,Exo_428,present,,,2020-01-28,BE,50.95481,3.68145,WGS84,30,182948,101708,Lambert coordinates,EPSG:31370,Reynoutria,Plantae,genus,
Event,en,https://creativecommons.org/licenses/by/4.0/legalcode,POV,https://doi.org/10.15468/29cggt,POV,"Monitoring of invasive alien species by the Province East Flanders, Belgium",HumanObservation,casual observation,verified by experts,Exo_429,present,,,2020-01-28,BE,50.95478,3.68195,WGS84,30,182944,101742,Lambert coordinates,EPSG:31370,Reynoutria,Plantae,genus,
Event,en,https://creativecommons.org/licenses/by/4.0/legalcode,POV,https://doi.org/10.15468/29cggt,POV,"Monitoring of invasive alien species by the Province East Flanders, Belgium",HumanObservation,casual observation,verified by experts,Exo_430,present,,,2020-01-28,BE,50.95467,3.68200,WGS84,30,182932,101746,Lambert coordinates,EPSG:31370,Reynoutria,Plantae,genus,
Event,en,https://creativecommons.org/licenses/by/4.0/legalcode,POV,https://doi.org/10.15468/29cggt,POV,"Monitoring of invasive alien species by the Province East Flanders, Belgium",HumanObservation,casual observation,verified by experts,Exo_431,present,,,2016-04-14,BE,50.84476,3.80170,WGS84,30,170635,110063,Lambert coordinates,EPSG:31370,Myriophyllum aquaticum,Plantae,species,parelvederkruid
Event,en,https://creativecommons.org/licenses/by/4.0/legalcode,POV,https://doi.org/10.15468/29cggt,POV,"Monitoring of invasive alien species by the Province East Flanders, Belgium",HumanObservation,casual observation,verified by experts,Exo_432,present,,,2015-06-03,BE,51.03146,3.66934,WGS84,30,191483,100937,Lambert coordinates,EPSG:31370,Heracleum mantegazzianum,Plantae,species,reuzenberenklauw
Event,en,https://creativecommons.org/licenses/by/4.0/legalcode,POV,https://doi.org/10.15468/29cggt,POV,"Monitoring of invasive alien species by the Province East Flanders, Belgium",HumanObservation,casual observation,verified by experts,Exo_433,present,,,2018-05-17,BE,51.02743,3.66649,WGS84,30,191036,100733,Lambert coordinates,EPSG:31370,Heracleum mantegazzianum,Plantae,species,reuzenberenklauw
Event,en,https://creativecommons.org/licenses/by/4.0/legalcode,POV,https://doi.org/10.15468/29cggt,POV,"Monitoring of invasive alien species by the Province East Flanders, Belgium",HumanObservation,casual observation,verified by experts,Exo_435,present,,,2017-07-13,BE,50.99925,3.81719,WGS84,30,187813,111281,Lambert coordinates,EPSG:31370,Heracleum mantegazzianum,Plantae,species,reuzenberenklauw
Event,en,https://creativecommons.org/licenses/by/4.0/legalcode,POV,https://doi.org/10.15468/29cggt,POV,"Monitoring of invasive alien species by the Province East Flanders, Belgium",HumanObservation,casual observation,verified by experts,Exo_436,present,,,2017-07-06,BE,50.99987,3.81475,WGS84,30,187882,111111,Lambert coordinates,EPSG:31370,Heracleum mantegazzianum,Plantae,species,reuzenberenklauw
Event,en,https://creativecommons.org/licenses/by/4.0/legalcode,POV,https://doi.org/10.15468/29cggt,POV,"Monitoring of invasive alien species by the Province East Flanders, Belgium",HumanObservation,casual observation,verified by experts,Exo_437,present,,,2017-07-06,BE,51.00019,3.81358,WGS84,30,187919,111029,Lambert coordinates,EPSG:31370,Heracleum mantegazzianum,Plantae,species,reuzenberenklauw
Event,en,https://creativecommons.org/licenses/by/4.0/legalcode,POV,https://doi.org/10.15468/29cggt,POV,"Monitoring of invasive alien species by the Province East Flanders, Belgium",HumanObservation,casual observation,verified by experts,Exo_438,present,,,2017-07-06,BE,51.00065,3.81213,WGS84,30,187971,110928,Lambert coordinates,EPSG:31370,Heracleum mantegazzianum,Plantae,species,reuzenberenklauw
Event,en,https://creativecommons.org/licenses/by/4.0/legalcode,POV,https://doi.org/10.15468/29cggt,POV,"Monitoring of invasive alien species by the Province East Flanders, Belgium",HumanObservation,casual observation,verified by experts,Exo_439,present,,,2017-07-06,BE,51.00104,3.81081,WGS84,30,188015,110835,Lambert coordinates,EPSG:31370,Heracleum mantegazzianum,Plantae,species,reuzenberenklauw
Event,en,https://creativecommons.org/licenses/by/4.0/legalcode,POV,https://doi.org/10.15468/29cggt,POV,"Monitoring of invasive alien species by the Province East Flanders, Belgium",HumanObservation,casual observation,verified by experts,Exo_440,present,,,2020-01-28,BE,51.00127,3.81006,WGS84,30,188041,110783,Lambert coordinates,EPSG:31370,Reynoutria,Plantae,genus,
Event,en,https://creativecommons.org/licenses/by/4.0/legalcode,POV,https://doi.org/10.15468/29cggt,POV,"Monitoring of invasive alien species by the Province East Flanders, Belgium",HumanObservation,casual observation,verified by experts,Exo_441,present,,,2020-01-28,BE,51.00089,3.80986,WGS84,30,187999,110769,Lambert coordinates,EPSG:31370,Reynoutria,Plantae,genus,
Event,en,https://creativecommons.org/licenses/by/4.0/legalcode,POV,https://doi.org/10.15468/29cggt,POV,"Monitoring of invasive alien species by the Province East Flanders, Belgium",HumanObservation,casual observation,verified by experts,Exo_442,present,,,2020-01-28,BE,51.00094,3.80961,WGS84,30,188005,110751,Lambert coordinates,EPSG:31370,Reynoutria,Plantae,genus,
Event,en,https://creativecommons.org/licenses/by/4.0/legalcode,POV,https://doi.org/10.15468/29cggt,POV,"Monitoring of invasive alien species by the Province East Flanders, Belgium",HumanObservation,casual observation,verified by experts,Exo_443,present,,,2020-01-28,BE,50.99872,3.80614,WGS84,30,187759,110505,Lambert coordinates,EPSG:31370,Reynoutria,Plantae,genus,
Event,en,https://creativecommons.org/licenses/by/4.0/legalcode,POV,https://doi.org/10.15468/29cggt,POV,"Monitoring of invasive alien species by the Province East Flanders, Belgium",HumanObservation,casual observation,verified by experts,Exo_444,present,,,2020-01-28,BE,50.99771,3.80535,WGS84,30,187647,110449,Lambert coordinates,EPSG:31370,Reynoutria,Plantae,genus,
Event,en,https://creativecommons.org/licenses/by/4.0/legalcode,POV,https://doi.org/10.15468/29cggt,POV,"Monitoring of invasive alien species by the Province East Flanders, Belgium",HumanObservation,casual observation,verified by experts,Exo_445,present,,,2020-01-28,BE,50.69535,2.86310,WGS84,30,154940,43629,Lambert coordinates,EPSG:31370,Hydrocotyle ranunculoides,Plantae,species,grote waternavel
Event,en,https://creativecommons.org/licenses/by/4.0/legalcode,POV,https://doi.org/10.15468/29cggt,POV,"Monitoring of invasive alien species by the Province East Flanders, Belgium",HumanObservation,casual observation,verified by experts,Exo_447,present,,,2020-02-07,BE,51.24465,4.27449,WGS84,30,214975,143417,Lambert coordinates,EPSG:31370,Lithobates catesbeianus,Animalia,species,Amerikaanse stierkikker
Event,en,https://creativecommons.org/licenses/by/4.0/legalcode,POV,https://doi.org/10.15468/29cggt,POV,"Monitoring of invasive alien species by the Province East Flanders, Belgium",HumanObservation,casual observation,verified by experts,Exo_448,present,2,coverage in m²,2015-01-01,BE,51.13689,3.50747,WGS84,30,203331,89719,Lambert coordinates,EPSG:31370,Reynoutria,Plantae,genus,
Event,en,https://creativecommons.org/licenses/by/4.0/legalcode,POV,https://doi.org/10.15468/29cggt,POV,"Monitoring of invasive alien species by the Province East Flanders, Belgium",HumanObservation,casual observation,verified by experts,Exo_449,present,3,coverage in m²,2015-01-01,BE,51.13310,3.51100,WGS84,30,202906,89960,Lambert coordinates,EPSG:31370,Reynoutria,Plantae,genus,
Event,en,https://creativecommons.org/licenses/by/4.0/legalcode,POV,https://doi.org/10.15468/29cggt,POV,"Monitoring of invasive alien species by the Province East Flanders, Belgium",HumanObservation,casual observation,verified by experts,Exo_450,present,1,coverage in m²,2015-01-01,BE,51.13920,3.50532,WGS84,30,203589,89571,Lambert coordinates,EPSG:31370,Prunus serotina,Plantae,species,Amerikaanse vogelkers
Event,en,https://creativecommons.org/licenses/by/4.0/legalcode,POV,https://doi.org/10.15468/29cggt,POV,"Monitoring of invasive alien species by the Province East Flanders, Belgium",HumanObservation,casual observation,verified by experts,Exo_451,present,2,coverage in m²,2015-01-01,BE,51.14646,3.46173,WGS84,30,204434,86530,Lambert coordinates,EPSG:31370,Reynoutria,Plantae,genus,
Event,en,https://creativecommons.org/licenses/by/4.0/legalcode,POV,https://doi.org/10.15468/29cggt,POV,"Monitoring of invasive alien species by the Province East Flanders, Belgium",HumanObservation,casual observation,verified by experts,Exo_452,present,1,coverage in m²,2015-01-01,BE,51.14927,3.45096,WGS84,30,204755,85780,Lambert coordinates,EPSG:31370,Heracleum mantegazzianum,Plantae,species,reuzenberenklauw
Event,en,https://creativecommons.org/licenses/by/4.0/legalcode,POV,https://doi.org/10.15468/29cggt,POV,"Monitoring of invasive alien species by the Province East Flanders, Belgium",HumanObservation,casual observation,verified by experts,Exo_453,present,1,coverage in m²,2015-01-01,BE,51.14140,3.44045,WGS84,30,203889,85035,Lambert coordinates,EPSG:31370,Heracleum mantegazzianum,Plantae,species,reuzenberenklauw
Event,en,https://creativecommons.org/licenses/by/4.0/legalcode,POV,https://doi.org/10.15468/29cggt,POV,"Monitoring of invasive alien species by the Province East Flanders, Belgium",HumanObservation,casual observation,verified by experts,Exo_455,present,2,coverage in m²,2015-01-01,BE,51.14318,3.49036,WGS84,30,204045,88530,Lambert coordinates,EPSG:31370,Prunus serotina,Plantae,species,Amerikaanse vogelkers
Event,en,https://creativecommons.org/licenses/by/4.0/legalcode,POV,https://doi.org/10.15468/29cggt,POV,"Monitoring of invasive alien species by the Province East Flanders, Belgium",HumanObservation,casual observation,verified by experts,Exo_456,present,5,coverage in m²,2015-01-01,BE,51.14325,3.48951,WGS84,30,204053,88470,Lambert coordinates,EPSG:31370,Prunus serotina,Plantae,species,Amerikaanse vogelkers
Event,en,https://creativecommons.org/licenses/by/4.0/legalcode,POV,https://doi.org/10.15468/29cggt,POV,"Monitoring of invasive alien species by the Province East Flanders, Belgium",HumanObservation,casual observation,verified by experts,Exo_457,present,10,coverage in m²,2015-01-01,BE,51.13294,3.50577,WGS84,30,202892,89594,Lambert coordinates,EPSG:31370,Reynoutria,Plantae,genus,
Event,en,https://creativecommons.org/licenses/by/4.0/legalcode,POV,https://doi.org/10.15468/29cggt,POV,"Monitoring of invasive alien species by the Province East Flanders, Belgium",HumanObservation,casual observation,verified by experts,Exo_458,present,2,coverage in m²,2015-01-01,BE,51.13464,3.46585,WGS84,30,203115,86802,Lambert coordinates,EPSG:31370,Reynoutria,Plantae,genus,
Event,en,https://creativecommons.org/licenses/by/4.0/legalcode,POV,https://doi.org/10.15468/29cggt,POV,"Monitoring of invasive alien species by the Province East Flanders, Belgium",HumanObservation,casual observation,verified by experts,Exo_459,present,5,coverage in m²,2015-01-01,BE,51.15033,3.41788,WGS84,30,204902,83468,Lambert coordinates,EPSG:31370,Reynoutria,Plantae,genus,
Event,en,https://creativecommons.org/licenses/by/4.0/legalcode,POV,https://doi.org/10.15468/29cggt,POV,"Monitoring of invasive alien species by the Province East Flanders, Belgium",HumanObservation,casual observation,verified by experts,Exo_460,present,5,coverage in m²,2015-01-01,BE,51.14986,3.41766,WGS84,30,204850,83452,Lambert coordinates,EPSG:31370,Reynoutria,Plantae,genus,
Event,en,https://creativecommons.org/licenses/by/4.0/legalcode,POV,https://doi.org/10.15468/29cggt,POV,"Monitoring of invasive alien species by the Province East Flanders, Belgium",HumanObservation,casual observation,verified by experts,Exo_461,present,1,coverage in m²,2015-01-01,BE,51.11863,3.48303,WGS84,30,201320,87984,Lambert coordinates,EPSG:31370,Heracleum mantegazzianum,Plantae,species,reuzenberenklauw
Event,en,https://creativecommons.org/licenses/by/4.0/legalcode,POV,https://doi.org/10.15468/29cggt,POV,"Monitoring of invasive alien species by the Province East Flanders, Belgium",HumanObservation,casual observation,verified by experts,Exo_462,present,1,coverage in m²,2015-01-01,BE,51.11231,3.47552,WGS84,30,200623,87450,Lambert coordinates,EPSG:31370,Rosa rugosa,Plantae,species,rimpelroos
Event,en,https://creativecommons.org/licenses/by/4.0/legalcode,POV,https://doi.org/10.15468/29cggt,POV,"Monitoring of invasive alien species by the Province East Flanders, Belgium",HumanObservation,casual observation,verified by experts,Exo_463,present,2,coverage in m²,2015-01-01,BE,51.11198,3.47496,WGS84,30,200587,87410,Lambert coordinates,EPSG:31370,Reynoutria,Plantae,genus,
Event,en,https://creativecommons.org/licenses/by/4.0/legalcode,POV,https://doi.org/10.15468/29cggt,POV,"Monitoring of invasive alien species by the Province East Flanders, Belgium",HumanObservation,casual observation,verified by experts,Exo_464,present,2,coverage in m²,2015-01-01,BE,51.12965,3.44467,WGS84,30,202578,85313,Lambert coordinates,EPSG:31370,Rosa rugosa,Plantae,species,rimpelroos
Event,en,https://creativecommons.org/licenses/by/4.0/legalcode,POV,https://doi.org/10.15468/29cggt,POV,"Monitoring of invasive alien species by the Province East Flanders, Belgium",HumanObservation,casual observation,verified by experts,Exo_465,present,1,coverage in m²,2015-01-01,BE,51.12957,3.44486,WGS84,30,202568,85326,Lambert coordinates,EPSG:31370,Rosa rugosa,Plantae,species,rimpelroos
Event,en,https://creativecommons.org/licenses/by/4.0/legalcode,POV,https://doi.org/10.15468/29cggt,POV,"Monitoring of invasive alien species by the Province East Flanders, Belgium",HumanObservation,casual observation,verified by experts,Exo_466,present,50,coverage in m²,2015-01-01,BE,51.12826,3.42884,WGS84,30,202438,84203,Lambert coordinates,EPSG:31370,Reynoutria,Plantae,genus,
Event,en,https://creativecommons.org/licenses/by/4.0/legalcode,POV,https://doi.org/10.15468/29cggt,POV,"Monitoring of invasive alien species by the Province East Flanders, Belgium",HumanObservation,casual observation,verified by experts,Exo_467,present,5,coverage in m²,2015-01-01,BE,51.12914,3.42821,WGS84,30,202535,84161,Lambert coordinates,EPSG:31370,Reynoutria,Plantae,genus,
Event,en,https://creativecommons.org/licenses/by/4.0/legalcode,POV,https://doi.org/10.15468/29cggt,POV,"Monitoring of invasive alien species by the Province East Flanders, Belgium",HumanObservation,casual observation,verified by experts,Exo_468,present,2,coverage in m²,2015-01-01,BE,51.12511,3.39090,WGS84,30,202121,81543,Lambert coordinates,EPSG:31370,Rosa rugosa,Plantae,species,rimpelroos
Event,en,https://creativecommons.org/licenses/by/4.0/legalcode,POV,https://doi.org/10.15468/29cggt,POV,"Monitoring of invasive alien species by the Province East Flanders, Belgium",HumanObservation,casual observation,verified by experts,Exo_469,present,50,coverage in m²,2015-01-01,BE,51.12543,3.39237,WGS84,30,202156,81647,Lambert coordinates,EPSG:31370,Rosa rugosa,Plantae,species,rimpelroos
Event,en,https://creativecommons.org/licenses/by/4.0/legalcode,POV,https://doi.org/10.15468/29cggt,POV,"Monitoring of invasive alien species by the Province East Flanders, Belgium",HumanObservation,casual observation,verified by experts,Exo_470,present,2,coverage in m²,2015-01-01,BE,51.12584,3.38800,WGS84,30,202205,81341,Lambert coordinates,EPSG:31370,Rosa rugosa,Plantae,species,rimpelroos
Event,en,https://creativecommons.org/licenses/by/4.0/legalcode,POV,https://doi.org/10.15468/29cggt,POV,"Monitoring of invasive alien species by the Province East Flanders, Belgium",HumanObservation,casual observation,verified by experts,Exo_471,present,15,coverage in m²,2015-01-01,BE,51.13540,3.46310,WGS84,30,203201,86611,Lambert coordinates,EPSG:31370,Reynoutria,Plantae,genus,
Event,en,https://creativecommons.org/licenses/by/4.0/legalcode,POV,https://doi.org/10.15468/29cggt,POV,"Monitoring of invasive alien species by the Province East Flanders, Belgium",HumanObservation,casual observation,verified by experts,Exo_472,present,1,coverage in m²,2015-01-01,BE,51.14808,3.45060,WGS84,30,204623,85754,Lambert coordinates,EPSG:31370,Prunus serotina,Plantae,species,Amerikaanse vogelkers
Event,en,https://creativecommons.org/licenses/by/4.0/legalcode,POV,https://doi.org/10.15468/29cggt,POV,"Monitoring of invasive alien species by the Province East Flanders, Belgium",HumanObservation,casual observation,verified by experts,Exo_473,present,20,coverage in m²,2019-01-01,BE,50.88429,3.92898,WGS84,30,174972,119053,Lambert coordinates,EPSG:31370,Reynoutria,Plantae,genus,
Event,en,https://creativecommons.org/licenses/by/4.0/legalcode,POV,https://doi.org/10.15468/29cggt,POV,"Monitoring of invasive alien species by the Province East Flanders, Belgium",HumanObservation,casual observation,verified by experts,Exo_474,present,,,2019-01-01,BE,50.88444,3.92916,WGS84,30,174988,119066,Lambert coordinates,EPSG:31370,Reynoutria,Plantae,genus,
Event,en,https://creativecommons.org/licenses/by/4.0/legalcode,POV,https://doi.org/10.15468/29cggt,POV,"Monitoring of invasive alien species by the Province East Flanders, Belgium",HumanObservation,casual observation,verified by experts,Exo_475,present,20,coverage in m²,2019-01-01,BE,50.88461,3.92975,WGS84,30,175008,119107,Lambert coordinates,EPSG:31370,Reynoutria,Plantae,genus,
Event,en,https://creativecommons.org/licenses/by/4.0/legalcode,POV,https://doi.org/10.15468/29cggt,POV,"Monitoring of invasive alien species by the Province East Flanders, Belgium",HumanObservation,casual observation,verified by experts,Exo_476,present,,,2019-01-01,BE,50.88482,3.93026,WGS84,30,175030,119143,Lambert coordinates,EPSG:31370,Reynoutria,Plantae,genus,
Event,en,https://creativecommons.org/licenses/by/4.0/legalcode,POV,https://doi.org/10.15468/29cggt,POV,"Monitoring of invasive alien species by the Province East Flanders, Belgium",HumanObservation,casual observation,verified by experts,Exo_477,present,1,coverage in m²,2019-01-01,BE,50.88993,3.94923,WGS84,30,175591,120481,Lambert coordinates,EPSG:31370,Impatiens glandulifera,Plantae,species,reuzenbalsemien
Event,en,https://creativecommons.org/licenses/by/4.0/legalcode,POV,https://doi.org/10.15468/29cggt,POV,"Monitoring of invasive alien species by the Province East Flanders, Belgium",HumanObservation,casual observation,verified by experts,Exo_478,present,1,coverage in m²,2019-01-01,BE,50.89225,3.95674,WGS84,30,175846,121011,Lambert coordinates,EPSG:31370,Impatiens glandulifera,Plantae,species,reuzenbalsemien
Event,en,https://creativecommons.org/licenses/by/4.0/legalcode,POV,https://doi.org/10.15468/29cggt,POV,"Monitoring of invasive alien species by the Province East Flanders, Belgium",HumanObservation,casual observation,verified by experts,Exo_479,present,1,coverage in m²,2019-01-01,BE,50.90804,3.92604,WGS84,30,177616,118862,Lambert coordinates,EPSG:31370,Reynoutria,Plantae,genus,
Event,en,https://creativecommons.org/licenses/by/4.0/legalcode,POV,https://doi.org/10.15468/29cggt,POV,"Monitoring of invasive alien species by the Province East Flanders, Belgium",HumanObservation,casual observation,verified by experts,Exo_480,present,20,coverage in m²,2019-01-01,BE,50.91199,3.93276,WGS84,30,178052,119337,Lambert coordinates,EPSG:31370,Reynoutria,Plantae,genus,
Event,en,https://creativecommons.org/licenses/by/4.0/legalcode,POV,https://doi.org/10.15468/29cggt,POV,"Monitoring of invasive alien species by the Province East Flanders, Belgium",HumanObservation,casual observation,verified by experts,Exo_481,present,,,2019-01-01,BE,50.91195,3.93262,WGS84,30,178047,119327,Lambert coordinates,EPSG:31370,Reynoutria,Plantae,genus,
Event,en,https://creativecommons.org/licenses/by/4.0/legalcode,POV,https://doi.org/10.15468/29cggt,POV,"Monitoring of invasive alien species by the Province East Flanders, Belgium",HumanObservation,casual observation,verified by experts,Exo_482,present,10,coverage in m²,2019-01-01,BE,50.91134,3.93164,WGS84,30,177980,119258,Lambert coordinates,EPSG:31370,Reynoutria,Plantae,genus,
Event,en,https://creativecommons.org/licenses/by/4.0/legalcode,POV,https://doi.org/10.15468/29cggt,POV,"Monitoring of invasive alien species by the Province East Flanders, Belgium",HumanObservation,casual observation,verified by experts,Exo_483,present,30,coverage in m²,2019-01-01,BE,50.90947,3.92862,WGS84,30,177773,119044,Lambert coordinates,EPSG:31370,Reynoutria,Plantae,genus,
Event,en,https://creativecommons.org/licenses/by/4.0/legalcode,POV,https://doi.org/10.15468/29cggt,POV,"Monitoring of invasive alien species by the Province East Flanders, Belgium",HumanObservation,casual observation,verified by experts,Exo_484,present,,,2019-01-01,BE,50.90908,3.92797,WGS84,30,177730,118999,Lambert coordinates,EPSG:31370,Reynoutria,Plantae,genus,
Event,en,https://creativecommons.org/licenses/by/4.0/legalcode,POV,https://doi.org/10.15468/29cggt,POV,"Monitoring of invasive alien species by the Province East Flanders, Belgium",HumanObservation,casual observation,verified by experts,Exo_485,present,,,2019-01-01,BE,50.90852,3.92707,WGS84,30,177668,118935,Lambert coordinates,EPSG:31370,Reynoutria,Plantae,genus,
Event,en,https://creativecommons.org/licenses/by/4.0/legalcode,POV,https://doi.org/10.15468/29cggt,POV,"Monitoring of invasive alien species by the Province East Flanders, Belgium",HumanObservation,casual observation,verified by experts,Exo_486,present,5,coverage in m²,2019-01-01,BE,50.91397,3.90176,WGS84,30,178285,117158,Lambert coordinates,EPSG:31370,Rosa rugosa,Plantae,species,rimpelroos
Event,en,https://creativecommons.org/licenses/by/4.0/legalcode,POV,https://doi.org/10.15468/29cggt,POV,"Monitoring of invasive alien species by the Province East Flanders, Belgium",HumanObservation,casual observation,verified by experts,Exo_487,present,1,coverage in m²,2019-01-01,BE,50.92544,3.93772,WGS84,30,179546,119694,Lambert coordinates,EPSG:31370,Lamium galeobdolon subsp. argentatum,Plantae,subspecies,bonte gele dovenetel
Event,en,https://creativecommons.org/licenses/by/4.0/legalcode,POV,https://doi.org/10.15468/29cggt,POV,"Monitoring of invasive alien species by the Province East Flanders, Belgium",HumanObservation,casual observation,verified by experts,Exo_488,present,20,coverage in m²,2019-01-01,BE,50.92453,3.93954,WGS84,30,179444,119822,Lambert coordinates,EPSG:31370,Lamium galeobdolon subsp. argentatum,Plantae,subspecies,bonte gele dovenetel
Event,en,https://creativecommons.org/licenses/by/4.0/legalcode,POV,https://doi.org/10.15468/29cggt,POV,"Monitoring of invasive alien species by the Province East Flanders, Belgium",HumanObservation,casual observation,verified by experts,Exo_489,present,,,2019-01-01,BE,50.92421,3.94025,WGS84,30,179408,119872,Lambert coordinates,EPSG:31370,Rosa multiflora,Plantae,species,veelbloemige roos
Event,en,https://creativecommons.org/licenses/by/4.0/legalcode,POV,https://doi.org/10.15468/29cggt,POV,"Monitoring of invasive alien species by the Province East Flanders, Belgium",HumanObservation,casual observation,verified by experts,Exo_490,present,,,2019-01-01,BE,50.92412,3.94030,WGS84,30,179398,119875,Lambert coordinates,EPSG:31370,Impatiens glandulifera,Plantae,species,reuzenbalsemien
Event,en,https://creativecommons.org/licenses/by/4.0/legalcode,POV,https://doi.org/10.15468/29cggt,POV,"Monitoring of invasive alien species by the Province East Flanders, Belgium",HumanObservation,casual observation,verified by experts,Exo_491,present,,,2019-01-01,BE,50.92896,3.94771,WGS84,30,179933,120399,Lambert coordinates,EPSG:31370,Rosa multiflora,Plantae,species,veelbloemige roos
Event,en,https://creativecommons.org/licenses/by/4.0/legalcode,POV,https://doi.org/10.15468/29cggt,POV,"Monitoring of invasive alien species by the Province East Flanders, Belgium",HumanObservation,casual observation,verified by experts,Exo_492,present,3,coverage in m²,2019-01-01,BE,50.93009,3.94187,WGS84,30,180061,119989,Lambert coordinates,EPSG:31370,Rosa rugosa,Plantae,species,rimpelroos
Event,en,https://creativecommons.org/licenses/by/4.0/legalcode,POV,https://doi.org/10.15468/29cggt,POV,"Monitoring of invasive alien species by the Province East Flanders, Belgium",HumanObservation,casual observation,verified by experts,Exo_493,present,,,2019-01-01,BE,50.92927,3.93772,WGS84,30,179972,119697,Lambert coordinates,EPSG:31370,Impatiens glandulifera,Plantae,species,reuzenbalsemien
Event,en,https://creativecommons.org/licenses/by/4.0/legalcode,POV,https://doi.org/10.15468/29cggt,POV,"Monitoring of invasive alien species by the Province East Flanders, Belgium",HumanObservation,casual observation,verified by experts,Exo_494,present,,,2019-01-01,BE,50.93189,3.93715,WGS84,30,180264,119659,Lambert coordinates,EPSG:31370,Prunus serotina,Plantae,species,Amerikaanse vogelkers
Event,en,https://creativecommons.org/licenses/by/4.0/legalcode,POV,https://doi.org/10.15468/29cggt,POV,"Monitoring of invasive alien species by the Province East Flanders, Belgium",HumanObservation,casual observation,verified by experts,Exo_495,present,1,coverage in m²,2019-01-01,BE,50.93111,3.93967,WGS84,30,180175,119836,Lambert coordinates,EPSG:31370,Impatiens glandulifera,Plantae,species,reuzenbalsemien
Event,en,https://creativecommons.org/licenses/by/4.0/legalcode,POV,https://doi.org/10.15468/29cggt,POV,"Monitoring of invasive alien species by the Province East Flanders, Belgium",HumanObservation,casual observation,verified by experts,Exo_496,present,10,coverage in m²,2019-01-01,BE,50.94447,3.96646,WGS84,30,181651,121726,Lambert coordinates,EPSG:31370,Heracleum mantegazzianum,Plantae,species,reuzenberenklauw
Event,en,https://creativecommons.org/licenses/by/4.0/legalcode,POV,https://doi.org/10.15468/29cggt,POV,"Monitoring of invasive alien species by the Province East Flanders, Belgium",HumanObservation,casual observation,verified by experts,Exo_497,present,,,2019-01-01,BE,50.94488,3.96714,WGS84,30,181697,121775,Lambert coordinates,EPSG:31370,Heracleum mantegazzianum,Plantae,species,reuzenberenklauw
Event,en,https://creativecommons.org/licenses/by/4.0/legalcode,POV,https://doi.org/10.15468/29cggt,POV,"Monitoring of invasive alien species by the Province East Flanders, Belgium",HumanObservation,casual observation,verified by experts,Exo_498,present,,,2019-01-01,BE,50.94510,3.96738,WGS84,30,181721,121792,Lambert coordinates,EPSG:31370,Heracleum mantegazzianum,Plantae,species,reuzenberenklauw
Event,en,https://creativecommons.org/licenses/by/4.0/legalcode,POV,https://doi.org/10.15468/29cggt,POV,"Monitoring of invasive alien species by the Province East Flanders, Belgium",HumanObservation,casual observation,verified by experts,Exo_499,present,,,2019-01-01,BE,50.91839,3.95794,WGS84,30,178754,121112,Lambert coordinates,EPSG:31370,Reynoutria,Plantae,genus,
Event,en,https://creativecommons.org/licenses/by/4.0/legalcode,POV,https://doi.org/10.15468/29cggt,POV,"Monitoring of invasive alien species by the Province East Flanders, Belgium",HumanObservation,casual observation,verified by experts,Exo_500,present,30,coverage in m²,2019-01-01,BE,50.91855,3.95799,WGS84,30,178772,121116,Lambert coordinates,EPSG:31370,Reynoutria,Plantae,genus,
Event,en,https://creativecommons.org/licenses/by/4.0/legalcode,POV,https://doi.org/10.15468/29cggt,POV,"Monitoring of invasive alien species by the Province East Flanders, Belgium",HumanObservation,casual observation,verified by experts,Exo_501,present,,,2019-01-01,BE,50.91870,3.95829,WGS84,30,178788,121137,Lambert coordinates,EPSG:31370,Reynoutria,Plantae,genus,
Event,en,https://creativecommons.org/licenses/by/4.0/legalcode,POV,https://doi.org/10.15468/29cggt,POV,"Monitoring of invasive alien species by the Province East Flanders, Belgium",HumanObservation,casual observation,verified by experts,Exo_502,present,10,coverage in m²,2019-01-01,BE,50.93799,3.98103,WGS84,30,180925,122747,Lambert coordinates,EPSG:31370,Ailanthus altissima,Plantae,species,hemelboom
Event,en,https://creativecommons.org/licenses/by/4.0/legalcode,POV,https://doi.org/10.15468/29cggt,POV,"Monitoring of invasive alien species by the Province East Flanders, Belgium",HumanObservation,casual observation,verified by experts,Exo_503,present,10,coverage in m²,2019-01-01,BE,50.95024,4.00353,WGS84,30,182280,124335,Lambert coordinates,EPSG:31370,Impatiens glandulifera,Plantae,species,reuzenbalsemien
Event,en,https://creativecommons.org/licenses/by/4.0/legalcode,POV,https://doi.org/10.15468/29cggt,POV,"Monitoring of invasive alien species by the Province East Flanders, Belgium",HumanObservation,casual observation,verified by experts,Exo_504,present,,,2019-01-01,BE,50.95051,4.00418,WGS84,30,182310,124381,Lambert coordinates,EPSG:31370,Impatiens glandulifera,Plantae,species,reuzenbalsemien
Event,en,https://creativecommons.org/licenses/by/4.0/legalcode,POV,https://doi.org/10.15468/29cggt,POV,"Monitoring of invasive alien species by the Province East Flanders, Belgium",HumanObservation,casual observation,verified by experts,Exo_505,present,,,2019-01-01,BE,50.95064,4.00510,WGS84,30,182323,124446,Lambert coordinates,EPSG:31370,Impatiens glandulifera,Plantae,species,reuzenbalsemien
Event,en,https://creativecommons.org/licenses/by/4.0/legalcode,POV,https://doi.org/10.15468/29cggt,POV,"Monitoring of invasive alien species by the Province East Flanders, Belgium",HumanObservation,casual observation,verified by experts,Exo_506,present,,,2019-01-01,BE,50.94954,4.00175,WGS84,30,182203,124209,Lambert coordinates,EPSG:31370,Impatiens glandulifera,Plantae,species,reuzenbalsemien
Event,en,https://creativecommons.org/licenses/by/4.0/legalcode,POV,https://doi.org/10.15468/29cggt,POV,"Monitoring of invasive alien species by the Province East Flanders, Belgium",HumanObservation,casual observation,verified by experts,Exo_507,present,,,2019-01-01,BE,50.95395,3.99531,WGS84,30,182696,123760,Lambert coordinates,EPSG:31370,Fargesia,Plantae,genus,bamboe
Event,en,https://creativecommons.org/licenses/by/4.0/legalcode,POV,https://doi.org/10.15468/29cggt,POV,"Monitoring of invasive alien species by the Province East Flanders, Belgium",HumanObservation,casual observation,verified by experts,Exo_508,present,,,2019-01-01,BE,50.92805,3.95697,WGS84,30,179828,121050,Lambert coordinates,EPSG:31370,Prunus serotina,Plantae,species,Amerikaanse vogelkers
Event,en,https://creativecommons.org/licenses/by/4.0/legalcode,POV,https://doi.org/10.15468/29cggt,POV,"Monitoring of invasive alien species by the Province East Flanders, Belgium",HumanObservation,casual observation,verified by experts,Exo_509,present,20,coverage in m²,2019-01-01,BE,50.91010,3.96716,WGS84,30,177828,121755,Lambert coordinates,EPSG:31370,Reynoutria,Plantae,genus,
Event,en,https://creativecommons.org/licenses/by/4.0/legalcode,POV,https://doi.org/10.15468/29cggt,POV,"Monitoring of invasive alien species by the Province East Flanders, Belgium",HumanObservation,casual observation,verified by experts,Exo_510,present,1,coverage in m²,2019-01-01,BE,50.95206,3.99516,WGS84,30,182486,123748,Lambert coordinates,EPSG:31370,Impatiens glandulifera,Plantae,species,reuzenbalsemien
Event,en,https://creativecommons.org/licenses/by/4.0/legalcode,POV,https://doi.org/10.15468/29cggt,POV,"Monitoring of invasive alien species by the Province East Flanders, Belgium",HumanObservation,casual observation,verified by experts,Exo_511,present,10,coverage in m²,2018-01-01,BE,50.80427,3.66055,WGS84,30,166216,100079,Lambert coordinates,EPSG:31370,Heracleum mantegazzianum,Plantae,species,reuzenberenklauw
Event,en,https://creativecommons.org/licenses/by/4.0/legalcode,POV,https://doi.org/10.15468/29cggt,POV,"Monitoring of invasive alien species by the Province East Flanders, Belgium",HumanObservation,casual observation,verified by experts,Exo_512,present,,,2018-01-01,BE,50.80430,3.66063,WGS84,30,166220,100085,Lambert coordinates,EPSG:31370,Heracleum mantegazzianum,Plantae,species,reuzenberenklauw
Event,en,https://creativecommons.org/licenses/by/4.0/legalcode,POV,https://doi.org/10.15468/29cggt,POV,"Monitoring of invasive alien species by the Province East Flanders, Belgium",HumanObservation,casual observation,verified by experts,Exo_513,present,,,2018-01-01,BE,50.77573,3.66434,WGS84,30,163039,100317,Lambert coordinates,EPSG:31370,Ailanthus altissima,Plantae,species,hemelboom
Event,en,https://creativecommons.org/licenses/by/4.0/legalcode,POV,https://doi.org/10.15468/29cggt,POV,"Monitoring of invasive alien species by the Province East Flanders, Belgium",HumanObservation,casual observation,verified by experts,Exo_514,present,10,coverage in m²,2018-01-01,BE,50.78053,3.65868,WGS84,30,163578,99922,Lambert coordinates,EPSG:31370,Reynoutria,Plantae,genus,
Event,en,https://creativecommons.org/licenses/by/4.0/legalcode,POV,https://doi.org/10.15468/29cggt,POV,"Monitoring of invasive alien species by the Province East Flanders, Belgium",HumanObservation,casual observation,verified by experts,Exo_515,present,,,2018-01-01,BE,50.78074,3.65855,WGS84,30,163601,99914,Lambert coordinates,EPSG:31370,Reynoutria,Plantae,genus,
Event,en,https://creativecommons.org/licenses/by/4.0/legalcode,POV,https://doi.org/10.15468/29cggt,POV,"Monitoring of invasive alien species by the Province East Flanders, Belgium",HumanObservation,casual observation,verified by experts,Exo_516,present,,,2018-01-01,BE,50.78092,3.65844,WGS84,30,163621,99906,Lambert coordinates,EPSG:31370,Reynoutria,Plantae,genus,
Event,en,https://creativecommons.org/licenses/by/4.0/legalcode,POV,https://doi.org/10.15468/29cggt,POV,"Monitoring of invasive alien species by the Province East Flanders, Belgium",HumanObservation,casual observation,verified by experts,Exo_517,present,10,coverage in m²,2018-01-01,BE,50.78630,3.66903,WGS84,30,164212,100658,Lambert coordinates,EPSG:31370,Reynoutria,Plantae,genus,
Event,en,https://creativecommons.org/licenses/by/4.0/legalcode,POV,https://doi.org/10.15468/29cggt,POV,"Monitoring of invasive alien species by the Province East Flanders, Belgium",HumanObservation,casual observation,verified by experts,Exo_518,present,3,coverage in m²,2019-01-01,BE,50.79561,3.63644,WGS84,30,165270,98371,Lambert coordinates,EPSG:31370,Ailanthus altissima,Plantae,species,hemelboom
Event,en,https://creativecommons.org/licenses/by/4.0/legalcode,POV,https://doi.org/10.15468/29cggt,POV,"Monitoring of invasive alien species by the Province East Flanders, Belgium",HumanObservation,casual observation,verified by experts,Exo_519,present,4,coverage in m²,2019-01-01,BE,50.77254,3.60851,WGS84,30,162724,96376,Lambert coordinates,EPSG:31370,Reynoutria,Plantae,genus,
Event,en,https://creativecommons.org/licenses/by/4.0/legalcode,POV,https://doi.org/10.15468/29cggt,POV,"Monitoring of invasive alien species by the Province East Flanders, Belgium",HumanObservation,casual observation,verified by experts,Exo_520,present,2,coverage in m²,2019-01-01,BE,50.77252,3.60856,WGS84,30,162722,96379,Lambert coordinates,EPSG:31370,Reynoutria,Plantae,genus,
Event,en,https://creativecommons.org/licenses/by/4.0/legalcode,POV,https://doi.org/10.15468/29cggt,POV,"Monitoring of invasive alien species by the Province East Flanders, Belgium",HumanObservation,casual observation,verified by experts,Exo_521,present,10,coverage in m²,2019-01-01,BE,50.77569,3.60398,WGS84,30,163077,96060,Lambert coordinates,EPSG:31370,Fargesia,Plantae,genus,bamboe
Event,en,https://creativecommons.org/licenses/by/4.0/legalcode,POV,https://doi.org/10.15468/29cggt,POV,"Monitoring of invasive alien species by the Province East Flanders, Belgium",HumanObservation,casual observation,verified by experts,Exo_522,present,1,coverage in m²,2019-01-01,BE,50.78870,3.60767,WGS84,30,164522,96334,Lambert coordinates,EPSG:31370,Heracleum mantegazzianum,Plantae,species,reuzenberenklauw
Event,en,https://creativecommons.org/licenses/by/4.0/legalcode,POV,https://doi.org/10.15468/29cggt,POV,"Monitoring of invasive alien species by the Province East Flanders, Belgium",HumanObservation,casual observation,verified by experts,Exo_523,present,10,coverage in m²,2019-01-01,BE,50.78481,3.62275,WGS84,30,164079,97394,Lambert coordinates,EPSG:31370,Reynoutria,Plantae,genus,
Event,en,https://creativecommons.org/licenses/by/4.0/legalcode,POV,https://doi.org/10.15468/29cggt,POV,"Monitoring of invasive alien species by the Province East Flanders, Belgium",HumanObservation,casual observation,verified by experts,Exo_524,present,30,coverage in m²,2019-01-01,BE,50.80093,3.61915,WGS84,30,165874,97158,Lambert coordinates,EPSG:31370,Reynoutria,Plantae,genus,
Event,en,https://creativecommons.org/licenses/by/4.0/legalcode,POV,https://doi.org/10.15468/29cggt,POV,"Monitoring of invasive alien species by the Province East Flanders, Belgium",HumanObservation,casual observation,verified by experts,Exo_525,present,5,coverage in m²,2019-01-01,BE,50.80548,3.60913,WGS84,30,166387,96457,Lambert coordinates,EPSG:31370,Lamium galeobdolon subsp. argentatum,Plantae,subspecies,bonte gele dovenetel
Event,en,https://creativecommons.org/licenses/by/4.0/legalcode,POV,https://doi.org/10.15468/29cggt,POV,"Monitoring of invasive alien species by the Province East Flanders, Belgium",HumanObservation,casual observation,verified by experts,Exo_526,present,1,coverage in m²,2019-01-01,BE,50.77569,3.58731,WGS84,30,163090,94884,Lambert coordinates,EPSG:31370,Lamium galeobdolon subsp. argentatum,Plantae,subspecies,bonte gele dovenetel
Event,en,https://creativecommons.org/licenses/by/4.0/legalcode,POV,https://doi.org/10.15468/29cggt,POV,"Monitoring of invasive alien species by the Province East Flanders, Belgium",HumanObservation,casual observation,verified by experts,Exo_527,present,1,coverage in m²,2019-01-01,BE,50.82454,3.63869,WGS84,30,168486,98561,Lambert coordinates,EPSG:31370,Reynoutria,Plantae,genus,
Event,en,https://creativecommons.org/licenses/by/4.0/legalcode,POV,https://doi.org/10.15468/29cggt,POV,"Monitoring of invasive alien species by the Province East Flanders, Belgium",HumanObservation,casual observation,verified by experts,Exo_528,present,1,coverage in m²,2019-01-01,BE,50.82569,3.63780,WGS84,30,168615,98499,Lambert coordinates,EPSG:31370,Reynoutria,Plantae,genus,
Event,en,https://creativecommons.org/licenses/by/4.0/legalcode,POV,https://doi.org/10.15468/29cggt,POV,"Monitoring of invasive alien species by the Province East Flanders, Belgium",HumanObservation,casual observation,verified by experts,Exo_529,present,10,coverage in m²,2019-01-01,BE,50.82584,3.63769,WGS84,30,168632,98492,Lambert coordinates,EPSG:31370,Reynoutria,Plantae,genus,
Event,en,https://creativecommons.org/licenses/by/4.0/legalcode,POV,https://doi.org/10.15468/29cggt,POV,"Monitoring of invasive alien species by the Province East Flanders, Belgium",HumanObservation,casual observation,verified by experts,Exo_530,present,1,coverage in m²,2019-01-01,BE,50.80694,3.63473,WGS84,30,166532,98262,Lambert coordinates,EPSG:31370,Heracleum mantegazzianum,Plantae,species,reuzenberenklauw
Event,en,https://creativecommons.org/licenses/by/4.0/legalcode,POV,https://doi.org/10.15468/29cggt,POV,"Monitoring of invasive alien species by the Province East Flanders, Belgium",HumanObservation,casual observation,verified by experts,Exo_531,present,1,coverage in m²,2019-01-01,BE,50.78821,3.64467,WGS84,30,164441,98943,Lambert coordinates,EPSG:31370,Prunus serotina,Plantae,species,Amerikaanse vogelkers
Event,en,https://creativecommons.org/licenses/by/4.0/legalcode,POV,https://doi.org/10.15468/29cggt,POV,"Monitoring of invasive alien species by the Province East Flanders, Belgium",HumanObservation,casual observation,verified by experts,Exo_532,present,1,coverage in m²,2019-01-01,BE,50.79418,3.64209,WGS84,30,165107,98768,Lambert coordinates,EPSG:31370,Heracleum mantegazzianum,Plantae,species,reuzenberenklauw
Event,en,https://creativecommons.org/licenses/by/4.0/legalcode,POV,https://doi.org/10.15468/29cggt,POV,"Monitoring of invasive alien species by the Province East Flanders, Belgium",HumanObservation,casual observation,verified by experts,Exo_533,present,1,coverage in m²,2019-01-01,BE,50.76740,3.61856,WGS84,30,162145,97078,Lambert coordinates,EPSG:31370,Lamium galeobdolon subsp. argentatum,Plantae,subspecies,bonte gele dovenetel
Event,en,https://creativecommons.org/licenses/by/4.0/legalcode,POV,https://doi.org/10.15468/29cggt,POV,"Monitoring of invasive alien species by the Province East Flanders, Belgium",HumanObservation,casual observation,verified by experts,Exo_534,present,3,coverage in m²,2019-01-01,BE,50.77419,3.62324,WGS84,30,162897,97416,Lambert coordinates,EPSG:31370,Lamium galeobdolon subsp. argentatum,Plantae,subspecies,bonte gele dovenetel
Event,en,https://creativecommons.org/licenses/by/4.0/legalcode,POV,https://doi.org/10.15468/29cggt,POV,"Monitoring of invasive alien species by the Province East Flanders, Belgium",HumanObservation,casual observation,verified by experts,Exo_535,present,2,coverage in m²,2019-01-01,BE,50.77892,3.63527,WGS84,30,163414,98270,Lambert coordinates,EPSG:31370,Heracleum mantegazzianum,Plantae,species,reuzenberenklauw
Event,en,https://creativecommons.org/licenses/by/4.0/legalcode,POV,https://doi.org/10.15468/29cggt,POV,"Monitoring of invasive alien species by the Province East Flanders, Belgium",HumanObservation,casual observation,verified by experts,Exo_536,present,10,coverage in m²,2019-01-01,BE,50.79538,3.62850,WGS84,30,165250,97810,Lambert coordinates,EPSG:31370,Lamium galeobdolon subsp. argentatum,Plantae,subspecies,bonte gele dovenetel
Event,en,https://creativecommons.org/licenses/by/4.0/legalcode,POV,https://doi.org/10.15468/29cggt,POV,"Monitoring of invasive alien species by the Province East Flanders, Belgium",HumanObservation,casual observation,verified by experts,Exo_537,present,1,coverage in m²,2019-01-01,BE,50.81820,3.64386,WGS84,30,167777,98918,Lambert coordinates,EPSG:31370,Impatiens glandulifera,Plantae,species,reuzenbalsemien
Event,en,https://creativecommons.org/licenses/by/4.0/legalcode,POV,https://doi.org/10.15468/29cggt,POV,"Monitoring of invasive alien species by the Province East Flanders, Belgium",HumanObservation,casual observation,verified by experts,Exo_538,present,100,coverage in m²,2017-01-01,BE,50.97674,3.74311,WGS84,30,185350,106061,Lambert coordinates,EPSG:31370,Heracleum mantegazzianum,Plantae,species,reuzenberenklauw
Event,en,https://creativecommons.org/licenses/by/4.0/legalcode,POV,https://doi.org/10.15468/29cggt,POV,"Monitoring of invasive alien species by the Province East Flanders, Belgium",HumanObservation,casual observation,verified by experts,Exo_539,present,25,coverage in m²,2017-01-01,BE,50.97615,3.74452,WGS84,30,185283,106159,Lambert coordinates,EPSG:31370,Reynoutria,Plantae,genus,
Event,en,https://creativecommons.org/licenses/by/4.0/legalcode,POV,https://doi.org/10.15468/29cggt,POV,"Monitoring of invasive alien species by the Province East Flanders, Belgium",HumanObservation,casual observation,verified by experts,Exo_540,present,5,coverage in m²,2017-01-01,BE,50.98205,3.75670,WGS84,30,185932,107019,Lambert coordinates,EPSG:31370,Reynoutria,Plantae,genus,
Event,en,https://creativecommons.org/licenses/by/4.0/legalcode,POV,https://doi.org/10.15468/29cggt,POV,"Monitoring of invasive alien species by the Province East Flanders, Belgium",HumanObservation,casual observation,verified by experts,Exo_541,present,5,coverage in m²,2017-01-01,BE,50.98135,3.75711,WGS84,30,185854,107048,Lambert coordinates,EPSG:31370,Reynoutria,Plantae,genus,
Event,en,https://creativecommons.org/licenses/by/4.0/legalcode,POV,https://doi.org/10.15468/29cggt,POV,"Monitoring of invasive alien species by the Province East Flanders, Belgium",HumanObservation,casual observation,verified by experts,Exo_543,present,5,coverage in m²,2017-01-01,BE,50.98805,3.77107,WGS84,30,186592,108034,Lambert coordinates,EPSG:31370,Reynoutria,Plantae,genus,
Event,en,https://creativecommons.org/licenses/by/4.0/legalcode,POV,https://doi.org/10.15468/29cggt,POV,"Monitoring of invasive alien species by the Province East Flanders, Belgium",HumanObservation,casual observation,verified by experts,Exo_544,present,5,coverage in m²,2017-01-01,BE,50.98874,3.76974,WGS84,30,186669,107941,Lambert coordinates,EPSG:31370,Reynoutria,Plantae,genus,
Event,en,https://creativecommons.org/licenses/by/4.0/legalcode,POV,https://doi.org/10.15468/29cggt,POV,"Monitoring of invasive alien species by the Province East Flanders, Belgium",HumanObservation,casual observation,verified by experts,Exo_545,present,200,coverage in m²,2017-01-01,BE,50.94201,3.72669,WGS84,30,181496,104874,Lambert coordinates,EPSG:31370,Reynoutria,Plantae,genus,
Event,en,https://creativecommons.org/licenses/by/4.0/legalcode,POV,https://doi.org/10.15468/29cggt,POV,"Monitoring of invasive alien species by the Province East Flanders, Belgium",HumanObservation,casual observation,verified by experts,Exo_546,present,1,coverage in m²,2017-01-01,BE,50.94271,3.72891,WGS84,30,181573,105031,Lambert coordinates,EPSG:31370,Reynoutria,Plantae,genus,
Event,en,https://creativecommons.org/licenses/by/4.0/legalcode,POV,https://doi.org/10.15468/29cggt,POV,"Monitoring of invasive alien species by the Province East Flanders, Belgium",HumanObservation,casual observation,verified by experts,Exo_547,present,10,coverage in m²,2017-01-01,BE,50.97447,3.74929,WGS84,30,185093,106492,Lambert coordinates,EPSG:31370,Reynoutria,Plantae,genus,
Event,en,https://creativecommons.org/licenses/by/4.0/legalcode,POV,https://doi.org/10.15468/29cggt,POV,"Monitoring of invasive alien species by the Province East Flanders, Belgium",HumanObservation,casual observation,verified by experts,Exo_548,present,1,coverage in m²,2017-01-01,BE,50.99175,3.73346,WGS84,30,187025,105397,Lambert coordinates,EPSG:31370,Reynoutria,Plantae,genus,
Event,en,https://creativecommons.org/licenses/by/4.0/legalcode,POV,https://doi.org/10.15468/29cggt,POV,"Monitoring of invasive alien species by the Province East Flanders, Belgium",HumanObservation,casual observation,verified by experts,Exo_549,present,1,coverage in m²,2017-01-01,BE,50.99095,3.73295,WGS84,30,186937,105360,Lambert coordinates,EPSG:31370,Reynoutria,Plantae,genus,
Event,en,https://creativecommons.org/licenses/by/4.0/legalcode,POV,https://doi.org/10.15468/29cggt,POV,"Monitoring of invasive alien species by the Province East Flanders, Belgium",HumanObservation,casual observation,verified by experts,Exo_550,present,10,coverage in m²,2017-01-01,BE,50.94943,3.70798,WGS84,30,182334,103566,Lambert coordinates,EPSG:31370,Reynoutria,Plantae,genus,
Event,en,https://creativecommons.org/licenses/by/4.0/legalcode,POV,https://doi.org/10.15468/29cggt,POV,"Monitoring of invasive alien species by the Province East Flanders, Belgium",HumanObservation,casual observation,verified by experts,Exo_551,present,20,coverage in m²,2017-01-01,BE,50.98641,3.71947,WGS84,30,186439,104409,Lambert coordinates,EPSG:31370,Impatiens glandulifera,Plantae,species,reuzenbalsemien
Event,en,https://creativecommons.org/licenses/by/4.0/legalcode,POV,https://doi.org/10.15468/29cggt,POV,"Monitoring of invasive alien species by the Province East Flanders, Belgium",HumanObservation,casual observation,verified by experts,Exo_552,present,2,coverage in m²,2017-01-01,BE,50.98534,3.72177,WGS84,30,186320,104570,Lambert coordinates,EPSG:31370,Prunus serotina,Plantae,species,Amerikaanse vogelkers
Event,en,https://creativecommons.org/licenses/by/4.0/legalcode,POV,https://doi.org/10.15468/29cggt,POV,"Monitoring of invasive alien species by the Province East Flanders, Belgium",HumanObservation,casual observation,verified by experts,Exo_553,present,1,coverage in m²,2017-01-01,BE,50.99100,3.72567,WGS84,30,186946,104849,Lambert coordinates,EPSG:31370,Heracleum mantegazzianum,Plantae,species,reuzenberenklauw
Event,en,https://creativecommons.org/licenses/by/4.0/legalcode,POV,https://doi.org/10.15468/29cggt,POV,"Monitoring of invasive alien species by the Province East Flanders, Belgium",HumanObservation,casual observation,verified by experts,Exo_554,present,100,coverage in m²,2017-01-01,BE,50.96003,3.72095,WGS84,30,183504,104488,Lambert coordinates,EPSG:31370,Reynoutria,Plantae,genus,
Event,en,https://creativecommons.org/licenses/by/4.0/legalcode,POV,https://doi.org/10.15468/29cggt,POV,"Monitoring of invasive alien species by the Province East Flanders, Belgium",HumanObservation,casual observation,verified by experts,Exo_555,present,1,coverage in m²,2017-01-01,BE,50.95705,3.71980,WGS84,30,183174,104404,Lambert coordinates,EPSG:31370,Prunus serotina,Plantae,species,Amerikaanse vogelkers
Event,en,https://creativecommons.org/licenses/by/4.0/legalcode,POV,https://doi.org/10.15468/29cggt,POV,"Monitoring of invasive alien species by the Province East Flanders, Belgium",HumanObservation,casual observation,verified by experts,Exo_556,present,10,coverage in m²,2017-01-01,BE,50.95341,3.70800,WGS84,30,182776,103572,Lambert coordinates,EPSG:31370,Reynoutria,Plantae,genus,
Event,en,https://creativecommons.org/licenses/by/4.0/legalcode,POV,https://doi.org/10.15468/29cggt,POV,"Monitoring of invasive alien species by the Province East Flanders, Belgium",HumanObservation,casual observation,verified by experts,Exo_557,present,500,coverage in m²,2017-01-01,BE,50.98603,3.72166,WGS84,30,186396,104563,Lambert coordinates,EPSG:31370,Impatiens glandulifera,Plantae,species,reuzenbalsemien
Event,en,https://creativecommons.org/licenses/by/4.0/legalcode,POV,https://doi.org/10.15468/29cggt,POV,"Monitoring of invasive alien species by the Province East Flanders, Belgium",HumanObservation,casual observation,verified by experts,Exo_558,present,100,coverage in m²,2017-01-01,BE,50.95259,3.71535,WGS84,30,182680,104087,Lambert coordinates,EPSG:31370,Impatiens glandulifera,Plantae,species,reuzenbalsemien
Event,en,https://creativecommons.org/licenses/by/4.0/legalcode,POV,https://doi.org/10.15468/29cggt,POV,"Monitoring of invasive alien species by the Province East Flanders, Belgium",HumanObservation,casual observation,verified by experts,Exo_559,present,500,coverage in m²,2017-01-01,BE,50.98052,3.72291,WGS84,30,185782,104645,Lambert coordinates,EPSG:31370,Reynoutria,Plantae,genus,
Event,en,https://creativecommons.org/licenses/by/4.0/legalcode,POV,https://doi.org/10.15468/29cggt,POV,"Monitoring of invasive alien species by the Province East Flanders, Belgium",HumanObservation,casual observation,verified by experts,Exo_560,present,2,coverage in m²,2017-01-01,BE,50.94649,3.74675,WGS84,30,181983,106288,Lambert coordinates,EPSG:31370,Fargesia,Plantae,genus,bamboe
Event,en,https://creativecommons.org/licenses/by/4.0/legalcode,POV,https://doi.org/10.15468/29cggt,POV,"Monitoring of invasive alien species by the Province East Flanders, Belgium",HumanObservation,casual observation,verified by experts,Exo_561,present,10,coverage in m²,2017-01-01,BE,50.90100,3.69001,WGS84,30,176958,102254,Lambert coordinates,EPSG:31370,Reynoutria,Plantae,genus,
Event,en,https://creativecommons.org/licenses/by/4.0/legalcode,POV,https://doi.org/10.15468/29cggt,POV,"Monitoring of invasive alien species by the Province East Flanders, Belgium",HumanObservation,casual observation,verified by experts,Exo_562,present,,,2017-01-01,BE,50.89344,3.68076,WGS84,30,176122,101596,Lambert coordinates,EPSG:31370,Reynoutria,Plantae,genus,
Event,en,https://creativecommons.org/licenses/by/4.0/legalcode,POV,https://doi.org/10.15468/29cggt,POV,"Monitoring of invasive alien species by the Province East Flanders, Belgium",HumanObservation,casual observation,verified by experts,Exo_563,present,,,2017-01-01,BE,50.88456,3.72736,WGS84,30,175105,104866,Lambert coordinates,EPSG:31370,Impatiens glandulifera,Plantae,species,reuzenbalsemien
Event,en,https://creativecommons.org/licenses/by/4.0/legalcode,POV,https://doi.org/10.15468/29cggt,POV,"Monitoring of invasive alien species by the Province East Flanders, Belgium",HumanObservation,casual observation,verified by experts,Exo_564,present,,,2017-01-01,BE,50.88427,3.72766,WGS84,30,175073,104887,Lambert coordinates,EPSG:31370,Impatiens glandulifera,Plantae,species,reuzenbalsemien
Event,en,https://creativecommons.org/licenses/by/4.0/legalcode,POV,https://doi.org/10.15468/29cggt,POV,"Monitoring of invasive alien species by the Province East Flanders, Belgium",HumanObservation,casual observation,verified by experts,Exo_565,present,,,2017-01-01,BE,50.88432,3.68793,WGS84,30,175104,102091,Lambert coordinates,EPSG:31370,Reynoutria,Plantae,genus,
Event,en,https://creativecommons.org/licenses/by/4.0/legalcode,POV,https://doi.org/10.15468/29cggt,POV,"Monitoring of invasive alien species by the Province East Flanders, Belgium",HumanObservation,casual observation,verified by experts,Exo_566,present,,,2017-01-01,BE,50.88448,3.68783,WGS84,30,175121,102084,Lambert coordinates,EPSG:31370,Impatiens glandulifera,Plantae,species,reuzenbalsemien
Event,en,https://creativecommons.org/licenses/by/4.0/legalcode,POV,https://doi.org/10.15468/29cggt,POV,"Monitoring of invasive alien species by the Province East Flanders, Belgium",HumanObservation,casual observation,verified by experts,Exo_567,present,,,2017-01-01,BE,50.88474,3.68797,WGS84,30,175149,102095,Lambert coordinates,EPSG:31370,Impatiens glandulifera,Plantae,species,reuzenbalsemien
Event,en,https://creativecommons.org/licenses/by/4.0/legalcode,POV,https://doi.org/10.15468/29cggt,POV,"Monitoring of invasive alien species by the Province East Flanders, Belgium",HumanObservation,casual observation,verified by experts,Exo_568,present,,,2017-01-01,BE,50.89353,3.68568,WGS84,30,176129,101942,Lambert coordinates,EPSG:31370,Reynoutria,Plantae,genus,
Event,en,https://creativecommons.org/licenses/by/4.0/legalcode,POV,https://doi.org/10.15468/29cggt,POV,"Monitoring of invasive alien species by the Province East Flanders, Belgium",HumanObservation,casual observation,verified by experts,Exo_569,present,,,2017-01-01,BE,50.86850,3.75787,WGS84,30,173301,106998,Lambert coordinates,EPSG:31370,Reynoutria,Plantae,genus,
Event,en,https://creativecommons.org/licenses/by/4.0/legalcode,POV,https://doi.org/10.15468/29cggt,POV,"Monitoring of invasive alien species by the Province East Flanders, Belgium",HumanObservation,casual observation,verified by experts,Exo_570,present,,,2017-01-01,BE,50.87357,3.74587,WGS84,30,173872,106158,Lambert coordinates,EPSG:31370,Reynoutria,Plantae,genus,
Event,en,https://creativecommons.org/licenses/by/4.0/legalcode,POV,https://doi.org/10.15468/29cggt,POV,"Monitoring of invasive alien species by the Province East Flanders, Belgium",HumanObservation,casual observation,verified by experts,Exo_571,present,,,2017-01-01,BE,50.87259,3.74873,WGS84,30,173761,106358,Lambert coordinates,EPSG:31370,Reynoutria,Plantae,genus,
Event,en,https://creativecommons.org/licenses/by/4.0/legalcode,POV,https://doi.org/10.15468/29cggt,POV,"Monitoring of invasive alien species by the Province East Flanders, Belgium",HumanObservation,casual observation,verified by experts,Exo_572,present,,,2017-01-01,BE,50.87188,3.75049,WGS84,30,173681,106482,Lambert coordinates,EPSG:31370,Reynoutria,Plantae,genus,
Event,en,https://creativecommons.org/licenses/by/4.0/legalcode,POV,https://doi.org/10.15468/29cggt,POV,"Monitoring of invasive alien species by the Province East Flanders, Belgium",HumanObservation,casual observation,verified by experts,Exo_573,present,,,2017-01-01,BE,50.87178,3.75082,WGS84,30,173669,106505,Lambert coordinates,EPSG:31370,Reynoutria,Plantae,genus,
Event,en,https://creativecommons.org/licenses/by/4.0/legalcode,POV,https://doi.org/10.15468/29cggt,POV,"Monitoring of invasive alien species by the Province East Flanders, Belgium",HumanObservation,casual observation,verified by experts,Exo_574,present,,,2017-01-01,BE,50.87531,3.74982,WGS84,30,174062,106438,Lambert coordinates,EPSG:31370,Impatiens glandulifera,Plantae,species,reuzenbalsemien
Event,en,https://creativecommons.org/licenses/by/4.0/legalcode,POV,https://doi.org/10.15468/29cggt,POV,"Monitoring of invasive alien species by the Province East Flanders, Belgium",HumanObservation,casual observation,verified by experts,Exo_575,present,,,2017-01-01,BE,50.87150,3.75146,WGS84,30,173638,106549,Lambert coordinates,EPSG:31370,Reynoutria,Plantae,genus,
Event,en,https://creativecommons.org/licenses/by/4.0/legalcode,POV,https://doi.org/10.15468/29cggt,POV,"Monitoring of invasive alien species by the Province East Flanders, Belgium",HumanObservation,casual observation,verified by experts,Exo_576,present,50,coverage in m²,2017-01-01,BE,50.86327,3.76507,WGS84,30,172715,107500,Lambert coordinates,EPSG:31370,Reynoutria,Plantae,genus,
Event,en,https://creativecommons.org/licenses/by/4.0/legalcode,POV,https://doi.org/10.15468/29cggt,POV,"Monitoring of invasive alien species by the Province East Flanders, Belgium",HumanObservation,casual observation,verified by experts,Exo_577,present,100,coverage in m²,2017-01-01,BE,50.85993,3.75639,WGS84,30,172348,106886,Lambert coordinates,EPSG:31370,Reynoutria,Plantae,genus,
Event,en,https://creativecommons.org/licenses/by/4.0/legalcode,POV,https://doi.org/10.15468/29cggt,POV,"Monitoring of invasive alien species by the Province East Flanders, Belgium",HumanObservation,casual observation,verified by experts,Exo_578,present,1,coverage in m²,2017-01-01,BE,50.84808,3.74978,WGS84,30,171034,106410,Lambert coordinates,EPSG:31370,Reynoutria,Plantae,genus,
Event,en,https://creativecommons.org/licenses/by/4.0/legalcode,POV,https://doi.org/10.15468/29cggt,POV,"Monitoring of invasive alien species by the Province East Flanders, Belgium",HumanObservation,casual observation,verified by experts,Exo_579,present,1,coverage in m²,2017-01-01,BE,50.84823,3.74994,WGS84,30,171051,106421,Lambert coordinates,EPSG:31370,Reynoutria,Plantae,genus,
Event,en,https://creativecommons.org/licenses/by/4.0/legalcode,POV,https://doi.org/10.15468/29cggt,POV,"Monitoring of invasive alien species by the Province East Flanders, Belgium",HumanObservation,casual observation,verified by experts,Exo_580,present,250,coverage in m²,2017-01-01,BE,50.83993,3.72184,WGS84,30,170144,104434,Lambert coordinates,EPSG:31370,Reynoutria,Plantae,genus,
Event,en,https://creativecommons.org/licenses/by/4.0/legalcode,POV,https://doi.org/10.15468/29cggt,POV,"Monitoring of invasive alien species by the Province East Flanders, Belgium",HumanObservation,casual observation,verified by experts,Exo_581,present,250,coverage in m²,2017-01-01,BE,50.83978,3.72039,WGS84,30,170128,104332,Lambert coordinates,EPSG:31370,Reynoutria,Plantae,genus,
Event,en,https://creativecommons.org/licenses/by/4.0/legalcode,POV,https://doi.org/10.15468/29cggt,POV,"Monitoring of invasive alien species by the Province East Flanders, Belgium",HumanObservation,casual observation,verified by experts,Exo_582,present,250,coverage in m²,2017-01-01,BE,50.83986,3.72004,WGS84,30,170137,104307,Lambert coordinates,EPSG:31370,Reynoutria,Plantae,genus,
Event,en,https://creativecommons.org/licenses/by/4.0/legalcode,POV,https://doi.org/10.15468/29cggt,POV,"Monitoring of invasive alien species by the Province East Flanders, Belgium",HumanObservation,casual observation,verified by experts,Exo_583,present,250,coverage in m²,2017-01-01,BE,50.83995,3.71968,WGS84,30,170147,104282,Lambert coordinates,EPSG:31370,Reynoutria,Plantae,genus,
Event,en,https://creativecommons.org/licenses/by/4.0/legalcode,POV,https://doi.org/10.15468/29cggt,POV,"Monitoring of invasive alien species by the Province East Flanders, Belgium",HumanObservation,casual observation,verified by experts,Exo_584,present,20,coverage in m²,2017-01-01,BE,50.89943,3.69734,WGS84,30,176778,102768,Lambert coordinates,EPSG:31370,Rosa rugosa,Plantae,species,rimpelroos
Event,en,https://creativecommons.org/licenses/by/4.0/legalcode,POV,https://doi.org/10.15468/29cggt,POV,"Monitoring of invasive alien species by the Province East Flanders, Belgium",HumanObservation,casual observation,verified by experts,Exo_585,present,,,2017-01-01,BE,50.89778,3.70277,WGS84,30,176591,103149,Lambert coordinates,EPSG:31370,Rosa rugosa,Plantae,species,rimpelroos
Event,en,https://creativecommons.org/licenses/by/4.0/legalcode,POV,https://doi.org/10.15468/29cggt,POV,"Monitoring of invasive alien species by the Province East Flanders, Belgium",HumanObservation,casual observation,verified by experts,Exo_586,present,,,2017-01-01,BE,50.90321,3.73012,WGS84,30,177179,105078,Lambert coordinates,EPSG:31370,Impatiens glandulifera,Plantae,species,reuzenbalsemien
Event,en,https://creativecommons.org/licenses/by/4.0/legalcode,POV,https://doi.org/10.15468/29cggt,POV,"Monitoring of invasive alien species by the Province East Flanders, Belgium",HumanObservation,casual observation,verified by experts,Exo_587,present,,,2017-01-01,BE,50.90377,3.72975,WGS84,30,177241,105053,Lambert coordinates,EPSG:31370,Impatiens glandulifera,Plantae,species,reuzenbalsemien
Event,en,https://creativecommons.org/licenses/by/4.0/legalcode,POV,https://doi.org/10.15468/29cggt,POV,"Monitoring of invasive alien species by the Province East Flanders, Belgium",HumanObservation,casual observation,verified by experts,Exo_588,present,,,2017-01-01,BE,50.90222,3.72639,WGS84,30,177070,104814,Lambert coordinates,EPSG:31370,Impatiens glandulifera,Plantae,species,reuzenbalsemien
Event,en,https://creativecommons.org/licenses/by/4.0/legalcode,POV,https://doi.org/10.15468/29cggt,POV,"Monitoring of invasive alien species by the Province East Flanders, Belgium",HumanObservation,casual observation,verified by experts,Exo_589,present,,,2017-01-01,BE,50.90671,3.74732,WGS84,30,177557,106291,Lambert coordinates,EPSG:31370,Impatiens glandulifera,Plantae,species,reuzenbalsemien
Event,en,https://creativecommons.org/licenses/by/4.0/legalcode,POV,https://doi.org/10.15468/29cggt,POV,"Monitoring of invasive alien species by the Province East Flanders, Belgium",HumanObservation,casual observation,verified by experts,Exo_590,present,,,2017-01-01,BE,50.90568,3.73619,WGS84,30,177449,105507,Lambert coordinates,EPSG:31370,Impatiens glandulifera,Plantae,species,reuzenbalsemien
Event,en,https://creativecommons.org/licenses/by/4.0/legalcode,POV,https://doi.org/10.15468/29cggt,POV,"Monitoring of invasive alien species by the Province East Flanders, Belgium",HumanObservation,casual observation,verified by experts,Exo_591,present,,,2017-01-01,BE,50.89270,3.74916,WGS84,30,175997,106407,Lambert coordinates,EPSG:31370,Reynoutria,Plantae,genus,
Event,en,https://creativecommons.org/licenses/by/4.0/legalcode,POV,https://doi.org/10.15468/29cggt,POV,"Monitoring of invasive alien species by the Province East Flanders, Belgium",HumanObservation,casual observation,verified by experts,Exo_592,present,,,2017-01-01,BE,50.88365,3.68724,WGS84,30,175029,102042,Lambert coordinates,EPSG:31370,Reynoutria,Plantae,genus,
Event,en,https://creativecommons.org/licenses/by/4.0/legalcode,POV,https://doi.org/10.15468/29cggt,POV,"Monitoring of invasive alien species by the Province East Flanders, Belgium",HumanObservation,casual observation,verified by experts,Exo_593,present,1,coverage in m²,2017-01-01,BE,50.86993,3.70605,WGS84,30,173491,103352,Lambert coordinates,EPSG:31370,Heracleum mantegazzianum,Plantae,species,reuzenberenklauw
Event,en,https://creativecommons.org/licenses/by/4.0/legalcode,POV,https://doi.org/10.15468/29cggt,POV,"Monitoring of invasive alien species by the Province East Flanders, Belgium",HumanObservation,casual observation,verified by experts,Exo_594,present,1,coverage in m²,2017-01-01,BE,50.87105,3.70591,WGS84,30,173615,103343,Lambert coordinates,EPSG:31370,Rosa rugosa,Plantae,species,rimpelroos
Event,en,https://creativecommons.org/licenses/by/4.0/legalcode,POV,https://doi.org/10.15468/29cggt,POV,"Monitoring of invasive alien species by the Province East Flanders, Belgium",HumanObservation,casual observation,verified by experts,Exo_595,present,1,coverage in m²,2017-01-01,BE,50.86137,3.70036,WGS84,30,172543,102943,Lambert coordinates,EPSG:31370,Reynoutria,Plantae,genus,
Event,en,https://creativecommons.org/licenses/by/4.0/legalcode,POV,https://doi.org/10.15468/29cggt,POV,"Monitoring of invasive alien species by the Province East Flanders, Belgium",HumanObservation,casual observation,verified by experts,Exo_596,present,50,coverage in m²,2017-01-01,BE,50.85816,3.70409,WGS84,30,172183,103202,Lambert coordinates,EPSG:31370,Reynoutria,Plantae,genus,
Event,en,https://creativecommons.org/licenses/by/4.0/legalcode,POV,https://doi.org/10.15468/29cggt,POV,"Monitoring of invasive alien species by the Province East Flanders, Belgium",HumanObservation,casual observation,verified by experts,Exo_597,present,1,coverage in m²,2017-01-01,BE,50.85684,3.70629,WGS84,30,172035,103356,Lambert coordinates,EPSG:31370,Solidago canadensis,Plantae,species,Canadese guldenroede
Event,en,https://creativecommons.org/licenses/by/4.0/legalcode,POV,https://doi.org/10.15468/29cggt,POV,"Monitoring of invasive alien species by the Province East Flanders, Belgium",HumanObservation,casual observation,verified by experts,Exo_598,present,,,2017-01-01,BE,50.86240,3.69767,WGS84,30,172659,102754,Lambert coordinates,EPSG:31370,Impatiens glandulifera,Plantae,species,reuzenbalsemien
Event,en,https://creativecommons.org/licenses/by/4.0/legalcode,POV,https://doi.org/10.15468/29cggt,POV,"Monitoring of invasive alien species by the Province East Flanders, Belgium",HumanObservation,casual observation,verified by experts,Exo_599,present,,,2017-01-01,BE,50.86210,3.69775,WGS84,30,172625,102760,Lambert coordinates,EPSG:31370,Impatiens glandulifera,Plantae,species,reuzenbalsemien
Event,en,https://creativecommons.org/licenses/by/4.0/legalcode,POV,https://doi.org/10.15468/29cggt,POV,"Monitoring of invasive alien species by the Province East Flanders, Belgium",HumanObservation,casual observation,verified by experts,Exo_600,present,2,coverage in m²,2017-01-01,BE,50.87430,3.70161,WGS84,30,173979,103044,Lambert coordinates,EPSG:31370,Rhus typhina,Plantae,species,fluweelboom
Event,en,https://creativecommons.org/licenses/by/4.0/legalcode,POV,https://doi.org/10.15468/29cggt,POV,"Monitoring of invasive alien species by the Province East Flanders, Belgium",HumanObservation,casual observation,verified by experts,Exo_601,present,,,2020-02-24,BE,50.92749,4.06000,WGS84,30,179731,128293,Lambert coordinates,EPSG:31370,Heracleum mantegazzianum,Plantae,species,reuzenberenklauw
Event,en,https://creativecommons.org/licenses/by/4.0/legalcode,POV,https://doi.org/10.15468/29cggt,POV,"Monitoring of invasive alien species by the Province East Flanders, Belgium",HumanObservation,casual observation,verified by experts,Exo_602,present,,,2016-06-01,BE,51.01598,3.78845,WGS84,30,189689,109279,Lambert coordinates,EPSG:31370,Heracleum mantegazzianum,Plantae,species,reuzenberenklauw
Event,en,https://creativecommons.org/licenses/by/4.0/legalcode,POV,https://doi.org/10.15468/29cggt,POV,"Monitoring of invasive alien species by the Province East Flanders, Belgium",HumanObservation,casual observation,verified by experts,Exo_603,present,50,coverage in m²,2020-02-26,BE,50.95351,4.10851,WGS84,30,182613,131713,Lambert coordinates,EPSG:31370,Reynoutria,Plantae,genus,
Event,en,https://creativecommons.org/licenses/by/4.0/legalcode,POV,https://doi.org/10.15468/29cggt,POV,"Monitoring of invasive alien species by the Province East Flanders, Belgium",HumanObservation,casual observation,verified by experts,Exo_605,present,,,2020-02-27,BE,51.16856,3.57572,WGS84,30,206800,94533,Lambert coordinates,EPSG:31370,Ailanthus altissima,Plantae,species,hemelboom
Event,en,https://creativecommons.org/licenses/by/4.0/legalcode,POV,https://doi.org/10.15468/29cggt,POV,"Monitoring of invasive alien species by the Province East Flanders, Belgium",HumanObservation,casual observation,verified by experts,Exo_606,present,,,2020-02-27,BE,51.16082,4.31046,WGS84,30,205645,145921,Lambert coordinates,EPSG:31370,Impatiens glandulifera,Plantae,species,reuzenbalsemien
Event,en,https://creativecommons.org/licenses/by/4.0/legalcode,POV,https://doi.org/10.15468/29cggt,POV,"Monitoring of invasive alien species by the Province East Flanders, Belgium",HumanObservation,casual observation,verified by experts,Exo_607,present,,,2020-02-27,BE,51.01109,3.92214,WGS84,30,189081,118656,Lambert coordinates,EPSG:31370,Gunnera tinctoria,Plantae,species,gewone gunnera
Event,en,https://creativecommons.org/licenses/by/4.0/legalcode,POV,https://doi.org/10.15468/29cggt,POV,"Monitoring of invasive alien species by the Province East Flanders, Belgium",HumanObservation,casual observation,verified by experts,Exo_608,present,,,2020-02-27,BE,51.00127,3.74328,WGS84,30,188079,106095,Lambert coordinates,EPSG:31370,Eriocheir sinensis,Animalia,species,Chinese wolhandkrab
Event,en,https://creativecommons.org/licenses/by/4.0/legalcode,POV,https://doi.org/10.15468/29cggt,POV,"Monitoring of invasive alien species by the Province East Flanders, Belgium",HumanObservation,casual observation,verified by experts,Exo_609,present,,,2020-02-27,BE,51.14513,3.88951,WGS84,30,204006,116463,Lambert coordinates,EPSG:31370,Phytolacca americana,Plantae,species,westerse karmozijnbes
Event,en,https://creativecommons.org/licenses/by/4.0/legalcode,POV,https://doi.org/10.15468/29cggt,POV,"Monitoring of invasive alien species by the Province East Flanders, Belgium",HumanObservation,casual observation,verified by experts,Exo_610,present,,,2020-02-27,BE,51.14507,3.88947,WGS84,30,203999,116460,Lambert coordinates,EPSG:31370,Phytolacca americana,Plantae,species,westerse karmozijnbes
Event,en,https://creativecommons.org/licenses/by/4.0/legalcode,POV,https://doi.org/10.15468/29cggt,POV,"Monitoring of invasive alien species by the Province East Flanders, Belgium",HumanObservation,casual observation,verified by experts,Exo_611,present,,,2020-02-27,BE,50.98058,3.77248,WGS84,30,185760,108126,Lambert coordinates,EPSG:31370,Fargesia,Plantae,genus,bamboe
Event,en,https://creativecommons.org/licenses/by/4.0/legalcode,POV,https://doi.org/10.15468/29cggt,POV,"Monitoring of invasive alien species by the Province East Flanders, Belgium",HumanObservation,casual observation,verified by experts,Exo_625,present,,,2020-03-09,BE,51.17562,3.88516,WGS84,30,207400,116180,Lambert coordinates,EPSG:31370,Phytolacca americana,Plantae,species,westerse karmozijnbes
Event,en,https://creativecommons.org/licenses/by/4.0/legalcode,POV,https://doi.org/10.15468/29cggt,POV,"Monitoring of invasive alien species by the Province East Flanders, Belgium",HumanObservation,casual observation,verified by experts,Exo_626,present,,,2020-03-09,BE,51.17564,3.88336,WGS84,30,207404,116055,Lambert coordinates,EPSG:31370,Phytolacca americana,Plantae,species,westerse karmozijnbes
Event,en,https://creativecommons.org/licenses/by/4.0/legalcode,POV,https://doi.org/10.15468/29cggt,POV,"Monitoring of invasive alien species by the Province East Flanders, Belgium",HumanObservation,casual observation,verified by experts,Exo_627,present,,,2020-03-09,BE,51.17564,3.88192,WGS84,30,207404,115954,Lambert coordinates,EPSG:31370,Phytolacca americana,Plantae,species,westerse karmozijnbes
Event,en,https://creativecommons.org/licenses/by/4.0/legalcode,POV,https://doi.org/10.15468/29cggt,POV,"Monitoring of invasive alien species by the Province East Flanders, Belgium",HumanObservation,casual observation,verified by experts,Exo_628,present,,,2020-03-09,BE,51.17577,3.88651,WGS84,30,207416,116275,Lambert coordinates,EPSG:31370,Phytolacca americana,Plantae,species,westerse karmozijnbes
Event,en,https://creativecommons.org/licenses/by/4.0/legalcode,POV,https://doi.org/10.15468/29cggt,POV,"Monitoring of invasive alien species by the Province East Flanders, Belgium",HumanObservation,casual observation,verified by experts,Exo_636,present,,,2020-03-09,BE,51.14786,3.90248,WGS84,30,204304,117372,Lambert coordinates,EPSG:31370,Ailanthus altissima,Plantae,species,hemelboom
Event,en,https://creativecommons.org/licenses/by/4.0/legalcode,POV,https://doi.org/10.15468/29cggt,POV,"Monitoring of invasive alien species by the Province East Flanders, Belgium",HumanObservation,casual observation,verified by experts,Exo_637,present,,,2020-03-09,BE,51.14796,3.90248,WGS84,30,204315,117372,Lambert coordinates,EPSG:31370,Ailanthus altissima,Plantae,species,hemelboom
Event,en,https://creativecommons.org/licenses/by/4.0/legalcode,POV,https://doi.org/10.15468/29cggt,POV,"Monitoring of invasive alien species by the Province East Flanders, Belgium",HumanObservation,casual observation,verified by experts,Exo_638,present,,,2020-03-09,BE,51.14790,3.90248,WGS84,30,204308,117372,Lambert coordinates,EPSG:31370,Ailanthus altissima,Plantae,species,hemelboom
Event,en,https://creativecommons.org/licenses/by/4.0/legalcode,POV,https://doi.org/10.15468/29cggt,POV,"Monitoring of invasive alien species by the Province East Flanders, Belgium",HumanObservation,casual observation,verified by experts,Exo_639,present,,,2020-03-09,BE,51.14800,3.90248,WGS84,30,204319,117372,Lambert coordinates,EPSG:31370,Ailanthus altissima,Plantae,species,hemelboom
Event,en,https://creativecommons.org/licenses/by/4.0/legalcode,POV,https://doi.org/10.15468/29cggt,POV,"Monitoring of invasive alien species by the Province East Flanders, Belgium",HumanObservation,casual observation,verified by experts,Exo_641,present,,,2020-03-12,BE,51.10708,4.05413,WGS84,30,199711,127964,Lambert coordinates,EPSG:31370,Fallopia  baldschuanica,Plantae,species,Chinese bruidssluier
Event,en,https://creativecommons.org/licenses/by/4.0/legalcode,POV,https://doi.org/10.15468/29cggt,POV,"Monitoring of invasive alien species by the Province East Flanders, Belgium",HumanObservation,casual observation,verified by experts,Exo_642,present,,,2020-03-12,BE,51.10690,4.05408,WGS84,30,199692,127961,Lambert coordinates,EPSG:31370,Fallopia  baldschuanica,Plantae,species,Chinese bruidssluier
Event,en,https://creativecommons.org/licenses/by/4.0/legalcode,POV,https://doi.org/10.15468/29cggt,POV,"Monitoring of invasive alien species by the Province East Flanders, Belgium",HumanObservation,casual observation,verified by experts,Exo_650,present,10,coverage in m²,2020-03-20,BE,50.94009,3.79843,WGS84,30,181242,109914,Lambert coordinates,EPSG:31370,Fargesia,Plantae,genus,bamboe
Event,en,https://creativecommons.org/licenses/by/4.0/legalcode,POV,https://doi.org/10.15468/29cggt,POV,"Monitoring of invasive alien species by the Province East Flanders, Belgium",HumanObservation,casual observation,verified by experts,Exo_651,present,1,coverage in m²,2020-03-20,BE,50.97070,3.78053,WGS84,30,184656,108683,Lambert coordinates,EPSG:31370,Fargesia,Plantae,genus,bamboe
Event,en,https://creativecommons.org/licenses/by/4.0/legalcode,POV,https://doi.org/10.15468/29cggt,POV,"Monitoring of invasive alien species by the Province East Flanders, Belgium",HumanObservation,casual observation,verified by experts,Exo_653,present,6,coverage in m²,2020-03-23,BE,50.81764,3.62539,WGS84,30,167728,97616,Lambert coordinates,EPSG:31370,Fargesia,Plantae,genus,bamboe
Event,en,https://creativecommons.org/licenses/by/4.0/legalcode,POV,https://doi.org/10.15468/29cggt,POV,"Monitoring of invasive alien species by the Province East Flanders, Belgium",HumanObservation,casual observation,verified by experts,Exo_654,present,8,coverage in m²,2020-03-23,BE,50.81765,3.62261,WGS84,30,167731,97420,Lambert coordinates,EPSG:31370,Fargesia,Plantae,genus,bamboe
Event,en,https://creativecommons.org/licenses/by/4.0/legalcode,POV,https://doi.org/10.15468/29cggt,POV,"Monitoring of invasive alien species by the Province East Flanders, Belgium",HumanObservation,casual observation,verified by experts,Exo_655,present,8,coverage in m²,2020-03-23,BE,50.80915,3.61046,WGS84,30,166794,96554,Lambert coordinates,EPSG:31370,Fargesia,Plantae,genus,bamboe
Event,en,https://creativecommons.org/licenses/by/4.0/legalcode,POV,https://doi.org/10.15468/29cggt,POV,"Monitoring of invasive alien species by the Province East Flanders, Belgium",HumanObservation,casual observation,verified by experts,Exo_657,present,10,coverage in m²,2020-03-25,BE,50.97997,3.80117,WGS84,30,185676,110140,Lambert coordinates,EPSG:31370,Fargesia,Plantae,genus,bamboe
Event,en,https://creativecommons.org/licenses/by/4.0/legalcode,POV,https://doi.org/10.15468/29cggt,POV,"Monitoring of invasive alien species by the Province East Flanders, Belgium",HumanObservation,casual observation,verified by experts,Exo_659,present,20,coverage in m²,2020-03-26,BE,51.04711,3.81703,WGS84,30,193137,111310,Lambert coordinates,EPSG:31370,Fargesia,Plantae,genus,bamboe
Event,en,https://creativecommons.org/licenses/by/4.0/legalcode,POV,https://doi.org/10.15468/29cggt,POV,"Monitoring of invasive alien species by the Province East Flanders, Belgium",HumanObservation,casual observation,verified by experts,Exo_662,present,,,2020-03-30,BE,51.13727,3.40504,WGS84,30,203461,82551,Lambert coordinates,EPSG:31370,Heracleum mantegazzianum,Plantae,species,reuzenberenklauw
Event,en,https://creativecommons.org/licenses/by/4.0/legalcode,POV,https://doi.org/10.15468/29cggt,POV,"Monitoring of invasive alien species by the Province East Flanders, Belgium",HumanObservation,casual observation,verified by experts,Exo_667,present,6,coverage in m²,2020-04-02,BE,51.19246,4.07851,WGS84,30,209203,129709,Lambert coordinates,EPSG:31370,Reynoutria,Plantae,genus,
Event,en,https://creativecommons.org/licenses/by/4.0/legalcode,POV,https://doi.org/10.15468/29cggt,POV,"Monitoring of invasive alien species by the Province East Flanders, Belgium",HumanObservation,casual observation,verified by experts,Exo_677,present,,,2020-04-06,BE,51.08720,3.61987,WGS84,30,197717,97529,Lambert coordinates,EPSG:31370,Heracleum mantegazzianum,Plantae,species,reuzenberenklauw
Event,en,https://creativecommons.org/licenses/by/4.0/legalcode,POV,https://doi.org/10.15468/29cggt,POV,"Monitoring of invasive alien species by the Province East Flanders, Belgium",HumanObservation,casual observation,verified by experts,Exo_681,present,15,coverage in m²,2020-04-06,BE,51.26459,3.67160,WGS84,30,217417,101339,Lambert coordinates,EPSG:31370,Reynoutria,Plantae,genus,
Event,en,https://creativecommons.org/licenses/by/4.0/legalcode,POV,https://doi.org/10.15468/29cggt,POV,"Monitoring of invasive alien species by the Province East Flanders, Belgium",HumanObservation,casual observation,verified by experts,Exo_682,present,,,2020-04-06,BE,50.99796,3.81952,WGS84,30,187667,111444,Lambert coordinates,EPSG:31370,Heracleum mantegazzianum,Plantae,species,reuzenberenklauw
Event,en,https://creativecommons.org/licenses/by/4.0/legalcode,POV,https://doi.org/10.15468/29cggt,POV,"Monitoring of invasive alien species by the Province East Flanders, Belgium",HumanObservation,casual observation,verified by experts,Exo_683,present,,,2020-04-06,BE,50.99807,3.81922,WGS84,30,187680,111423,Lambert coordinates,EPSG:31370,Heracleum mantegazzianum,Plantae,species,reuzenberenklauw
Event,en,https://creativecommons.org/licenses/by/4.0/legalcode,POV,https://doi.org/10.15468/29cggt,POV,"Monitoring of invasive alien species by the Province East Flanders, Belgium",HumanObservation,casual observation,verified by experts,Exo_684,present,,,2020-04-06,BE,50.99880,3.81848,WGS84,30,187762,111372,Lambert coordinates,EPSG:31370,Heracleum mantegazzianum,Plantae,species,reuzenberenklauw
Event,en,https://creativecommons.org/licenses/by/4.0/legalcode,POV,https://doi.org/10.15468/29cggt,POV,"Monitoring of invasive alien species by the Province East Flanders, Belgium",HumanObservation,casual observation,verified by experts,Exo_685,present,,,2020-04-06,BE,50.99906,3.81762,WGS84,30,187791,111312,Lambert coordinates,EPSG:31370,Heracleum mantegazzianum,Plantae,species,reuzenberenklauw
Event,en,https://creativecommons.org/licenses/by/4.0/legalcode,POV,https://doi.org/10.15468/29cggt,POV,"Monitoring of invasive alien species by the Province East Flanders, Belgium",HumanObservation,casual observation,verified by experts,Exo_686,present,,,2020-04-06,BE,50.99948,3.81668,WGS84,30,187839,111246,Lambert coordinates,EPSG:31370,Heracleum mantegazzianum,Plantae,species,reuzenberenklauw
Event,en,https://creativecommons.org/licenses/by/4.0/legalcode,POV,https://doi.org/10.15468/29cggt,POV,"Monitoring of invasive alien species by the Province East Flanders, Belgium",HumanObservation,casual observation,verified by experts,Exo_687,present,,,2020-04-06,BE,50.99968,3.81562,WGS84,30,187862,111172,Lambert coordinates,EPSG:31370,Heracleum mantegazzianum,Plantae,species,reuzenberenklauw
Event,en,https://creativecommons.org/licenses/by/4.0/legalcode,POV,https://doi.org/10.15468/29cggt,POV,"Monitoring of invasive alien species by the Province East Flanders, Belgium",HumanObservation,casual observation,verified by experts,Exo_688,present,,,2020-04-06,BE,50.99969,3.81523,WGS84,30,187862,111144,Lambert coordinates,EPSG:31370,Heracleum mantegazzianum,Plantae,species,reuzenberenklauw
Event,en,https://creativecommons.org/licenses/by/4.0/legalcode,POV,https://doi.org/10.15468/29cggt,POV,"Monitoring of invasive alien species by the Province East Flanders, Belgium",HumanObservation,casual observation,verified by experts,Exo_689,present,,,2020-04-06,BE,50.99998,3.81470,WGS84,30,187895,111107,Lambert coordinates,EPSG:31370,Heracleum mantegazzianum,Plantae,species,reuzenberenklauw
Event,en,https://creativecommons.org/licenses/by/4.0/legalcode,POV,https://doi.org/10.15468/29cggt,POV,"Monitoring of invasive alien species by the Province East Flanders, Belgium",HumanObservation,casual observation,verified by experts,Exo_690,present,,,2020-04-06,BE,51.00000,3.81411,WGS84,30,187898,111066,Lambert coordinates,EPSG:31370,Heracleum mantegazzianum,Plantae,species,reuzenberenklauw
Event,en,https://creativecommons.org/licenses/by/4.0/legalcode,POV,https://doi.org/10.15468/29cggt,POV,"Monitoring of invasive alien species by the Province East Flanders, Belgium",HumanObservation,casual observation,verified by experts,Exo_691,present,,,2020-04-06,BE,51.00027,3.81323,WGS84,30,187928,111005,Lambert coordinates,EPSG:31370,Heracleum mantegazzianum,Plantae,species,reuzenberenklauw
Event,en,https://creativecommons.org/licenses/by/4.0/legalcode,POV,https://doi.org/10.15468/29cggt,POV,"Monitoring of invasive alien species by the Province East Flanders, Belgium",HumanObservation,casual observation,verified by experts,Exo_692,present,,,2020-04-06,BE,51.00035,3.81296,WGS84,30,187937,110985,Lambert coordinates,EPSG:31370,Heracleum mantegazzianum,Plantae,species,reuzenberenklauw
Event,en,https://creativecommons.org/licenses/by/4.0/legalcode,POV,https://doi.org/10.15468/29cggt,POV,"Monitoring of invasive alien species by the Province East Flanders, Belgium",HumanObservation,casual observation,verified by experts,Exo_693,present,,,2020-04-06,BE,51.00043,3.81267,WGS84,30,187946,110965,Lambert coordinates,EPSG:31370,Heracleum mantegazzianum,Plantae,species,reuzenberenklauw
Event,en,https://creativecommons.org/licenses/by/4.0/legalcode,POV,https://doi.org/10.15468/29cggt,POV,"Monitoring of invasive alien species by the Province East Flanders, Belgium",HumanObservation,casual observation,verified by experts,Exo_694,present,,,2020-04-06,BE,51.00060,3.81195,WGS84,30,187965,110915,Lambert coordinates,EPSG:31370,Heracleum mantegazzianum,Plantae,species,reuzenberenklauw
Event,en,https://creativecommons.org/licenses/by/4.0/legalcode,POV,https://doi.org/10.15468/29cggt,POV,"Monitoring of invasive alien species by the Province East Flanders, Belgium",HumanObservation,casual observation,verified by experts,Exo_695,present,,,2020-04-06,BE,51.00079,3.81164,WGS84,30,187987,110893,Lambert coordinates,EPSG:31370,Heracleum mantegazzianum,Plantae,species,reuzenberenklauw
Event,en,https://creativecommons.org/licenses/by/4.0/legalcode,POV,https://doi.org/10.15468/29cggt,POV,"Monitoring of invasive alien species by the Province East Flanders, Belgium",HumanObservation,casual observation,verified by experts,Exo_696,present,,,2020-04-06,BE,51.00111,3.81083,WGS84,30,188023,110837,Lambert coordinates,EPSG:31370,Heracleum mantegazzianum,Plantae,species,reuzenberenklauw
Event,en,https://creativecommons.org/licenses/by/4.0/legalcode,POV,https://doi.org/10.15468/29cggt,POV,"Monitoring of invasive alien species by the Province East Flanders, Belgium",HumanObservation,casual observation,verified by experts,Exo_697,present,,,2020-04-06,BE,51.00114,3.81027,WGS84,30,188026,110798,Lambert coordinates,EPSG:31370,Heracleum mantegazzianum,Plantae,species,reuzenberenklauw
Event,en,https://creativecommons.org/licenses/by/4.0/legalcode,POV,https://doi.org/10.15468/29cggt,POV,"Monitoring of invasive alien species by the Province East Flanders, Belgium",HumanObservation,casual observation,verified by experts,Exo_698,present,,,2020-04-06,BE,51.00135,3.81005,WGS84,30,188050,110782,Lambert coordinates,EPSG:31370,Heracleum mantegazzianum,Plantae,species,reuzenberenklauw
Event,en,https://creativecommons.org/licenses/by/4.0/legalcode,POV,https://doi.org/10.15468/29cggt,POV,"Monitoring of invasive alien species by the Province East Flanders, Belgium",HumanObservation,casual observation,verified by experts,Exo_699,present,,,2020-04-06,BE,51.00182,3.80910,WGS84,30,188103,110715,Lambert coordinates,EPSG:31370,Heracleum mantegazzianum,Plantae,species,reuzenberenklauw
Event,en,https://creativecommons.org/licenses/by/4.0/legalcode,POV,https://doi.org/10.15468/29cggt,POV,"Monitoring of invasive alien species by the Province East Flanders, Belgium",HumanObservation,casual observation,verified by experts,Exo_710,present,,,2020-04-10,BE,51.30198,3.87836,WGS84,30,221462,115797,Lambert coordinates,EPSG:31370,Heracleum mantegazzianum,Plantae,species,reuzenberenklauw
Event,en,https://creativecommons.org/licenses/by/4.0/legalcode,POV,https://doi.org/10.15468/29cggt,POV,"Monitoring of invasive alien species by the Province East Flanders, Belgium",HumanObservation,casual observation,verified by experts,Exo_711,present,,,2020-04-10,BE,51.25620,3.84833,WGS84,30,216382,113667,Lambert coordinates,EPSG:31370,Heracleum mantegazzianum,Plantae,species,reuzenberenklauw
Event,en,https://creativecommons.org/licenses/by/4.0/legalcode,POV,https://doi.org/10.15468/29cggt,POV,"Monitoring of invasive alien species by the Province East Flanders, Belgium",HumanObservation,casual observation,verified by experts,Exo_719,present,2,coverage in m²,2020-04-14,BE,51.14810,3.90790,WGS84,30,204328,117752,Lambert coordinates,EPSG:31370,Heracleum mantegazzianum,Plantae,species,reuzenberenklauw
Event,en,https://creativecommons.org/licenses/by/4.0/legalcode,POV,https://doi.org/10.15468/29cggt,POV,"Monitoring of invasive alien species by the Province East Flanders, Belgium",HumanObservation,casual observation,verified by experts,Exo_721,present,2,coverage in m²,2020-04-14,BE,50.95312,3.95706,WGS84,30,182617,121071,Lambert coordinates,EPSG:31370,Heracleum mantegazzianum,Plantae,species,reuzenberenklauw
Event,en,https://creativecommons.org/licenses/by/4.0/legalcode,POV,https://doi.org/10.15468/29cggt,POV,"Monitoring of invasive alien species by the Province East Flanders, Belgium",HumanObservation,casual observation,verified by experts,Exo_724,present,,,2020-04-14,BE,50.95576,3.95439,WGS84,30,182913,120886,Lambert coordinates,EPSG:31370,Rosa multiflora,Plantae,species,veelbloemige roos
Event,en,https://creativecommons.org/licenses/by/4.0/legalcode,POV,https://doi.org/10.15468/29cggt,POV,"Monitoring of invasive alien species by the Province East Flanders, Belgium",HumanObservation,casual observation,verified by experts,Exo_726,present,2,coverage in m²,2020-04-14,BE,51.03817,4.11793,WGS84,30,192029,132407,Lambert coordinates,EPSG:31370,Heracleum mantegazzianum,Plantae,species,reuzenberenklauw
Event,en,https://creativecommons.org/licenses/by/4.0/legalcode,POV,https://doi.org/10.15468/29cggt,POV,"Monitoring of invasive alien species by the Province East Flanders, Belgium",HumanObservation,casual observation,verified by experts,Exo_731,present,,,2020-04-15,BE,51.14746,3.90506,WGS84,30,204258,117552,Lambert coordinates,EPSG:31370,Heracleum mantegazzianum,Plantae,species,reuzenberenklauw
Event,en,https://creativecommons.org/licenses/by/4.0/legalcode,POV,https://doi.org/10.15468/29cggt,POV,"Monitoring of invasive alien species by the Province East Flanders, Belgium",HumanObservation,casual observation,verified by experts,Exo_732,present,45,coverage in m²,2020-04-15,BE,51.14748,3.90525,WGS84,30,204261,117566,Lambert coordinates,EPSG:31370,Heracleum mantegazzianum,Plantae,species,reuzenberenklauw
Event,en,https://creativecommons.org/licenses/by/4.0/legalcode,POV,https://doi.org/10.15468/29cggt,POV,"Monitoring of invasive alien species by the Province East Flanders, Belgium",HumanObservation,casual observation,verified by experts,Exo_735,present,3,coverage in m²,2020-04-16,BE,50.97536,3.50176,WGS84,30,185367,89109,Lambert coordinates,EPSG:31370,Heracleum mantegazzianum,Plantae,species,reuzenberenklauw
Event,en,https://creativecommons.org/licenses/by/4.0/legalcode,POV,https://doi.org/10.15468/29cggt,POV,"Monitoring of invasive alien species by the Province East Flanders, Belgium",HumanObservation,casual observation,verified by experts,Exo_736,present,,,2020-04-16,BE,50.97537,3.50179,WGS84,30,185368,89112,Lambert coordinates,EPSG:31370,Heracleum mantegazzianum,Plantae,species,reuzenberenklauw
Event,en,https://creativecommons.org/licenses/by/4.0/legalcode,POV,https://doi.org/10.15468/29cggt,POV,"Monitoring of invasive alien species by the Province East Flanders, Belgium",HumanObservation,casual observation,verified by experts,Exo_739,present,22,coverage in m²,2020-04-17,BE,50.92607,4.05806,WGS84,30,179574,128155,Lambert coordinates,EPSG:31370,Heracleum mantegazzianum,Plantae,species,reuzenberenklauw
Event,en,https://creativecommons.org/licenses/by/4.0/legalcode,POV,https://doi.org/10.15468/29cggt,POV,"Monitoring of invasive alien species by the Province East Flanders, Belgium",HumanObservation,casual observation,verified by experts,Exo_740,present,,,2020-04-17,BE,50.92603,4.05806,WGS84,30,179569,128155,Lambert coordinates,EPSG:31370,Heracleum mantegazzianum,Plantae,species,reuzenberenklauw
Event,en,https://creativecommons.org/licenses/by/4.0/legalcode,POV,https://doi.org/10.15468/29cggt,POV,"Monitoring of invasive alien species by the Province East Flanders, Belgium",HumanObservation,casual observation,verified by experts,Exo_741,present,,,2020-04-17,BE,50.92584,4.05774,WGS84,30,179548,128133,Lambert coordinates,EPSG:31370,Heracleum mantegazzianum,Plantae,species,reuzenberenklauw
Event,en,https://creativecommons.org/licenses/by/4.0/legalcode,POV,https://doi.org/10.15468/29cggt,POV,"Monitoring of invasive alien species by the Province East Flanders, Belgium",HumanObservation,casual observation,verified by experts,Exo_742,present,,,2020-04-17,BE,50.92616,4.05820,WGS84,30,179584,128165,Lambert coordinates,EPSG:31370,Heracleum mantegazzianum,Plantae,species,reuzenberenklauw
Event,en,https://creativecommons.org/licenses/by/4.0/legalcode,POV,https://doi.org/10.15468/29cggt,POV,"Monitoring of invasive alien species by the Province East Flanders, Belgium",HumanObservation,casual observation,verified by experts,Exo_744,present,1,coverage in m²,2020-04-20,BE,51.13502,3.80104,WGS84,30,202924,110263,Lambert coordinates,EPSG:31370,Heracleum mantegazzianum,Plantae,species,reuzenberenklauw
Event,en,https://creativecommons.org/licenses/by/4.0/legalcode,POV,https://doi.org/10.15468/29cggt,POV,"Monitoring of invasive alien species by the Province East Flanders, Belgium",HumanObservation,casual observation,verified by experts,Exo_746,present,3,coverage in m²,2020-04-20,BE,51.13451,3.80099,WGS84,30,202869,110259,Lambert coordinates,EPSG:31370,Heracleum mantegazzianum,Plantae,species,reuzenberenklauw
Event,en,https://creativecommons.org/licenses/by/4.0/legalcode,POV,https://doi.org/10.15468/29cggt,POV,"Monitoring of invasive alien species by the Province East Flanders, Belgium",HumanObservation,casual observation,verified by experts,Exo_749,present,3,coverage in m²,2020-04-20,BE,51.13205,3.80155,WGS84,30,202594,110297,Lambert coordinates,EPSG:31370,Heracleum mantegazzianum,Plantae,species,reuzenberenklauw
Event,en,https://creativecommons.org/licenses/by/4.0/legalcode,POV,https://doi.org/10.15468/29cggt,POV,"Monitoring of invasive alien species by the Province East Flanders, Belgium",HumanObservation,casual observation,verified by experts,Exo_750,present,1,coverage in m²,2020-04-20,BE,51.03614,3.77211,WGS84,30,191941,108150,Lambert coordinates,EPSG:31370,Heracleum mantegazzianum,Plantae,species,reuzenberenklauw
Event,en,https://creativecommons.org/licenses/by/4.0/legalcode,POV,https://doi.org/10.15468/29cggt,POV,"Monitoring of invasive alien species by the Province East Flanders, Belgium",HumanObservation,casual observation,verified by experts,Exo_751,present,2,coverage in m²,2020-04-20,BE,50.90132,3.77966,WGS84,30,176940,108561,Lambert coordinates,EPSG:31370,Heracleum mantegazzianum,Plantae,species,reuzenberenklauw
Event,en,https://creativecommons.org/licenses/by/4.0/legalcode,POV,https://doi.org/10.15468/29cggt,POV,"Monitoring of invasive alien species by the Province East Flanders, Belgium",HumanObservation,casual observation,verified by experts,Exo_752,present,,,2020-04-21,BE,51.18162,4.14862,WGS84,30,207980,134607,Lambert coordinates,EPSG:31370,Heracleum mantegazzianum,Plantae,species,reuzenberenklauw
Event,en,https://creativecommons.org/licenses/by/4.0/legalcode,POV,https://doi.org/10.15468/29cggt,POV,"Monitoring of invasive alien species by the Province East Flanders, Belgium",HumanObservation,casual observation,verified by experts,Exo_753,present,,,2020-04-21,BE,51.18182,4.14996,WGS84,30,208003,134700,Lambert coordinates,EPSG:31370,Heracleum mantegazzianum,Plantae,species,reuzenberenklauw
Event,en,https://creativecommons.org/licenses/by/4.0/legalcode,POV,https://doi.org/10.15468/29cggt,POV,"Monitoring of invasive alien species by the Province East Flanders, Belgium",HumanObservation,casual observation,verified by experts,Exo_755,present,1,coverage in m²,2020-04-21,BE,50.86835,3.58868,WGS84,30,173395,95088,Lambert coordinates,EPSG:31370,Heracleum mantegazzianum,Plantae,species,reuzenberenklauw
Event,en,https://creativecommons.org/licenses/by/4.0/legalcode,POV,https://doi.org/10.15468/29cggt,POV,"Monitoring of invasive alien species by the Province East Flanders, Belgium",HumanObservation,casual observation,verified by experts,Exo_756,present,,,2020-04-21,BE,50.83730,3.76753,WGS84,30,169825,107650,Lambert coordinates,EPSG:31370,Heracleum mantegazzianum,Plantae,species,reuzenberenklauw
Event,en,https://creativecommons.org/licenses/by/4.0/legalcode,POV,https://doi.org/10.15468/29cggt,POV,"Monitoring of invasive alien species by the Province East Flanders, Belgium",HumanObservation,casual observation,verified by experts,Exo_757,present,,,2020-04-21,BE,50.83722,3.76778,WGS84,30,169815,107667,Lambert coordinates,EPSG:31370,Heracleum mantegazzianum,Plantae,species,reuzenberenklauw
Event,en,https://creativecommons.org/licenses/by/4.0/legalcode,POV,https://doi.org/10.15468/29cggt,POV,"Monitoring of invasive alien species by the Province East Flanders, Belgium",HumanObservation,casual observation,verified by experts,Exo_758,present,,,2020-04-21,BE,50.83724,3.76770,WGS84,30,169817,107662,Lambert coordinates,EPSG:31370,Heracleum mantegazzianum,Plantae,species,reuzenberenklauw
Event,en,https://creativecommons.org/licenses/by/4.0/legalcode,POV,https://doi.org/10.15468/29cggt,POV,"Monitoring of invasive alien species by the Province East Flanders, Belgium",HumanObservation,casual observation,verified by experts,Exo_759,present,,,2020-04-21,BE,50.83681,3.76864,WGS84,30,169769,107727,Lambert coordinates,EPSG:31370,Heracleum mantegazzianum,Plantae,species,reuzenberenklauw
Event,en,https://creativecommons.org/licenses/by/4.0/legalcode,POV,https://doi.org/10.15468/29cggt,POV,"Monitoring of invasive alien species by the Province East Flanders, Belgium",HumanObservation,casual observation,verified by experts,Exo_760,present,,,2020-04-21,BE,50.83725,3.76831,WGS84,30,169818,107705,Lambert coordinates,EPSG:31370,Heracleum mantegazzianum,Plantae,species,reuzenberenklauw
Event,en,https://creativecommons.org/licenses/by/4.0/legalcode,POV,https://doi.org/10.15468/29cggt,POV,"Monitoring of invasive alien species by the Province East Flanders, Belgium",HumanObservation,casual observation,verified by experts,Exo_761,present,,,2020-04-21,BE,50.83724,3.76799,WGS84,30,169818,107682,Lambert coordinates,EPSG:31370,Heracleum mantegazzianum,Plantae,species,reuzenberenklauw
Event,en,https://creativecommons.org/licenses/by/4.0/legalcode,POV,https://doi.org/10.15468/29cggt,POV,"Monitoring of invasive alien species by the Province East Flanders, Belgium",HumanObservation,casual observation,verified by experts,Exo_762,present,,,2020-04-21,BE,50.83745,3.76859,WGS84,30,169840,107725,Lambert coordinates,EPSG:31370,Heracleum mantegazzianum,Plantae,species,reuzenberenklauw
Event,en,https://creativecommons.org/licenses/by/4.0/legalcode,POV,https://doi.org/10.15468/29cggt,POV,"Monitoring of invasive alien species by the Province East Flanders, Belgium",HumanObservation,casual observation,verified by experts,Exo_763,present,,,2020-04-21,BE,50.83750,3.76852,WGS84,30,169846,107720,Lambert coordinates,EPSG:31370,Heracleum mantegazzianum,Plantae,species,reuzenberenklauw
Event,en,https://creativecommons.org/licenses/by/4.0/legalcode,POV,https://doi.org/10.15468/29cggt,POV,"Monitoring of invasive alien species by the Province East Flanders, Belgium",HumanObservation,casual observation,verified by experts,Exo_764,present,,,2020-04-21,BE,50.83743,3.76785,WGS84,30,169839,107673,Lambert coordinates,EPSG:31370,Heracleum mantegazzianum,Plantae,species,reuzenberenklauw
Event,en,https://creativecommons.org/licenses/by/4.0/legalcode,POV,https://doi.org/10.15468/29cggt,POV,"Monitoring of invasive alien species by the Province East Flanders, Belgium",HumanObservation,casual observation,verified by experts,Exo_765,present,,,2020-04-21,BE,50.83751,3.76813,WGS84,30,169848,107692,Lambert coordinates,EPSG:31370,Heracleum mantegazzianum,Plantae,species,reuzenberenklauw
Event,en,https://creativecommons.org/licenses/by/4.0/legalcode,POV,https://doi.org/10.15468/29cggt,POV,"Monitoring of invasive alien species by the Province East Flanders, Belgium",HumanObservation,casual observation,verified by experts,Exo_766,present,,,2020-04-21,BE,50.83748,3.76803,WGS84,30,169845,107686,Lambert coordinates,EPSG:31370,Heracleum mantegazzianum,Plantae,species,reuzenberenklauw
Event,en,https://creativecommons.org/licenses/by/4.0/legalcode,POV,https://doi.org/10.15468/29cggt,POV,"Monitoring of invasive alien species by the Province East Flanders, Belgium",HumanObservation,casual observation,verified by experts,Exo_767,present,,,2020-04-21,BE,50.83751,3.76788,WGS84,30,169847,107675,Lambert coordinates,EPSG:31370,Heracleum mantegazzianum,Plantae,species,reuzenberenklauw
Event,en,https://creativecommons.org/licenses/by/4.0/legalcode,POV,https://doi.org/10.15468/29cggt,POV,"Monitoring of invasive alien species by the Province East Flanders, Belgium",HumanObservation,casual observation,verified by experts,Exo_768,present,,,2020-04-21,BE,50.83751,3.76782,WGS84,30,169847,107670,Lambert coordinates,EPSG:31370,Heracleum mantegazzianum,Plantae,species,reuzenberenklauw
Event,en,https://creativecommons.org/licenses/by/4.0/legalcode,POV,https://doi.org/10.15468/29cggt,POV,"Monitoring of invasive alien species by the Province East Flanders, Belgium",HumanObservation,casual observation,verified by experts,Exo_769,present,,,2020-04-21,BE,50.83754,3.76778,WGS84,30,169851,107668,Lambert coordinates,EPSG:31370,Heracleum mantegazzianum,Plantae,species,reuzenberenklauw
Event,en,https://creativecommons.org/licenses/by/4.0/legalcode,POV,https://doi.org/10.15468/29cggt,POV,"Monitoring of invasive alien species by the Province East Flanders, Belgium",HumanObservation,casual observation,verified by experts,Exo_770,present,,,2020-04-21,BE,50.83749,3.76777,WGS84,30,169846,107667,Lambert coordinates,EPSG:31370,Heracleum mantegazzianum,Plantae,species,reuzenberenklauw
Event,en,https://creativecommons.org/licenses/by/4.0/legalcode,POV,https://doi.org/10.15468/29cggt,POV,"Monitoring of invasive alien species by the Province East Flanders, Belgium",HumanObservation,casual observation,verified by experts,Exo_771,present,,,2020-04-21,BE,50.83747,3.76756,WGS84,30,169844,107652,Lambert coordinates,EPSG:31370,Heracleum mantegazzianum,Plantae,species,reuzenberenklauw
Event,en,https://creativecommons.org/licenses/by/4.0/legalcode,POV,https://doi.org/10.15468/29cggt,POV,"Monitoring of invasive alien species by the Province East Flanders, Belgium",HumanObservation,casual observation,verified by experts,Exo_772,present,,,2020-04-21,BE,50.83750,3.76878,WGS84,30,169846,107738,Lambert coordinates,EPSG:31370,Heracleum mantegazzianum,Plantae,species,reuzenberenklauw
Event,en,https://creativecommons.org/licenses/by/4.0/legalcode,POV,https://doi.org/10.15468/29cggt,POV,"Monitoring of invasive alien species by the Province East Flanders, Belgium",HumanObservation,casual observation,verified by experts,Exo_773,present,,,2020-04-21,BE,50.83715,3.76818,WGS84,30,169808,107695,Lambert coordinates,EPSG:31370,Heracleum mantegazzianum,Plantae,species,reuzenberenklauw
Event,en,https://creativecommons.org/licenses/by/4.0/legalcode,POV,https://doi.org/10.15468/29cggt,POV,"Monitoring of invasive alien species by the Province East Flanders, Belgium",HumanObservation,casual observation,verified by experts,Exo_774,present,,,2020-04-21,BE,50.83736,3.76734,WGS84,30,169832,107637,Lambert coordinates,EPSG:31370,Heracleum mantegazzianum,Plantae,species,reuzenberenklauw
Event,en,https://creativecommons.org/licenses/by/4.0/legalcode,POV,https://doi.org/10.15468/29cggt,POV,"Monitoring of invasive alien species by the Province East Flanders, Belgium",HumanObservation,casual observation,verified by experts,Exo_775,present,,,2020-04-21,BE,50.83679,3.76868,WGS84,30,169767,107730,Lambert coordinates,EPSG:31370,Heracleum mantegazzianum,Plantae,species,reuzenberenklauw
Event,en,https://creativecommons.org/licenses/by/4.0/legalcode,POV,https://doi.org/10.15468/29cggt,POV,"Monitoring of invasive alien species by the Province East Flanders, Belgium",HumanObservation,casual observation,verified by experts,Exo_776,present,,,2020-04-21,BE,50.83723,3.76766,WGS84,30,169817,107659,Lambert coordinates,EPSG:31370,Heracleum mantegazzianum,Plantae,species,reuzenberenklauw
Event,en,https://creativecommons.org/licenses/by/4.0/legalcode,POV,https://doi.org/10.15468/29cggt,POV,"Monitoring of invasive alien species by the Province East Flanders, Belgium",HumanObservation,casual observation,verified by experts,Exo_777,present,,,2020-04-21,BE,50.83738,3.76779,WGS84,30,169833,107668,Lambert coordinates,EPSG:31370,Heracleum mantegazzianum,Plantae,species,reuzenberenklauw
Event,en,https://creativecommons.org/licenses/by/4.0/legalcode,POV,https://doi.org/10.15468/29cggt,POV,"Monitoring of invasive alien species by the Province East Flanders, Belgium",HumanObservation,casual observation,verified by experts,Exo_778,present,2,coverage in m²,2020-04-22,BE,50.84181,3.76774,WGS84,30,170326,107669,Lambert coordinates,EPSG:31370,Heracleum mantegazzianum,Plantae,species,reuzenberenklauw
Event,en,https://creativecommons.org/licenses/by/4.0/legalcode,POV,https://doi.org/10.15468/29cggt,POV,"Monitoring of invasive alien species by the Province East Flanders, Belgium",HumanObservation,casual observation,verified by experts,Exo_779,present,10,coverage in m²,2020-04-23,BE,50.88697,3.57359,WGS84,30,175478,94049,Lambert coordinates,EPSG:31370,Reynoutria,Plantae,genus,
Event,en,https://creativecommons.org/licenses/by/4.0/legalcode,POV,https://doi.org/10.15468/29cggt,POV,"Monitoring of invasive alien species by the Province East Flanders, Belgium",HumanObservation,casual observation,verified by experts,Exo_780,present,20,coverage in m²,2020-04-23,BE,51.06211,3.77633,WGS84,30,194827,108469,Lambert coordinates,EPSG:31370,Heracleum mantegazzianum,Plantae,species,reuzenberenklauw
Event,en,https://creativecommons.org/licenses/by/4.0/legalcode,POV,https://doi.org/10.15468/29cggt,POV,"Monitoring of invasive alien species by the Province East Flanders, Belgium",HumanObservation,casual observation,verified by experts,Exo_781,present,,,2020-04-23,BE,51.06196,3.77617,WGS84,30,194811,108458,Lambert coordinates,EPSG:31370,Heracleum mantegazzianum,Plantae,species,reuzenberenklauw
Event,en,https://creativecommons.org/licenses/by/4.0/legalcode,POV,https://doi.org/10.15468/29cggt,POV,"Monitoring of invasive alien species by the Province East Flanders, Belgium",HumanObservation,casual observation,verified by experts,Exo_782,present,,,2020-04-23,BE,51.06223,3.77642,WGS84,30,194841,108476,Lambert coordinates,EPSG:31370,Heracleum mantegazzianum,Plantae,species,reuzenberenklauw
Event,en,https://creativecommons.org/licenses/by/4.0/legalcode,POV,https://doi.org/10.15468/29cggt,POV,"Monitoring of invasive alien species by the Province East Flanders, Belgium",HumanObservation,casual observation,verified by experts,Exo_783,present,,,2020-04-23,BE,51.06202,3.77624,WGS84,30,194818,108463,Lambert coordinates,EPSG:31370,Heracleum mantegazzianum,Plantae,species,reuzenberenklauw
Event,en,https://creativecommons.org/licenses/by/4.0/legalcode,POV,https://doi.org/10.15468/29cggt,POV,"Monitoring of invasive alien species by the Province East Flanders, Belgium",HumanObservation,casual observation,verified by experts,Exo_784,present,,,2020-04-23,BE,51.06187,3.77611,WGS84,30,194801,108453,Lambert coordinates,EPSG:31370,Heracleum mantegazzianum,Plantae,species,reuzenberenklauw
Event,en,https://creativecommons.org/licenses/by/4.0/legalcode,POV,https://doi.org/10.15468/29cggt,POV,"Monitoring of invasive alien species by the Province East Flanders, Belgium",HumanObservation,casual observation,verified by experts,Exo_791,present,5,coverage in m²,2020-04-24,BE,50.85233,3.81109,WGS84,30,171473,110731,Lambert coordinates,EPSG:31370,Heracleum mantegazzianum,Plantae,species,reuzenberenklauw
Event,en,https://creativecommons.org/licenses/by/4.0/legalcode,POV,https://doi.org/10.15468/29cggt,POV,"Monitoring of invasive alien species by the Province East Flanders, Belgium",HumanObservation,casual observation,verified by experts,Exo_806,present,,,2020-04-28,BE,51.02720,3.66443,WGS84,30,191012,100588,Lambert coordinates,EPSG:31370,Heracleum mantegazzianum,Plantae,species,reuzenberenklauw
Event,en,https://creativecommons.org/licenses/by/4.0/legalcode,POV,https://doi.org/10.15468/29cggt,POV,"Monitoring of invasive alien species by the Province East Flanders, Belgium",HumanObservation,casual observation,verified by experts,Exo_809,present,15,coverage in m²,2020-04-29,BE,51.02639,3.66447,WGS84,30,190923,100590,Lambert coordinates,EPSG:31370,Fargesia,Plantae,genus,bamboe
Event,en,https://creativecommons.org/licenses/by/4.0/legalcode,POV,https://doi.org/10.15468/29cggt,POV,"Monitoring of invasive alien species by the Province East Flanders, Belgium",HumanObservation,casual observation,verified by experts,Exo_810,present,2,coverage in m²,2020-04-29,BE,51.02276,3.66268,WGS84,30,190520,100461,Lambert coordinates,EPSG:31370,Heracleum mantegazzianum,Plantae,species,reuzenberenklauw
Event,en,https://creativecommons.org/licenses/by/4.0/legalcode,POV,https://doi.org/10.15468/29cggt,POV,"Monitoring of invasive alien species by the Province East Flanders, Belgium",HumanObservation,casual observation,verified by experts,Exo_811,present,,,2020-04-29,BE,51.02269,3.66258,WGS84,30,190512,100454,Lambert coordinates,EPSG:31370,Heracleum mantegazzianum,Plantae,species,reuzenberenklauw
Event,en,https://creativecommons.org/licenses/by/4.0/legalcode,POV,https://doi.org/10.15468/29cggt,POV,"Monitoring of invasive alien species by the Province East Flanders, Belgium",HumanObservation,casual observation,verified by experts,Exo_812,present,,,2020-04-29,BE,50.99990,3.62795,WGS84,30,188001,97999,Lambert coordinates,EPSG:31370,Heracleum mantegazzianum,Plantae,species,reuzenberenklauw
Event,en,https://creativecommons.org/licenses/by/4.0/legalcode,POV,https://doi.org/10.15468/29cggt,POV,"Monitoring of invasive alien species by the Province East Flanders, Belgium",HumanObservation,casual observation,verified by experts,Exo_820,present,20,coverage in m²,2020-05-04,BE,51.14737,3.90539,WGS84,30,204248,117575,Lambert coordinates,EPSG:31370,Heracleum mantegazzianum,Plantae,species,reuzenberenklauw
Event,en,https://creativecommons.org/licenses/by/4.0/legalcode,POV,https://doi.org/10.15468/29cggt,POV,"Monitoring of invasive alien species by the Province East Flanders, Belgium",HumanObservation,casual observation,verified by experts,Exo_821,present,,,2020-05-04,BE,50.94214,3.72707,WGS84,30,181511,104901,Lambert coordinates,EPSG:31370,Reynoutria,Plantae,genus,
Event,en,https://creativecommons.org/licenses/by/4.0/legalcode,POV,https://doi.org/10.15468/29cggt,POV,"Monitoring of invasive alien species by the Province East Flanders, Belgium",HumanObservation,casual observation,verified by experts,Exo_822,present,,,2020-05-04,BE,50.94220,3.72728,WGS84,30,181517,104916,Lambert coordinates,EPSG:31370,Reynoutria,Plantae,genus,
Event,en,https://creativecommons.org/licenses/by/4.0/legalcode,POV,https://doi.org/10.15468/29cggt,POV,"Monitoring of invasive alien species by the Province East Flanders, Belgium",HumanObservation,casual observation,verified by experts,Exo_823,present,1,coverage in m²,2020-05-06,BE,51.04970,3.73632,WGS84,30,193470,105653,Lambert coordinates,EPSG:31370,Heracleum mantegazzianum,Plantae,species,reuzenberenklauw
Event,en,https://creativecommons.org/licenses/by/4.0/legalcode,POV,https://doi.org/10.15468/29cggt,POV,"Monitoring of invasive alien species by the Province East Flanders, Belgium",HumanObservation,casual observation,verified by experts,Exo_824,present,24,coverage in m²,2020-05-06,BE,51.07158,3.48453,WGS84,30,196084,88026,Lambert coordinates,EPSG:31370,Ludwigia grandiflora,Plantae,species,waterteunisbloem
Event,en,https://creativecommons.org/licenses/by/4.0/legalcode,POV,https://doi.org/10.15468/29cggt,POV,"Monitoring of invasive alien species by the Province East Flanders, Belgium",HumanObservation,casual observation,verified by experts,Exo_825,present,,,2020-05-06,BE,51.15543,3.76326,WGS84,30,205216,107638,Lambert coordinates,EPSG:31370,Crassula helmsii,Plantae,species,watercrassula
Event,en,https://creativecommons.org/licenses/by/4.0/legalcode,POV,https://doi.org/10.15468/29cggt,POV,"Monitoring of invasive alien species by the Province East Flanders, Belgium",HumanObservation,casual observation,verified by experts,Exo_826,present,,,2020-05-06,BE,51.05410,3.73654,WGS84,30,193960,105672,Lambert coordinates,EPSG:31370,Harmonia axyridis,Animalia,species,veelkleurig Aziatisch lieveheersbeestje
Event,en,https://creativecommons.org/licenses/by/4.0/legalcode,POV,https://doi.org/10.15468/29cggt,POV,"Monitoring of invasive alien species by the Province East Flanders, Belgium",HumanObservation,casual observation,verified by experts,Exo_827,present,6,coverage in m²,2020-05-06,BE,50.99147,4.16072,WGS84,30,186824,135393,Lambert coordinates,EPSG:31370,Solidago canadensis,Plantae,species,Canadese guldenroede
Event,en,https://creativecommons.org/licenses/by/4.0/legalcode,POV,https://doi.org/10.15468/29cggt,POV,"Monitoring of invasive alien species by the Province East Flanders, Belgium",HumanObservation,casual observation,verified by experts,Exo_828,present,,,2020-05-07,BE,50.99113,4.16134,WGS84,30,186786,135437,Lambert coordinates,EPSG:31370,Solidago canadensis,Plantae,species,Canadese guldenroede
Event,en,https://creativecommons.org/licenses/by/4.0/legalcode,POV,https://doi.org/10.15468/29cggt,POV,"Monitoring of invasive alien species by the Province East Flanders, Belgium",HumanObservation,casual observation,verified by experts,Exo_829,present,,,2020-05-07,BE,50.99052,4.16069,WGS84,30,186718,135391,Lambert coordinates,EPSG:31370,Solidago canadensis,Plantae,species,Canadese guldenroede
Event,en,https://creativecommons.org/licenses/by/4.0/legalcode,POV,https://doi.org/10.15468/29cggt,POV,"Monitoring of invasive alien species by the Province East Flanders, Belgium",HumanObservation,casual observation,verified by experts,Exo_830,present,,,2020-05-08,BE,50.98588,3.72036,WGS84,30,186380,104471,Lambert coordinates,EPSG:31370,Trachemys scripta,Animalia,species,lettersierschildpad
Event,en,https://creativecommons.org/licenses/by/4.0/legalcode,POV,https://doi.org/10.15468/29cggt,POV,"Monitoring of invasive alien species by the Province East Flanders, Belgium",HumanObservation,casual observation,verified by experts,Exo_832,present,,,2020-05-08,BE,51.07999,3.66931,WGS84,30,196882,100985,Lambert coordinates,EPSG:31370,Heracleum mantegazzianum,Plantae,species,reuzenberenklauw
Event,en,https://creativecommons.org/licenses/by/4.0/legalcode,POV,https://doi.org/10.15468/29cggt,POV,"Monitoring of invasive alien species by the Province East Flanders, Belgium",HumanObservation,casual observation,verified by experts,Exo_835,present,10,coverage in m²,2020-05-08,BE,51.04416,3.72776,WGS84,30,192859,105047,Lambert coordinates,EPSG:31370,Reynoutria,Plantae,genus,
Event,en,https://creativecommons.org/licenses/by/4.0/legalcode,POV,https://doi.org/10.15468/29cggt,POV,"Monitoring of invasive alien species by the Province East Flanders, Belgium",HumanObservation,casual observation,verified by experts,Exo_840,present,,,2020-05-11,BE,51.04483,3.67130,WGS84,30,192969,101088,Lambert coordinates,EPSG:31370,Heracleum mantegazzianum,Plantae,species,reuzenberenklauw
Event,en,https://creativecommons.org/licenses/by/4.0/legalcode,POV,https://doi.org/10.15468/29cggt,POV,"Monitoring of invasive alien species by the Province East Flanders, Belgium",HumanObservation,casual observation,verified by experts,Exo_846,present,,,2020-05-12,BE,50.99078,3.81908,WGS84,30,186869,111407,Lambert coordinates,EPSG:31370,Trachemys scripta,Animalia,species,lettersierschildpad
Event,en,https://creativecommons.org/licenses/by/4.0/legalcode,POV,https://doi.org/10.15468/29cggt,POV,"Monitoring of invasive alien species by the Province East Flanders, Belgium",HumanObservation,casual observation,verified by experts,Exo_848,present,,,2020-05-12,BE,50.97416,3.78725,WGS84,30,185038,109158,Lambert coordinates,EPSG:31370,Heracleum mantegazzianum,Plantae,species,reuzenberenklauw
Event,en,https://creativecommons.org/licenses/by/4.0/legalcode,POV,https://doi.org/10.15468/29cggt,POV,"Monitoring of invasive alien species by the Province East Flanders, Belgium",HumanObservation,casual observation,verified by experts,Exo_849,present,9,coverage in m²,2020-05-12,BE,51.03841,3.69301,WGS84,30,192241,102604,Lambert coordinates,EPSG:31370,Reynoutria,Plantae,genus,
Event,en,https://creativecommons.org/licenses/by/4.0/legalcode,POV,https://doi.org/10.15468/29cggt,POV,"Monitoring of invasive alien species by the Province East Flanders, Belgium",HumanObservation,casual observation,verified by experts,Exo_854,present,,,2020-05-18,BE,50.95362,3.66207,WGS84,30,182828,100345,Lambert coordinates,EPSG:31370,Trachemys scripta,Animalia,species,lettersierschildpad
Event,en,https://creativecommons.org/licenses/by/4.0/legalcode,POV,https://doi.org/10.15468/29cggt,POV,"Monitoring of invasive alien species by the Province East Flanders, Belgium",HumanObservation,casual observation,verified by experts,Exo_855,present,,,2020-05-18,BE,50.96372,3.68751,WGS84,30,183936,102142,Lambert coordinates,EPSG:31370,Trachemys scripta,Animalia,species,lettersierschildpad
Event,en,https://creativecommons.org/licenses/by/4.0/legalcode,POV,https://doi.org/10.15468/29cggt,POV,"Monitoring of invasive alien species by the Province East Flanders, Belgium",HumanObservation,casual observation,verified by experts,Exo_856,present,,,2020-05-19,BE,50.98438,3.72026,WGS84,30,186214,104463,Lambert coordinates,EPSG:31370,Trachemys scripta,Animalia,species,lettersierschildpad
Event,en,https://creativecommons.org/licenses/by/4.0/legalcode,POV,https://doi.org/10.15468/29cggt,POV,"Monitoring of invasive alien species by the Province East Flanders, Belgium",HumanObservation,casual observation,verified by experts,Exo_857,present,,,2020-05-19,BE,50.86343,3.63267,WGS84,30,172816,98179,Lambert coordinates,EPSG:31370,Trachemys scripta,Animalia,species,lettersierschildpad
Event,en,https://creativecommons.org/licenses/by/4.0/legalcode,POV,https://doi.org/10.15468/29cggt,POV,"Monitoring of invasive alien species by the Province East Flanders, Belgium",HumanObservation,casual observation,verified by experts,Exo_858,present,1,coverage in m²,2020-05-19,BE,50.95020,3.77623,WGS84,30,182378,108363,Lambert coordinates,EPSG:31370,Heracleum mantegazzianum,Plantae,species,reuzenberenklauw
Event,en,https://creativecommons.org/licenses/by/4.0/legalcode,POV,https://doi.org/10.15468/29cggt,POV,"Monitoring of invasive alien species by the Province East Flanders, Belgium",HumanObservation,casual observation,verified by experts,Exo_859,present,,,2020-05-19,BE,51.01584,3.18556,WGS84,30,190176,66975,Lambert coordinates,EPSG:31370,Rosa multiflora,Plantae,species,veelbloemige roos
Event,en,https://creativecommons.org/licenses/by/4.0/legalcode,POV,https://doi.org/10.15468/29cggt,POV,"Monitoring of invasive alien species by the Province East Flanders, Belgium",HumanObservation,casual observation,verified by experts,Exo_860,present,,,2020-05-25,BE,50.92272,3.66200,WGS84,30,179391,100307,Lambert coordinates,EPSG:31370,Trachemys scripta,Animalia,species,lettersierschildpad
Event,en,https://creativecommons.org/licenses/by/4.0/legalcode,POV,https://doi.org/10.15468/29cggt,POV,"Monitoring of invasive alien species by the Province East Flanders, Belgium",HumanObservation,casual observation,verified by experts,Exo_861,present,,,2020-05-25,BE,50.95341,3.66170,WGS84,30,182805,100318,Lambert coordinates,EPSG:31370,Trachemys scripta,Animalia,species,lettersierschildpad
Event,en,https://creativecommons.org/licenses/by/4.0/legalcode,POV,https://doi.org/10.15468/29cggt,POV,"Monitoring of invasive alien species by the Province East Flanders, Belgium",HumanObservation,casual observation,verified by experts,Exo_864,present,,,2020-05-25,BE,51.03722,3.68433,WGS84,30,192115,101994,Lambert coordinates,EPSG:31370,Rosa multiflora,Plantae,species,veelbloemige roos
Event,en,https://creativecommons.org/licenses/by/4.0/legalcode,POV,https://doi.org/10.15468/29cggt,POV,"Monitoring of invasive alien species by the Province East Flanders, Belgium",HumanObservation,casual observation,verified by experts,Exo_865,present,,,2020-05-25,BE,51.06363,3.75001,WGS84,30,195012,106625,Lambert coordinates,EPSG:31370,Rosa multiflora,Plantae,species,veelbloemige roos
Event,en,https://creativecommons.org/licenses/by/4.0/legalcode,POV,https://doi.org/10.15468/29cggt,POV,"Monitoring of invasive alien species by the Province East Flanders, Belgium",HumanObservation,casual observation,verified by experts,Exo_866,present,,,2020-05-25,BE,51.06330,3.74848,WGS84,30,194976,106518,Lambert coordinates,EPSG:31370,Rosa multiflora,Plantae,species,veelbloemige roos
Event,en,https://creativecommons.org/licenses/by/4.0/legalcode,POV,https://doi.org/10.15468/29cggt,POV,"Monitoring of invasive alien species by the Province East Flanders, Belgium",HumanObservation,casual observation,verified by experts,Exo_867,present,,,2020-05-25,BE,51.02941,3.63186,WGS84,30,191281,98306,Lambert coordinates,EPSG:31370,Heracleum mantegazzianum,Plantae,species,reuzenberenklauw
Event,en,https://creativecommons.org/licenses/by/4.0/legalcode,POV,https://doi.org/10.15468/29cggt,POV,"Monitoring of invasive alien species by the Province East Flanders, Belgium",HumanObservation,casual observation,verified by experts,Exo_868,present,,,2020-05-25,BE,51.00040,3.57960,WGS84,30,188091,94605,Lambert coordinates,EPSG:31370,Heracleum mantegazzianum,Plantae,species,reuzenberenklauw
Event,en,https://creativecommons.org/licenses/by/4.0/legalcode,POV,https://doi.org/10.15468/29cggt,POV,"Monitoring of invasive alien species by the Province East Flanders, Belgium",HumanObservation,casual observation,verified by experts,Exo_869,present,4,coverage in m²,2020-05-25,BE,51.02700,3.62295,WGS84,30,191019,97678,Lambert coordinates,EPSG:31370,Heracleum mantegazzianum,Plantae,species,reuzenberenklauw
Event,en,https://creativecommons.org/licenses/by/4.0/legalcode,POV,https://doi.org/10.15468/29cggt,POV,"Monitoring of invasive alien species by the Province East Flanders, Belgium",HumanObservation,casual observation,verified by experts,Exo_870,present,,,2020-05-25,BE,51.05300,3.82853,WGS84,30,193786,112121,Lambert coordinates,EPSG:31370,Rosa multiflora,Plantae,species,veelbloemige roos
Event,en,https://creativecommons.org/licenses/by/4.0/legalcode,POV,https://doi.org/10.15468/29cggt,POV,"Monitoring of invasive alien species by the Province East Flanders, Belgium",HumanObservation,casual observation,verified by experts,Exo_871,present,,,2020-05-25,BE,50.98979,3.83774,WGS84,30,186750,112717,Lambert coordinates,EPSG:31370,Rosa multiflora,Plantae,species,veelbloemige roos
Event,en,https://creativecommons.org/licenses/by/4.0/legalcode,POV,https://doi.org/10.15468/29cggt,POV,"Monitoring of invasive alien species by the Province East Flanders, Belgium",HumanObservation,casual observation,verified by experts,Exo_873,present,,,2020-05-25,BE,51.03115,3.67384,WGS84,30,191445,101252,Lambert coordinates,EPSG:31370,Heracleum mantegazzianum,Plantae,species,reuzenberenklauw
Event,en,https://creativecommons.org/licenses/by/4.0/legalcode,POV,https://doi.org/10.15468/29cggt,POV,"Monitoring of invasive alien species by the Province East Flanders, Belgium",HumanObservation,casual observation,verified by experts,Exo_874,present,20,coverage in m²,2020-05-25,BE,51.04139,3.67350,WGS84,30,192584,101239,Lambert coordinates,EPSG:31370,Heracleum mantegazzianum,Plantae,species,reuzenberenklauw
Event,en,https://creativecommons.org/licenses/by/4.0/legalcode,POV,https://doi.org/10.15468/29cggt,POV,"Monitoring of invasive alien species by the Province East Flanders, Belgium",HumanObservation,casual observation,verified by experts,Exo_875,present,,,2020-05-25,BE,51.03803,3.68364,WGS84,30,192204,101947,Lambert coordinates,EPSG:31370,Rosa multiflora,Plantae,species,veelbloemige roos
Event,en,https://creativecommons.org/licenses/by/4.0/legalcode,POV,https://doi.org/10.15468/29cggt,POV,"Monitoring of invasive alien species by the Province East Flanders, Belgium",HumanObservation,casual observation,verified by experts,Exo_876,present,,,2020-05-25,BE,50.85394,3.63852,WGS84,30,171756,98581,Lambert coordinates,EPSG:31370,Heracleum mantegazzianum,Plantae,species,reuzenberenklauw
Event,en,https://creativecommons.org/licenses/by/4.0/legalcode,POV,https://doi.org/10.15468/29cggt,POV,"Monitoring of invasive alien species by the Province East Flanders, Belgium",HumanObservation,casual observation,verified by experts,Exo_877,present,,,2020-05-25,BE,51.14630,3.81230,WGS84,30,204174,111061,Lambert coordinates,EPSG:31370,Heracleum mantegazzianum,Plantae,species,reuzenberenklauw
Event,en,https://creativecommons.org/licenses/by/4.0/legalcode,POV,https://doi.org/10.15468/29cggt,POV,"Monitoring of invasive alien species by the Province East Flanders, Belgium",HumanObservation,casual observation,verified by experts,Exo_878,present,,,2020-05-25,BE,51.14618,3.81234,WGS84,30,204160,111063,Lambert coordinates,EPSG:31370,Heracleum mantegazzianum,Plantae,species,reuzenberenklauw
Event,en,https://creativecommons.org/licenses/by/4.0/legalcode,POV,https://doi.org/10.15468/29cggt,POV,"Monitoring of invasive alien species by the Province East Flanders, Belgium",HumanObservation,casual observation,verified by experts,Exo_880,present,6,coverage in m²,2020-05-25,BE,51.31443,4.24873,WGS84,30,222740,141630,Lambert coordinates,EPSG:31370,Heracleum mantegazzianum,Plantae,species,reuzenberenklauw
Event,en,https://creativecommons.org/licenses/by/4.0/legalcode,POV,https://doi.org/10.15468/29cggt,POV,"Monitoring of invasive alien species by the Province East Flanders, Belgium",HumanObservation,casual observation,verified by experts,Exo_882,present,2,coverage in m²,2020-05-28,BE,50.92625,4.08810,WGS84,30,179585,130268,Lambert coordinates,EPSG:31370,Heracleum mantegazzianum,Plantae,species,reuzenberenklauw
Event,en,https://creativecommons.org/licenses/by/4.0/legalcode,POV,https://doi.org/10.15468/29cggt,POV,"Monitoring of invasive alien species by the Province East Flanders, Belgium",HumanObservation,casual observation,verified by experts,Exo_883,present,5,coverage in m²,2020-05-28,BE,51.06895,3.76737,WGS84,30,195594,107847,Lambert coordinates,EPSG:31370,Heracleum mantegazzianum,Plantae,species,reuzenberenklauw
Event,en,https://creativecommons.org/licenses/by/4.0/legalcode,POV,https://doi.org/10.15468/29cggt,POV,"Monitoring of invasive alien species by the Province East Flanders, Belgium",HumanObservation,casual observation,verified by experts,Exo_885,present,,,2020-06-02,BE,51.03546,3.71985,WGS84,30,191896,104484,Lambert coordinates,EPSG:31370,Myriophyllum heterophyllum,Plantae,species,ongelijkbladig vederkruid
Event,en,https://creativecommons.org/licenses/by/4.0/legalcode,POV,https://doi.org/10.15468/29cggt,POV,"Monitoring of invasive alien species by the Province East Flanders, Belgium",HumanObservation,casual observation,verified by experts,Exo_886,present,,,2020-06-02,BE,51.02360,3.77203,WGS84,30,190546,108133,Lambert coordinates,EPSG:31370,Trachemys scripta,Animalia,species,lettersierschildpad
Event,en,https://creativecommons.org/licenses/by/4.0/legalcode,POV,https://doi.org/10.15468/29cggt,POV,"Monitoring of invasive alien species by the Province East Flanders, Belgium",HumanObservation,casual observation,verified by experts,Exo_887,present,,,2020-06-02,BE,51.24011,4.26906,WGS84,30,214470,143037,Lambert coordinates,EPSG:31370,Heracleum mantegazzianum,Plantae,species,reuzenberenklauw
Event,en,https://creativecommons.org/licenses/by/4.0/legalcode,POV,https://doi.org/10.15468/29cggt,POV,"Monitoring of invasive alien species by the Province East Flanders, Belgium",HumanObservation,casual observation,verified by experts,Exo_889,present,,,2020-06-03,BE,50.95849,3.50564,WGS84,30,183486,89360,Lambert coordinates,EPSG:31370,Heracleum mantegazzianum,Plantae,species,reuzenberenklauw
Event,en,https://creativecommons.org/licenses/by/4.0/legalcode,POV,https://doi.org/10.15468/29cggt,POV,"Monitoring of invasive alien species by the Province East Flanders, Belgium",HumanObservation,casual observation,verified by experts,Exo_892,present,,,2020-06-08,BE,50.74509,3.63485,WGS84,30,159651,98203,Lambert coordinates,EPSG:31370,Heracleum mantegazzianum,Plantae,species,reuzenberenklauw
Event,en,https://creativecommons.org/licenses/by/4.0/legalcode,POV,https://doi.org/10.15468/29cggt,POV,"Monitoring of invasive alien species by the Province East Flanders, Belgium",HumanObservation,casual observation,verified by experts,Exo_893,present,10,coverage in m²,2020-06-08,BE,51.31449,4.24857,WGS84,30,222747,141620,Lambert coordinates,EPSG:31370,Heracleum mantegazzianum,Plantae,species,reuzenberenklauw
Event,en,https://creativecommons.org/licenses/by/4.0/legalcode,POV,https://doi.org/10.15468/29cggt,POV,"Monitoring of invasive alien species by the Province East Flanders, Belgium",HumanObservation,casual observation,verified by experts,Exo_894,present,,,2020-06-09,BE,51.03508,3.69616,WGS84,30,191868,102822,Lambert coordinates,EPSG:31370,Heracleum mantegazzianum,Plantae,species,reuzenberenklauw
Event,en,https://creativecommons.org/licenses/by/4.0/legalcode,POV,https://doi.org/10.15468/29cggt,POV,"Monitoring of invasive alien species by the Province East Flanders, Belgium",HumanObservation,casual observation,verified by experts,Exo_896,present,,,2020-06-09,BE,51.15403,3.75786,WGS84,30,205064,107258,Lambert coordinates,EPSG:31370,Crassula helmsii,Plantae,species,watercrassula
Event,en,https://creativecommons.org/licenses/by/4.0/legalcode,POV,https://doi.org/10.15468/29cggt,POV,"Monitoring of invasive alien species by the Province East Flanders, Belgium",HumanObservation,casual observation,verified by experts,Exo_897,present,,,2020-06-09,BE,51.15368,3.76062,WGS84,30,205023,107451,Lambert coordinates,EPSG:31370,Crassula helmsii,Plantae,species,watercrassula
Event,en,https://creativecommons.org/licenses/by/4.0/legalcode,POV,https://doi.org/10.15468/29cggt,POV,"Monitoring of invasive alien species by the Province East Flanders, Belgium",HumanObservation,casual observation,verified by experts,Exo_900,present,,,2020-06-10,BE,51.18396,3.60432,WGS84,30,208493,96551,Lambert coordinates,EPSG:31370,Heracleum mantegazzianum,Plantae,species,reuzenberenklauw
Event,en,https://creativecommons.org/licenses/by/4.0/legalcode,POV,https://doi.org/10.15468/29cggt,POV,"Monitoring of invasive alien species by the Province East Flanders, Belgium",HumanObservation,casual observation,verified by experts,Exo_907,present,10,coverage in m²,2020-06-15,BE,51.04217,4.15978,WGS84,30,192464,135343,Lambert coordinates,EPSG:31370,Heracleum mantegazzianum,Plantae,species,reuzenberenklauw
Event,en,https://creativecommons.org/licenses/by/4.0/legalcode,POV,https://doi.org/10.15468/29cggt,POV,"Monitoring of invasive alien species by the Province East Flanders, Belgium",HumanObservation,casual observation,verified by experts,Exo_911,present,,,2020-06-15,BE,51.10334,4.01778,WGS84,30,199307,125417,Lambert coordinates,EPSG:31370,Trachemys scripta,Animalia,species,lettersierschildpad
Event,en,https://creativecommons.org/licenses/by/4.0/legalcode,POV,https://doi.org/10.15468/29cggt,POV,"Monitoring of invasive alien species by the Province East Flanders, Belgium",HumanObservation,casual observation,verified by experts,Exo_912,present,,,2020-06-15,BE,51.14765,3.83238,WGS84,30,204314,112467,Lambert coordinates,EPSG:31370,Heracleum mantegazzianum,Plantae,species,reuzenberenklauw
Event,en,https://creativecommons.org/licenses/by/4.0/legalcode,POV,https://doi.org/10.15468/29cggt,POV,"Monitoring of invasive alien species by the Province East Flanders, Belgium",HumanObservation,casual observation,verified by experts,Exo_913,present,,,2020-06-15,BE,50.77034,3.46565,WGS84,30,162591,86296,Lambert coordinates,EPSG:31370,Heracleum mantegazzianum,Plantae,species,reuzenberenklauw
Event,en,https://creativecommons.org/licenses/by/4.0/legalcode,POV,https://doi.org/10.15468/29cggt,POV,"Monitoring of invasive alien species by the Province East Flanders, Belgium",HumanObservation,casual observation,verified by experts,Exo_914,present,,,2020-06-15,BE,50.84164,3.93866,WGS84,30,170224,119707,Lambert coordinates,EPSG:31370,Heracleum mantegazzianum,Plantae,species,reuzenberenklauw
Event,en,https://creativecommons.org/licenses/by/4.0/legalcode,POV,https://doi.org/10.15468/29cggt,POV,"Monitoring of invasive alien species by the Province East Flanders, Belgium",HumanObservation,casual observation,verified by experts,Exo_915,present,,,2020-06-15,BE,50.84155,3.93872,WGS84,30,170214,119711,Lambert coordinates,EPSG:31370,Heracleum mantegazzianum,Plantae,species,reuzenberenklauw
Event,en,https://creativecommons.org/licenses/by/4.0/legalcode,POV,https://doi.org/10.15468/29cggt,POV,"Monitoring of invasive alien species by the Province East Flanders, Belgium",HumanObservation,casual observation,verified by experts,Exo_916,present,,,2020-06-15,BE,50.84194,3.93846,WGS84,30,170257,119693,Lambert coordinates,EPSG:31370,Gunnera tinctoria,Plantae,species,gewone gunnera
Event,en,https://creativecommons.org/licenses/by/4.0/legalcode,POV,https://doi.org/10.15468/29cggt,POV,"Monitoring of invasive alien species by the Province East Flanders, Belgium",HumanObservation,casual observation,verified by experts,Exo_917,present,,,2020-06-15,BE,50.84124,3.93884,WGS84,30,170179,119720,Lambert coordinates,EPSG:31370,Heracleum mantegazzianum,Plantae,species,reuzenberenklauw
Event,en,https://creativecommons.org/licenses/by/4.0/legalcode,POV,https://doi.org/10.15468/29cggt,POV,"Monitoring of invasive alien species by the Province East Flanders, Belgium",HumanObservation,casual observation,verified by experts,Exo_921,present,,,2020-06-16,BE,51.14762,3.83186,WGS84,30,204311,112431,Lambert coordinates,EPSG:31370,Heracleum mantegazzianum,Plantae,species,reuzenberenklauw
Event,en,https://creativecommons.org/licenses/by/4.0/legalcode,POV,https://doi.org/10.15468/29cggt,POV,"Monitoring of invasive alien species by the Province East Flanders, Belgium",HumanObservation,casual observation,verified by experts,Exo_922,present,,,2020-06-16,BE,51.14741,3.82991,WGS84,30,204288,112294,Lambert coordinates,EPSG:31370,Heracleum mantegazzianum,Plantae,species,reuzenberenklauw
Event,en,https://creativecommons.org/licenses/by/4.0/legalcode,POV,https://doi.org/10.15468/29cggt,POV,"Monitoring of invasive alien species by the Province East Flanders, Belgium",HumanObservation,casual observation,verified by experts,Exo_923,present,,,2020-06-16,BE,50.76602,3.85058,WGS84,30,161852,113445,Lambert coordinates,EPSG:31370,Reynoutria,Plantae,genus,
Event,en,https://creativecommons.org/licenses/by/4.0/legalcode,POV,https://doi.org/10.15468/29cggt,POV,"Monitoring of invasive alien species by the Province East Flanders, Belgium",HumanObservation,casual observation,verified by experts,Exo_927,present,,,2020-06-17,BE,51.09297,3.70162,WGS84,30,198305,103263,Lambert coordinates,EPSG:31370,Lagarosiphon major,Plantae,species,ruwe waterpest
Event,en,https://creativecommons.org/licenses/by/4.0/legalcode,POV,https://doi.org/10.15468/29cggt,POV,"Monitoring of invasive alien species by the Province East Flanders, Belgium",HumanObservation,casual observation,verified by experts,Exo_930,present,,,2020-06-18,BE,50.81766,3.98306,WGS84,30,167539,122820,Lambert coordinates,EPSG:31370,Heracleum mantegazzianum,Plantae,species,reuzenberenklauw
Event,en,https://creativecommons.org/licenses/by/4.0/legalcode,POV,https://doi.org/10.15468/29cggt,POV,"Monitoring of invasive alien species by the Province East Flanders, Belgium",HumanObservation,casual observation,verified by experts,Exo_932,present,5,coverage in m²,2020-06-19,BE,51.07492,3.71868,WGS84,30,196286,104440,Lambert coordinates,EPSG:31370,Heracleum mantegazzianum,Plantae,species,reuzenberenklauw
Event,en,https://creativecommons.org/licenses/by/4.0/legalcode,POV,https://doi.org/10.15468/29cggt,POV,"Monitoring of invasive alien species by the Province East Flanders, Belgium",HumanObservation,casual observation,verified by experts,Exo_933,present,,,2020-06-19,BE,51.11967,3.67829,WGS84,30,201290,101656,Lambert coordinates,EPSG:31370,Myriophyllum aquaticum,Plantae,species,parelvederkruid
Event,en,https://creativecommons.org/licenses/by/4.0/legalcode,POV,https://doi.org/10.15468/29cggt,POV,"Monitoring of invasive alien species by the Province East Flanders, Belgium",HumanObservation,casual observation,verified by experts,Exo_934,present,,,2020-06-19,BE,51.11969,3.67850,WGS84,30,201292,101671,Lambert coordinates,EPSG:31370,Myriophyllum aquaticum,Plantae,species,parelvederkruid
Event,en,https://creativecommons.org/licenses/by/4.0/legalcode,POV,https://doi.org/10.15468/29cggt,POV,"Monitoring of invasive alien species by the Province East Flanders, Belgium",HumanObservation,casual observation,verified by experts,Exo_941,present,,,2020-06-24,BE,51.00228,4.08193,WGS84,30,188045,129867,Lambert coordinates,EPSG:31370,Heracleum mantegazzianum,Plantae,species,reuzenberenklauw
Event,en,https://creativecommons.org/licenses/by/4.0/legalcode,POV,https://doi.org/10.15468/29cggt,POV,"Monitoring of invasive alien species by the Province East Flanders, Belgium",HumanObservation,casual observation,verified by experts,Exo_957,present,150,coverage in m²,2020-07-03,BE,51.03679,3.77079,WGS84,30,192014,108058,Lambert coordinates,EPSG:31370,Hydrocotyle ranunculoides,Plantae,species,grote waternavel
Event,en,https://creativecommons.org/licenses/by/4.0/legalcode,POV,https://doi.org/10.15468/29cggt,POV,"Monitoring of invasive alien species by the Province East Flanders, Belgium",HumanObservation,casual observation,verified by experts,Exo_958,present,,,2020-07-03,BE,51.03639,3.77275,WGS84,30,191969,108195,Lambert coordinates,EPSG:31370,Hydrocotyle ranunculoides,Plantae,species,grote waternavel
Event,en,https://creativecommons.org/licenses/by/4.0/legalcode,POV,https://doi.org/10.15468/29cggt,POV,"Monitoring of invasive alien species by the Province East Flanders, Belgium",HumanObservation,casual observation,verified by experts,Exo_961,present,,,2020-07-06,BE,51.18163,3.84310,WGS84,30,208089,113244,Lambert coordinates,EPSG:31370,Phytolacca americana,Plantae,species,westerse karmozijnbes
Event,en,https://creativecommons.org/licenses/by/4.0/legalcode,POV,https://doi.org/10.15468/29cggt,POV,"Monitoring of invasive alien species by the Province East Flanders, Belgium",HumanObservation,casual observation,verified by experts,Exo_964,present,,,2020-07-06,BE,51.13748,3.39809,WGS84,30,203490,82064,Lambert coordinates,EPSG:31370,Heracleum mantegazzianum,Plantae,species,reuzenberenklauw
Event,en,https://creativecommons.org/licenses/by/4.0/legalcode,POV,https://doi.org/10.15468/29cggt,POV,"Monitoring of invasive alien species by the Province East Flanders, Belgium",HumanObservation,casual observation,verified by experts,Exo_965,present,,,2020-07-07,BE,50.93571,4.00109,WGS84,30,180664,124156,Lambert coordinates,EPSG:31370,Heracleum mantegazzianum,Plantae,species,reuzenberenklauw
Event,en,https://creativecommons.org/licenses/by/4.0/legalcode,POV,https://doi.org/10.15468/29cggt,POV,"Monitoring of invasive alien species by the Province East Flanders, Belgium",HumanObservation,casual observation,verified by experts,Exo_967,present,,,2020-07-07,BE,50.83017,4.05583,WGS84,30,168907,127954,Lambert coordinates,EPSG:31370,Reynoutria,Plantae,genus,
Event,en,https://creativecommons.org/licenses/by/4.0/legalcode,POV,https://doi.org/10.15468/29cggt,POV,"Monitoring of invasive alien species by the Province East Flanders, Belgium",HumanObservation,casual observation,verified by experts,Exo_971,present,,,2020-07-10,BE,51.14724,3.90516,WGS84,30,204234,117559,Lambert coordinates,EPSG:31370,Heracleum mantegazzianum,Plantae,species,reuzenberenklauw
Event,en,https://creativecommons.org/licenses/by/4.0/legalcode,POV,https://doi.org/10.15468/29cggt,POV,"Monitoring of invasive alien species by the Province East Flanders, Belgium",HumanObservation,casual observation,verified by experts,Exo_973,present,,,2020-07-10,BE,50.83260,4.03316,WGS84,30,169183,126358,Lambert coordinates,EPSG:31370,Heracleum mantegazzianum,Plantae,species,reuzenberenklauw
Event,en,https://creativecommons.org/licenses/by/4.0/legalcode,POV,https://doi.org/10.15468/29cggt,POV,"Monitoring of invasive alien species by the Province East Flanders, Belgium",HumanObservation,casual observation,verified by experts,Exo_975,present,3,coverage in m²,2020-07-13,BE,50.99553,4.07687,WGS84,30,187296,129508,Lambert coordinates,EPSG:31370,Heracleum mantegazzianum,Plantae,species,reuzenberenklauw
Event,en,https://creativecommons.org/licenses/by/4.0/legalcode,POV,https://doi.org/10.15468/29cggt,POV,"Monitoring of invasive alien species by the Province East Flanders, Belgium",HumanObservation,casual observation,verified by experts,Exo_978,present,,,2020-07-14,BE,51.09143,3.59663,WGS84,30,198205,95906,Lambert coordinates,EPSG:31370,Heracleum mantegazzianum,Plantae,species,reuzenberenklauw
Event,en,https://creativecommons.org/licenses/by/4.0/legalcode,POV,https://doi.org/10.15468/29cggt,POV,"Monitoring of invasive alien species by the Province East Flanders, Belgium",HumanObservation,casual observation,verified by experts,Exo_979,present,,,2020-07-17,BE,51.16889,3.50909,WGS84,30,206889,89873,Lambert coordinates,EPSG:31370,Gunnera tinctoria,Plantae,species,gewone gunnera
Event,en,https://creativecommons.org/licenses/by/4.0/legalcode,POV,https://doi.org/10.15468/29cggt,POV,"Monitoring of invasive alien species by the Province East Flanders, Belgium",HumanObservation,casual observation,verified by experts,Exo_983,present,,,2020-08-07,BE,50.92182,3.92507,WGS84,30,179149,118803,Lambert coordinates,EPSG:31370,Heracleum mantegazzianum,Plantae,species,reuzenberenklauw
Event,en,https://creativecommons.org/licenses/by/4.0/legalcode,POV,https://doi.org/10.15468/29cggt,POV,"Monitoring of invasive alien species by the Province East Flanders, Belgium",HumanObservation,casual observation,verified by experts,Exo_1001,present,,,2020-08-07,BE,50.78010,3.57605,WGS84,30,163589,94095,Lambert coordinates,EPSG:31370,Heracleum mantegazzianum,Plantae,species,reuzenberenklauw
Event,en,https://creativecommons.org/licenses/by/4.0/legalcode,POV,https://doi.org/10.15468/29cggt,POV,"Monitoring of invasive alien species by the Province East Flanders, Belgium",HumanObservation,casual observation,verified by experts,Exo_1005,present,,,2020-08-10,BE,51.14687,3.81059,WGS84,30,204238,110941,Lambert coordinates,EPSG:31370,Lepomis gibbosus,Animalia,species,zonnebaars
Event,en,https://creativecommons.org/licenses/by/4.0/legalcode,POV,https://doi.org/10.15468/29cggt,POV,"Monitoring of invasive alien species by the Province East Flanders, Belgium",HumanObservation,casual observation,verified by experts,Exo_1020,present,,,2020-08-20,BE,51.03400,3.54736,WGS84,30,191853,92384,Lambert coordinates,EPSG:31370,Fallopia  baldschuanica,Plantae,species,Chinese bruidssluier
Event,en,https://creativecommons.org/licenses/by/4.0/legalcode,POV,https://doi.org/10.15468/29cggt,POV,"Monitoring of invasive alien species by the Province East Flanders, Belgium",HumanObservation,casual observation,verified by experts,Exo_1021,present,,,2020-08-20,BE,51.03400,3.54752,WGS84,30,191853,92395,Lambert coordinates,EPSG:31370,Fallopia  baldschuanica,Plantae,species,Chinese bruidssluier
Event,en,https://creativecommons.org/licenses/by/4.0/legalcode,POV,https://doi.org/10.15468/29cggt,POV,"Monitoring of invasive alien species by the Province East Flanders, Belgium",HumanObservation,casual observation,verified by experts,Exo_1023,present,,,2020-08-21,BE,51.18109,3.46074,WGS84,30,208286,86508,Lambert coordinates,EPSG:31370,Phytolacca americana,Plantae,species,westerse karmozijnbes
Event,en,https://creativecommons.org/licenses/by/4.0/legalcode,POV,https://doi.org/10.15468/29cggt,POV,"Monitoring of invasive alien species by the Province East Flanders, Belgium",HumanObservation,casual observation,verified by experts,Exo_1024,present,,,2020-08-21,BE,51.23610,4.06063,WGS84,30,214063,128479,Lambert coordinates,EPSG:31370,Ludwigia grandiflora,Plantae,species,waterteunisbloem
Event,en,https://creativecommons.org/licenses/by/4.0/legalcode,POV,https://doi.org/10.15468/29cggt,POV,"Monitoring of invasive alien species by the Province East Flanders, Belgium",HumanObservation,casual observation,verified by experts,Exo_1025,present,,,2020-08-21,BE,51.23745,4.06134,WGS84,30,214213,128529,Lambert coordinates,EPSG:31370,Ludwigia grandiflora,Plantae,species,waterteunisbloem
Event,en,https://creativecommons.org/licenses/by/4.0/legalcode,POV,https://doi.org/10.15468/29cggt,POV,"Monitoring of invasive alien species by the Province East Flanders, Belgium",HumanObservation,casual observation,verified by experts,Exo_1026,present,,,2020-08-24,BE,50.92392,4.05259,WGS84,30,179336,127770,Lambert coordinates,EPSG:31370,Heracleum mantegazzianum,Plantae,species,reuzenberenklauw
Event,en,https://creativecommons.org/licenses/by/4.0/legalcode,POV,https://doi.org/10.15468/29cggt,POV,"Monitoring of invasive alien species by the Province East Flanders, Belgium",HumanObservation,casual observation,verified by experts,Exo_1039,present,,,2020-09-04,BE,51.01770,3.78750,WGS84,30,189881,109213,Lambert coordinates,EPSG:31370,Heracleum mantegazzianum,Plantae,species,reuzenberenklauw
Event,en,https://creativecommons.org/licenses/by/4.0/legalcode,POV,https://doi.org/10.15468/29cggt,POV,"Monitoring of invasive alien species by the Province East Flanders, Belgium",HumanObservation,casual observation,verified by experts,Exo_1056,present,,,2020-09-18,BE,51.25219,3.47708,WGS84,30,216183,87746,Lambert coordinates,EPSG:31370,Hydrocotyle ranunculoides,Plantae,species,grote waternavel
Event,en,https://creativecommons.org/licenses/by/4.0/legalcode,POV,https://doi.org/10.15468/29cggt,POV,"Monitoring of invasive alien species by the Province East Flanders, Belgium",HumanObservation,casual observation,verified by experts,Exo_1057,present,,,2020-09-18,BE,51.25177,3.47896,WGS84,30,216134,87876,Lambert coordinates,EPSG:31370,Hydrocotyle ranunculoides,Plantae,species,grote waternavel
Event,en,https://creativecommons.org/licenses/by/4.0/legalcode,POV,https://doi.org/10.15468/29cggt,POV,"Monitoring of invasive alien species by the Province East Flanders, Belgium",HumanObservation,casual observation,verified by experts,Exo_1058,present,,,2020-09-18,BE,51.25243,3.53325,WGS84,30,216163,91667,Lambert coordinates,EPSG:31370,Crassula helmsii,Plantae,species,watercrassula
Event,en,https://creativecommons.org/licenses/by/4.0/legalcode,POV,https://doi.org/10.15468/29cggt,POV,"Monitoring of invasive alien species by the Province East Flanders, Belgium",HumanObservation,casual observation,verified by experts,Exo_1059,present,,,2020-09-18,BE,51.25173,3.53199,WGS84,30,216086,91578,Lambert coordinates,EPSG:31370,Crassula helmsii,Plantae,species,watercrassula
Event,en,https://creativecommons.org/licenses/by/4.0/legalcode,POV,https://doi.org/10.15468/29cggt,POV,"Monitoring of invasive alien species by the Province East Flanders, Belgium",HumanObservation,casual observation,verified by experts,Exo_1064,present,,,2020-09-21,BE,51.03389,4.03135,WGS84,30,191576,126332,Lambert coordinates,EPSG:31370,Pistia stratiotes,Plantae,species,watersla
Event,en,https://creativecommons.org/licenses/by/4.0/legalcode,POV,https://doi.org/10.15468/29cggt,POV,"Monitoring of invasive alien species by the Province East Flanders, Belgium",HumanObservation,casual observation,verified by experts,Exo_1066,present,,,2020-09-23,BE,51.03361,4.03135,WGS84,30,191545,126332,Lambert coordinates,EPSG:31370,Pistia stratiotes,Plantae,species,watersla
Event,en,https://creativecommons.org/licenses/by/4.0/legalcode,POV,https://doi.org/10.15468/29cggt,POV,"Monitoring of invasive alien species by the Province East Flanders, Belgium",HumanObservation,casual observation,verified by experts,Exo_1067,present,,,2020-09-23,BE,51.03368,4.03116,WGS84,30,191553,126318,Lambert coordinates,EPSG:31370,Pistia stratiotes,Plantae,species,watersla
Event,en,https://creativecommons.org/licenses/by/4.0/legalcode,POV,https://doi.org/10.15468/29cggt,POV,"Monitoring of invasive alien species by the Province East Flanders, Belgium",HumanObservation,casual observation,verified by experts,Exo_1068,present,,,2020-09-23,BE,51.03370,4.03164,WGS84,30,191555,126352,Lambert coordinates,EPSG:31370,Pistia stratiotes,Plantae,species,watersla
Event,en,https://creativecommons.org/licenses/by/4.0/legalcode,POV,https://doi.org/10.15468/29cggt,POV,"Monitoring of invasive alien species by the Province East Flanders, Belgium",HumanObservation,casual observation,verified by experts,Exo_1069,present,,,2020-09-23,BE,51.03382,4.03111,WGS84,30,191569,126315,Lambert coordinates,EPSG:31370,Pistia stratiotes,Plantae,species,watersla
Event,en,https://creativecommons.org/licenses/by/4.0/legalcode,POV,https://doi.org/10.15468/29cggt,POV,"Monitoring of invasive alien species by the Province East Flanders, Belgium",HumanObservation,casual observation,verified by experts,Exo_1070,present,,,2020-09-23,BE,51.03395,4.03154,WGS84,30,191582,126346,Lambert coordinates,EPSG:31370,Pistia stratiotes,Plantae,species,watersla
Event,en,https://creativecommons.org/licenses/by/4.0/legalcode,POV,https://doi.org/10.15468/29cggt,POV,"Monitoring of invasive alien species by the Province East Flanders, Belgium",HumanObservation,casual observation,verified by experts,Exo_1075,present,,,2020-09-28,BE,50.98067,3.47877,WGS84,30,185977,87501,Lambert coordinates,EPSG:31370,Ludwigia grandiflora,Plantae,species,waterteunisbloem
Event,en,https://creativecommons.org/licenses/by/4.0/legalcode,POV,https://doi.org/10.15468/29cggt,POV,"Monitoring of invasive alien species by the Province East Flanders, Belgium",HumanObservation,casual observation,verified by experts,Exo_1079,present,,,2020-10-05,BE,51.04319,3.45146,WGS84,30,192954,85670,Lambert coordinates,EPSG:31370,Myriophyllum aquaticum,Plantae,species,parelvederkruid
Event,en,https://creativecommons.org/licenses/by/4.0/legalcode,POV,https://doi.org/10.15468/29cggt,POV,"Monitoring of invasive alien species by the Province East Flanders, Belgium",HumanObservation,casual observation,verified by experts,Exo_1080,present,,,2020-05-06,BE,51.05370,3.49676,WGS84,30,194085,88861,Lambert coordinates,EPSG:31370,Lamium galeobdolon subsp. argentatum,Plantae,subspecies,bonte gele dovenetel
Event,en,https://creativecommons.org/licenses/by/4.0/legalcode,POV,https://doi.org/10.15468/29cggt,POV,"Monitoring of invasive alien species by the Province East Flanders, Belgium",HumanObservation,casual observation,verified by experts,Exo_1081,present,,,2020-05-08,BE,51.04499,3.45851,WGS84,30,193148,86167,Lambert coordinates,EPSG:31370,Lamium galeobdolon subsp. argentatum,Plantae,subspecies,bonte gele dovenetel
Event,en,https://creativecommons.org/licenses/by/4.0/legalcode,POV,https://doi.org/10.15468/29cggt,POV,"Monitoring of invasive alien species by the Province East Flanders, Belgium",HumanObservation,casual observation,verified by experts,Exo_1082,present,10,coverage in m²,2020-05-08,BE,51.04475,3.45865,WGS84,30,193122,86176,Lambert coordinates,EPSG:31370,Reynoutria,Plantae,genus,
Event,en,https://creativecommons.org/licenses/by/4.0/legalcode,POV,https://doi.org/10.15468/29cggt,POV,"Monitoring of invasive alien species by the Province East Flanders, Belgium",HumanObservation,casual observation,verified by experts,Exo_1083,present,10,coverage in m²,2020-05-08,BE,51.03988,3.44744,WGS84,30,192589,85383,Lambert coordinates,EPSG:31370,Reynoutria,Plantae,genus,
Event,en,https://creativecommons.org/licenses/by/4.0/legalcode,POV,https://doi.org/10.15468/29cggt,POV,"Monitoring of invasive alien species by the Province East Flanders, Belgium",HumanObservation,casual observation,verified by experts,Exo_1084,present,1,coverage in m²,2020-05-15,BE,51.05643,3.47242,WGS84,30,194409,87157,Lambert coordinates,EPSG:31370,Reynoutria,Plantae,genus,
Event,en,https://creativecommons.org/licenses/by/4.0/legalcode,POV,https://doi.org/10.15468/29cggt,POV,"Monitoring of invasive alien species by the Province East Flanders, Belgium",HumanObservation,casual observation,verified by experts,Exo_1085,present,,,2020-05-15,BE,51.05852,3.46838,WGS84,30,194645,86877,Lambert coordinates,EPSG:31370,Prunus serotina,Plantae,species,Amerikaanse vogelkers
Event,en,https://creativecommons.org/licenses/by/4.0/legalcode,POV,https://doi.org/10.15468/29cggt,POV,"Monitoring of invasive alien species by the Province East Flanders, Belgium",HumanObservation,casual observation,verified by experts,Exo_1086,present,,,2020-05-15,BE,51.06046,3.46723,WGS84,30,194862,86799,Lambert coordinates,EPSG:31370,Prunus serotina,Plantae,species,Amerikaanse vogelkers
Event,en,https://creativecommons.org/licenses/by/4.0/legalcode,POV,https://doi.org/10.15468/29cggt,POV,"Monitoring of invasive alien species by the Province East Flanders, Belgium",HumanObservation,casual observation,verified by experts,Exo_1087,present,,,2020-05-15,BE,51.06078,3.46473,WGS84,30,194899,86624,Lambert coordinates,EPSG:31370,Lamium galeobdolon subsp. argentatum,Plantae,subspecies,bonte gele dovenetel
Event,en,https://creativecommons.org/licenses/by/4.0/legalcode,POV,https://doi.org/10.15468/29cggt,POV,"Monitoring of invasive alien species by the Province East Flanders, Belgium",HumanObservation,casual observation,verified by experts,Exo_1088,present,,,2020-05-15,BE,51.06369,3.46395,WGS84,30,195224,86573,Lambert coordinates,EPSG:31370,Prunus serotina,Plantae,species,Amerikaanse vogelkers
Event,en,https://creativecommons.org/licenses/by/4.0/legalcode,POV,https://doi.org/10.15468/29cggt,POV,"Monitoring of invasive alien species by the Province East Flanders, Belgium",HumanObservation,casual observation,verified by experts,Exo_1089,present,,,2020-05-15,BE,51.06760,3.46035,WGS84,30,195661,86327,Lambert coordinates,EPSG:31370,Prunus serotina,Plantae,species,Amerikaanse vogelkers
Event,en,https://creativecommons.org/licenses/by/4.0/legalcode,POV,https://doi.org/10.15468/29cggt,POV,"Monitoring of invasive alien species by the Province East Flanders, Belgium",HumanObservation,casual observation,verified by experts,Exo_1090,present,,,2020-05-15,BE,51.06894,3.46681,WGS84,30,195805,86781,Lambert coordinates,EPSG:31370,Prunus serotina,Plantae,species,Amerikaanse vogelkers
Event,en,https://creativecommons.org/licenses/by/4.0/legalcode,POV,https://doi.org/10.15468/29cggt,POV,"Monitoring of invasive alien species by the Province East Flanders, Belgium",HumanObservation,casual observation,verified by experts,Exo_1091,present,,,2020-05-15,BE,51.06942,3.46915,WGS84,30,195857,86946,Lambert coordinates,EPSG:31370,Lamium galeobdolon subsp. argentatum,Plantae,subspecies,bonte gele dovenetel
Event,en,https://creativecommons.org/licenses/by/4.0/legalcode,POV,https://doi.org/10.15468/29cggt,POV,"Monitoring of invasive alien species by the Province East Flanders, Belgium",HumanObservation,casual observation,verified by experts,Exo_1092,present,3,coverage in m²,2020-05-15,BE,51.06959,3.46987,WGS84,30,195875,86996,Lambert coordinates,EPSG:31370,Reynoutria,Plantae,genus,
Event,en,https://creativecommons.org/licenses/by/4.0/legalcode,POV,https://doi.org/10.15468/29cggt,POV,"Monitoring of invasive alien species by the Province East Flanders, Belgium",HumanObservation,casual observation,verified by experts,Exo_1093,present,1,coverage in m²,2020-05-20,BE,51.06976,3.43923,WGS84,30,195921,84849,Lambert coordinates,EPSG:31370,Reynoutria,Plantae,genus,
Event,en,https://creativecommons.org/licenses/by/4.0/legalcode,POV,https://doi.org/10.15468/29cggt,POV,"Monitoring of invasive alien species by the Province East Flanders, Belgium",HumanObservation,casual observation,verified by experts,Exo_1095,present,,,2020-10-13,BE,51.13046,4.22311,WGS84,30,202276,139804,Lambert coordinates,EPSG:31370,Reynoutria,Plantae,genus,
Event,en,https://creativecommons.org/licenses/by/4.0/legalcode,POV,https://doi.org/10.15468/29cggt,POV,"Monitoring of invasive alien species by the Province East Flanders, Belgium",HumanObservation,casual observation,verified by experts,Exo_1096,present,,,2020-05-20,BE,51.06132,3.42511,WGS84,30,194994,83848,Lambert coordinates,EPSG:31370,Prunus serotina,Plantae,species,Amerikaanse vogelkers
Event,en,https://creativecommons.org/licenses/by/4.0/legalcode,POV,https://doi.org/10.15468/29cggt,POV,"Monitoring of invasive alien species by the Province East Flanders, Belgium",HumanObservation,casual observation,verified by experts,Exo_1097,present,,,2020-05-20,BE,51.06122,3.42508,WGS84,30,194983,83845,Lambert coordinates,EPSG:31370,Fargesia,Plantae,genus,bamboe
Event,en,https://creativecommons.org/licenses/by/4.0/legalcode,POV,https://doi.org/10.15468/29cggt,POV,"Monitoring of invasive alien species by the Province East Flanders, Belgium",HumanObservation,casual observation,verified by experts,Exo_1098,present,,,2020-05-20,BE,51.06485,3.42783,WGS84,30,195384,84043,Lambert coordinates,EPSG:31370,Prunus serotina,Plantae,species,Amerikaanse vogelkers
Event,en,https://creativecommons.org/licenses/by/4.0/legalcode,POV,https://doi.org/10.15468/29cggt,POV,"Monitoring of invasive alien species by the Province East Flanders, Belgium",HumanObservation,casual observation,verified by experts,Exo_1099,present,,,2020-05-28,BE,51.07469,3.42174,WGS84,30,196485,83630,Lambert coordinates,EPSG:31370,Solidago canadensis,Plantae,species,Canadese guldenroede
Event,en,https://creativecommons.org/licenses/by/4.0/legalcode,POV,https://doi.org/10.15468/29cggt,POV,"Monitoring of invasive alien species by the Province East Flanders, Belgium",HumanObservation,casual observation,verified by experts,Exo_1100,present,10,coverage in m²,2020-05-28,BE,51.08856,3.37003,WGS84,30,198074,80027,Lambert coordinates,EPSG:31370,Reynoutria,Plantae,genus,
Event,en,https://creativecommons.org/licenses/by/4.0/legalcode,POV,https://doi.org/10.15468/29cggt,POV,"Monitoring of invasive alien species by the Province East Flanders, Belgium",HumanObservation,casual observation,verified by experts,Exo_1101,present,,,2020-05-29,BE,51.10542,3.34790,WGS84,30,199972,78503,Lambert coordinates,EPSG:31370,Prunus serotina,Plantae,species,Amerikaanse vogelkers
Event,en,https://creativecommons.org/licenses/by/4.0/legalcode,POV,https://doi.org/10.15468/29cggt,POV,"Monitoring of invasive alien species by the Province East Flanders, Belgium",HumanObservation,casual observation,verified by experts,Exo_1102,present,,,2020-05-29,BE,51.09775,3.34330,WGS84,30,199122,78169,Lambert coordinates,EPSG:31370,Robinia,Plantae,genus,robinia
Event,en,https://creativecommons.org/licenses/by/4.0/legalcode,POV,https://doi.org/10.15468/29cggt,POV,"Monitoring of invasive alien species by the Province East Flanders, Belgium",HumanObservation,casual observation,verified by experts,Exo_1103,present,,,2020-05-29,BE,51.09792,3.34337,WGS84,30,199141,78174,Lambert coordinates,EPSG:31370,Prunus serotina,Plantae,species,Amerikaanse vogelkers
Event,en,https://creativecommons.org/licenses/by/4.0/legalcode,POV,https://doi.org/10.15468/29cggt,POV,"Monitoring of invasive alien species by the Province East Flanders, Belgium",HumanObservation,casual observation,verified by experts,Exo_1104,present,30,coverage in m²,2020-05-29,BE,51.09440,3.36206,WGS84,30,198731,79478,Lambert coordinates,EPSG:31370,Heracleum mantegazzianum,Plantae,species,reuzenberenklauw
Event,en,https://creativecommons.org/licenses/by/4.0/legalcode,POV,https://doi.org/10.15468/29cggt,POV,"Monitoring of invasive alien species by the Province East Flanders, Belgium",HumanObservation,casual observation,verified by experts,Exo_1105,present,30,coverage in m²,2020-06-03,BE,51.09384,3.51475,WGS84,30,198535,90173,Lambert coordinates,EPSG:31370,Rosa rugosa,Plantae,species,rimpelroos
Event,en,https://creativecommons.org/licenses/by/4.0/legalcode,POV,https://doi.org/10.15468/29cggt,POV,"Monitoring of invasive alien species by the Province East Flanders, Belgium",HumanObservation,casual observation,verified by experts,Exo_1106,present,,,2020-06-04,BE,51.09756,3.49354,WGS84,30,198967,88692,Lambert coordinates,EPSG:31370,Rosa rugosa,Plantae,species,rimpelroos
Event,en,https://creativecommons.org/licenses/by/4.0/legalcode,POV,https://doi.org/10.15468/29cggt,POV,"Monitoring of invasive alien species by the Province East Flanders, Belgium",HumanObservation,casual observation,verified by experts,Exo_1107,present,,,2020-06-11,BE,51.10606,3.38048,WGS84,30,200012,80785,Lambert coordinates,EPSG:31370,Robinia,Plantae,genus,robinia
Event,en,https://creativecommons.org/licenses/by/4.0/legalcode,POV,https://doi.org/10.15468/29cggt,POV,"Monitoring of invasive alien species by the Province East Flanders, Belgium",HumanObservation,casual observation,verified by experts,Exo_1108,present,,,2020-06-11,BE,51.10599,3.38045,WGS84,30,200004,80783,Lambert coordinates,EPSG:31370,Fargesia,Plantae,genus,bamboe
Event,en,https://creativecommons.org/licenses/by/4.0/legalcode,POV,https://doi.org/10.15468/29cggt,POV,"Monitoring of invasive alien species by the Province East Flanders, Belgium",HumanObservation,casual observation,verified by experts,Exo_1109,present,,,2020-06-11,BE,51.10561,3.38086,WGS84,30,199961,80811,Lambert coordinates,EPSG:31370,Fargesia,Plantae,genus,bamboe
Event,en,https://creativecommons.org/licenses/by/4.0/legalcode,POV,https://doi.org/10.15468/29cggt,POV,"Monitoring of invasive alien species by the Province East Flanders, Belgium",HumanObservation,casual observation,verified by experts,Exo_1112,present,,,2020-10-22,BE,51.18246,3.84961,WGS84,30,208177,113700,Lambert coordinates,EPSG:31370,Phytolacca americana,Plantae,species,westerse karmozijnbes
Event,en,https://creativecommons.org/licenses/by/4.0/legalcode,POV,https://doi.org/10.15468/29cggt,POV,"Monitoring of invasive alien species by the Province East Flanders, Belgium",HumanObservation,casual observation,verified by experts,Exo_1114,present,,,2020-11-06,BE,50.98057,3.79225,WGS84,30,185747,109515,Lambert coordinates,EPSG:31370,Gunnera tinctoria,Plantae,species,gewone gunnera
Event,en,https://creativecommons.org/licenses/by/4.0/legalcode,POV,https://doi.org/10.15468/29cggt,POV,"Monitoring of invasive alien species by the Province East Flanders, Belgium",HumanObservation,casual observation,verified by experts,Exo_1115,present,10,coverage in m²,2020-11-08,BE,50.95294,3.77750,WGS84,30,182682,108455,Lambert coordinates,EPSG:31370,Reynoutria,Plantae,genus,
Event,en,https://creativecommons.org/licenses/by/4.0/legalcode,POV,https://doi.org/10.15468/29cggt,POV,"Monitoring of invasive alien species by the Province East Flanders, Belgium",HumanObservation,casual observation,verified by experts,Exo_1117,present,,,2020-11-23,BE,50.69324,5.71081,WGS84,30,154486,244818,Lambert coordinates,EPSG:31370,Myriophyllum aquaticum,Plantae,species,parelvederkruid
Event,en,https://creativecommons.org/licenses/by/4.0/legalcode,POV,https://doi.org/10.15468/29cggt,POV,"Monitoring of invasive alien species by the Province East Flanders, Belgium",HumanObservation,casual observation,verified by experts,Exo_1119,present,,,2021-01-04,BE,51.12224,3.90152,WGS84,30,201454,117287,Lambert coordinates,EPSG:31370,Hydrocotyle ranunculoides,Plantae,species,grote waternavel
Event,en,https://creativecommons.org/licenses/by/4.0/legalcode,POV,https://doi.org/10.15468/29cggt,POV,"Monitoring of invasive alien species by the Province East Flanders, Belgium",HumanObservation,casual observation,verified by experts,Exo_1120,present,25,coverage in m²,2021-01-19,BE,51.13243,3.89978,WGS84,30,202589,117173,Lambert coordinates,EPSG:31370,Hydrocotyle ranunculoides,Plantae,species,grote waternavel
Event,en,https://creativecommons.org/licenses/by/4.0/legalcode,POV,https://doi.org/10.15468/29cggt,POV,"Monitoring of invasive alien species by the Province East Flanders, Belgium",HumanObservation,casual observation,verified by experts,Exo_1121,present,,,2021-01-19,BE,51.13397,3.90129,WGS84,30,202759,117279,Lambert coordinates,EPSG:31370,Hydrocotyle ranunculoides,Plantae,species,grote waternavel
Event,en,https://creativecommons.org/licenses/by/4.0/legalcode,POV,https://doi.org/10.15468/29cggt,POV,"Monitoring of invasive alien species by the Province East Flanders, Belgium",HumanObservation,casual observation,verified by experts,Exo_1122,present,,,2021-02-18,BE,50.83876,3.58772,WGS84,30,170105,94987,Lambert coordinates,EPSG:31370,Heracleum mantegazzianum,Plantae,species,reuzenberenklauw
Event,en,https://creativecommons.org/licenses/by/4.0/legalcode,POV,https://doi.org/10.15468/29cggt,POV,"Monitoring of invasive alien species by the Province East Flanders, Belgium",HumanObservation,casual observation,verified by experts,Exo_1126,present,,,2021-03-16,BE,51.01444,3.94324,WGS84,30,189444,120140,Lambert coordinates,EPSG:31370,Ludwigia grandiflora,Plantae,species,waterteunisbloem
Event,en,https://creativecommons.org/licenses/by/4.0/legalcode,POV,https://doi.org/10.15468/29cggt,POV,"Monitoring of invasive alien species by the Province East Flanders, Belgium",HumanObservation,casual observation,verified by experts,Exo_1127,present,,,2021-03-16,BE,51.01443,3.94382,WGS84,30,189443,120180,Lambert coordinates,EPSG:31370,Ludwigia grandiflora,Plantae,species,waterteunisbloem
Event,en,https://creativecommons.org/licenses/by/4.0/legalcode,POV,https://doi.org/10.15468/29cggt,POV,"Monitoring of invasive alien species by the Province East Flanders, Belgium",HumanObservation,casual observation,verified by experts,Exo_1128,present,,,2021-03-16,BE,51.01433,3.94350,WGS84,30,189432,120157,Lambert coordinates,EPSG:31370,Ludwigia grandiflora,Plantae,species,waterteunisbloem
Event,en,https://creativecommons.org/licenses/by/4.0/legalcode,POV,https://doi.org/10.15468/29cggt,POV,"Monitoring of invasive alien species by the Province East Flanders, Belgium",HumanObservation,casual observation,verified by experts,Exo_1129,present,,,2021-03-16,BE,51.01430,3.94391,WGS84,30,189429,120186,Lambert coordinates,EPSG:31370,Ludwigia grandiflora,Plantae,species,waterteunisbloem
Event,en,https://creativecommons.org/licenses/by/4.0/legalcode,POV,https://doi.org/10.15468/29cggt,POV,"Monitoring of invasive alien species by the Province East Flanders, Belgium",HumanObservation,casual observation,verified by experts,Exo_1130,present,,,2021-03-16,BE,51.01447,3.94390,WGS84,30,189447,120186,Lambert coordinates,EPSG:31370,Ludwigia grandiflora,Plantae,species,waterteunisbloem
Event,en,https://creativecommons.org/licenses/by/4.0/legalcode,POV,https://doi.org/10.15468/29cggt,POV,"Monitoring of invasive alien species by the Province East Flanders, Belgium",HumanObservation,casual observation,verified by experts,Exo_1131,present,,,2021-03-16,BE,51.01459,3.94383,WGS84,30,189460,120181,Lambert coordinates,EPSG:31370,Ludwigia grandiflora,Plantae,species,waterteunisbloem
Event,en,https://creativecommons.org/licenses/by/4.0/legalcode,POV,https://doi.org/10.15468/29cggt,POV,"Monitoring of invasive alien species by the Province East Flanders, Belgium",HumanObservation,casual observation,verified by experts,Exo_1132,present,,,2021-03-16,BE,51.01437,3.94393,WGS84,30,189436,120188,Lambert coordinates,EPSG:31370,Ludwigia grandiflora,Plantae,species,waterteunisbloem
Event,en,https://creativecommons.org/licenses/by/4.0/legalcode,POV,https://doi.org/10.15468/29cggt,POV,"Monitoring of invasive alien species by the Province East Flanders, Belgium",HumanObservation,casual observation,verified by experts,Exo_1133,present,,,2021-03-16,BE,51.01463,3.94384,WGS84,30,189465,120182,Lambert coordinates,EPSG:31370,Ludwigia grandiflora,Plantae,species,waterteunisbloem
Event,en,https://creativecommons.org/licenses/by/4.0/legalcode,POV,https://doi.org/10.15468/29cggt,POV,"Monitoring of invasive alien species by the Province East Flanders, Belgium",HumanObservation,casual observation,verified by experts,Exo_1134,present,,,2021-03-16,BE,51.01452,3.94386,WGS84,30,189453,120183,Lambert coordinates,EPSG:31370,Ludwigia grandiflora,Plantae,species,waterteunisbloem
Event,en,https://creativecommons.org/licenses/by/4.0/legalcode,POV,https://doi.org/10.15468/29cggt,POV,"Monitoring of invasive alien species by the Province East Flanders, Belgium",HumanObservation,casual observation,verified by experts,Exo_1135,present,,,2021-03-16,BE,51.01442,3.94391,WGS84,30,189442,120186,Lambert coordinates,EPSG:31370,Ludwigia grandiflora,Plantae,species,waterteunisbloem
Event,en,https://creativecommons.org/licenses/by/4.0/legalcode,POV,https://doi.org/10.15468/29cggt,POV,"Monitoring of invasive alien species by the Province East Flanders, Belgium",HumanObservation,casual observation,verified by experts,Exo_1136,present,,,2021-03-16,BE,51.01445,3.94345,WGS84,30,189445,120154,Lambert coordinates,EPSG:31370,Ludwigia grandiflora,Plantae,species,waterteunisbloem
Event,en,https://creativecommons.org/licenses/by/4.0/legalcode,POV,https://doi.org/10.15468/29cggt,POV,"Monitoring of invasive alien species by the Province East Flanders, Belgium",HumanObservation,casual observation,verified by experts,Exo_1137,present,,,2021-03-16,BE,51.01452,3.94323,WGS84,30,189453,120139,Lambert coordinates,EPSG:31370,Ludwigia grandiflora,Plantae,species,waterteunisbloem
Event,en,https://creativecommons.org/licenses/by/4.0/legalcode,POV,https://doi.org/10.15468/29cggt,POV,"Monitoring of invasive alien species by the Province East Flanders, Belgium",HumanObservation,casual observation,verified by experts,Exo_1138,present,,,2021-03-16,BE,51.01457,3.94322,WGS84,30,189458,120138,Lambert coordinates,EPSG:31370,Ludwigia grandiflora,Plantae,species,waterteunisbloem
Event,en,https://creativecommons.org/licenses/by/4.0/legalcode,POV,https://doi.org/10.15468/29cggt,POV,"Monitoring of invasive alien species by the Province East Flanders, Belgium",HumanObservation,casual observation,verified by experts,Exo_1150,present,,,2021-04-19,BE,51.03614,3.66776,WGS84,30,192005,100831,Lambert coordinates,EPSG:31370,Heracleum mantegazzianum,Plantae,species,reuzenberenklauw
Event,en,https://creativecommons.org/licenses/by/4.0/legalcode,POV,https://doi.org/10.15468/29cggt,POV,"Monitoring of invasive alien species by the Province East Flanders, Belgium",HumanObservation,casual observation,verified by experts,Exo_1152,present,,,2021-04-20,BE,50.90559,4.08231,WGS84,30,177289,129852,Lambert coordinates,EPSG:31370,Solidago canadensis,Plantae,species,Canadese guldenroede
Event,en,https://creativecommons.org/licenses/by/4.0/legalcode,POV,https://doi.org/10.15468/29cggt,POV,"Monitoring of invasive alien species by the Province East Flanders, Belgium",HumanObservation,casual observation,verified by experts,Exo_1153,present,,,2021-04-20,BE,50.90539,4.08314,WGS84,30,177266,129910,Lambert coordinates,EPSG:31370,Solidago canadensis,Plantae,species,Canadese guldenroede
Event,en,https://creativecommons.org/licenses/by/4.0/legalcode,POV,https://doi.org/10.15468/29cggt,POV,"Monitoring of invasive alien species by the Province East Flanders, Belgium",HumanObservation,casual observation,verified by experts,Exo_1154,present,,,2021-04-20,BE,50.90520,4.08366,WGS84,30,177244,129946,Lambert coordinates,EPSG:31370,Solidago canadensis,Plantae,species,Canadese guldenroede
Event,en,https://creativecommons.org/licenses/by/4.0/legalcode,POV,https://doi.org/10.15468/29cggt,POV,"Monitoring of invasive alien species by the Province East Flanders, Belgium",HumanObservation,casual observation,verified by experts,Exo_1155,present,,,2021-04-20,BE,50.90483,4.08357,WGS84,30,177204,129940,Lambert coordinates,EPSG:31370,Solidago canadensis,Plantae,species,Canadese guldenroede
Event,en,https://creativecommons.org/licenses/by/4.0/legalcode,POV,https://doi.org/10.15468/29cggt,POV,"Monitoring of invasive alien species by the Province East Flanders, Belgium",HumanObservation,casual observation,verified by experts,Exo_1156,present,,,2021-04-20,BE,50.90500,4.08280,WGS84,30,177223,129886,Lambert coordinates,EPSG:31370,Solidago canadensis,Plantae,species,Canadese guldenroede
Event,en,https://creativecommons.org/licenses/by/4.0/legalcode,POV,https://doi.org/10.15468/29cggt,POV,"Monitoring of invasive alien species by the Province East Flanders, Belgium",HumanObservation,casual observation,verified by experts,Exo_1157,present,,,2021-04-20,BE,50.90517,4.08212,WGS84,30,177243,129838,Lambert coordinates,EPSG:31370,Solidago canadensis,Plantae,species,Canadese guldenroede
Event,en,https://creativecommons.org/licenses/by/4.0/legalcode,POV,https://doi.org/10.15468/29cggt,POV,"Monitoring of invasive alien species by the Province East Flanders, Belgium",HumanObservation,casual observation,verified by experts,Exo_1171,present,,,2021-04-26,BE,51.05537,3.80528,WGS84,30,194062,110493,Lambert coordinates,EPSG:31370,Trachemys scripta,Animalia,species,lettersierschildpad
Event,en,https://creativecommons.org/licenses/by/4.0/legalcode,POV,https://doi.org/10.15468/29cggt,POV,"Monitoring of invasive alien species by the Province East Flanders, Belgium",HumanObservation,casual observation,verified by experts,Exo_1176,present,,,2021-04-28,BE,51.00592,4.22532,WGS84,30,188421,139932,Lambert coordinates,EPSG:31370,Trachemys scripta,Animalia,species,lettersierschildpad
Event,en,https://creativecommons.org/licenses/by/4.0/legalcode,POV,https://doi.org/10.15468/29cggt,POV,"Monitoring of invasive alien species by the Province East Flanders, Belgium",HumanObservation,casual observation,verified by experts,Exo_1183,present,,,2021-05-03,BE,50.92196,3.57838,WGS84,30,179366,94427,Lambert coordinates,EPSG:31370,Heracleum mantegazzianum,Plantae,species,reuzenberenklauw
Event,en,https://creativecommons.org/licenses/by/4.0/legalcode,POV,https://doi.org/10.15468/29cggt,POV,"Monitoring of invasive alien species by the Province East Flanders, Belgium",HumanObservation,casual observation,verified by experts,Exo_1189,present,,,2021-05-07,BE,51.02370,4.01300,WGS84,30,190449,125040,Lambert coordinates,EPSG:31370,Ludwigia grandiflora,Plantae,species,waterteunisbloem
Event,en,https://creativecommons.org/licenses/by/4.0/legalcode,POV,https://doi.org/10.15468/29cggt,POV,"Monitoring of invasive alien species by the Province East Flanders, Belgium",HumanObservation,casual observation,verified by experts,Exo_1190,present,,,2021-05-07,BE,51.02356,4.01367,WGS84,30,190433,125087,Lambert coordinates,EPSG:31370,Ludwigia grandiflora,Plantae,species,waterteunisbloem
Event,en,https://creativecommons.org/licenses/by/4.0/legalcode,POV,https://doi.org/10.15468/29cggt,POV,"Monitoring of invasive alien species by the Province East Flanders, Belgium",HumanObservation,casual observation,verified by experts,Exo_1191,present,,,2021-05-07,BE,51.02348,4.01294,WGS84,30,190424,125035,Lambert coordinates,EPSG:31370,Ludwigia grandiflora,Plantae,species,waterteunisbloem
Event,en,https://creativecommons.org/licenses/by/4.0/legalcode,POV,https://doi.org/10.15468/29cggt,POV,"Monitoring of invasive alien species by the Province East Flanders, Belgium",HumanObservation,casual observation,verified by experts,Exo_1192,present,,,2021-05-07,BE,51.02321,4.01383,WGS84,30,190394,125098,Lambert coordinates,EPSG:31370,Ludwigia grandiflora,Plantae,species,waterteunisbloem
Event,en,https://creativecommons.org/licenses/by/4.0/legalcode,POV,https://doi.org/10.15468/29cggt,POV,"Monitoring of invasive alien species by the Province East Flanders, Belgium",HumanObservation,casual observation,verified by experts,Exo_1200,present,,,2021-05-10,BE,51.01279,3.90852,WGS84,30,189276,117702,Lambert coordinates,EPSG:31370,Myriophyllum aquaticum,Plantae,species,parelvederkruid
Event,en,https://creativecommons.org/licenses/by/4.0/legalcode,POV,https://doi.org/10.15468/29cggt,POV,"Monitoring of invasive alien species by the Province East Flanders, Belgium",HumanObservation,casual observation,verified by experts,Exo_1204,present,,,2021-05-12,BE,51.03327,3.66792,WGS84,30,191685,100839,Lambert coordinates,EPSG:31370,Heracleum mantegazzianum,Plantae,species,reuzenberenklauw
Event,en,https://creativecommons.org/licenses/by/4.0/legalcode,POV,https://doi.org/10.15468/29cggt,POV,"Monitoring of invasive alien species by the Province East Flanders, Belgium",HumanObservation,casual observation,verified by experts,Exo_1232,present,,,2021-05-18,BE,50.87146,3.60631,WGS84,30,173728,96333,Lambert coordinates,EPSG:31370,Heracleum mantegazzianum,Plantae,species,reuzenberenklauw
Event,en,https://creativecommons.org/licenses/by/4.0/legalcode,POV,https://doi.org/10.15468/29cggt,POV,"Monitoring of invasive alien species by the Province East Flanders, Belgium",HumanObservation,casual observation,verified by experts,Exo_1233,present,,,2021-05-18,BE,50.87150,3.60632,WGS84,30,173733,96334,Lambert coordinates,EPSG:31370,Heracleum mantegazzianum,Plantae,species,reuzenberenklauw
Event,en,https://creativecommons.org/licenses/by/4.0/legalcode,POV,https://doi.org/10.15468/29cggt,POV,"Monitoring of invasive alien species by the Province East Flanders, Belgium",HumanObservation,casual observation,verified by experts,Exo_1234,present,,,2021-05-18,BE,50.87153,3.60635,WGS84,30,173736,96336,Lambert coordinates,EPSG:31370,Heracleum mantegazzianum,Plantae,species,reuzenberenklauw
Event,en,https://creativecommons.org/licenses/by/4.0/legalcode,POV,https://doi.org/10.15468/29cggt,POV,"Monitoring of invasive alien species by the Province East Flanders, Belgium",HumanObservation,casual observation,verified by experts,Exo_1235,present,,,2021-05-18,BE,50.87147,3.60630,WGS84,30,173730,96332,Lambert coordinates,EPSG:31370,Heracleum mantegazzianum,Plantae,species,reuzenberenklauw
Event,en,https://creativecommons.org/licenses/by/4.0/legalcode,POV,https://doi.org/10.15468/29cggt,POV,"Monitoring of invasive alien species by the Province East Flanders, Belgium",HumanObservation,casual observation,verified by experts,Exo_1236,present,,,2021-05-18,BE,50.87139,3.60587,WGS84,30,173721,96302,Lambert coordinates,EPSG:31370,Heracleum mantegazzianum,Plantae,species,reuzenberenklauw
Event,en,https://creativecommons.org/licenses/by/4.0/legalcode,POV,https://doi.org/10.15468/29cggt,POV,"Monitoring of invasive alien species by the Province East Flanders, Belgium",HumanObservation,casual observation,verified by experts,Exo_1237,present,,,2021-05-18,BE,50.87149,3.60467,WGS84,30,173733,96217,Lambert coordinates,EPSG:31370,Heracleum mantegazzianum,Plantae,species,reuzenberenklauw
Event,en,https://creativecommons.org/licenses/by/4.0/legalcode,POV,https://doi.org/10.15468/29cggt,POV,"Monitoring of invasive alien species by the Province East Flanders, Belgium",HumanObservation,casual observation,verified by experts,Exo_1238,present,,,2021-05-18,BE,50.87150,3.60482,WGS84,30,173734,96228,Lambert coordinates,EPSG:31370,Heracleum mantegazzianum,Plantae,species,reuzenberenklauw
Event,en,https://creativecommons.org/licenses/by/4.0/legalcode,POV,https://doi.org/10.15468/29cggt,POV,"Monitoring of invasive alien species by the Province East Flanders, Belgium",HumanObservation,casual observation,verified by experts,Exo_1239,present,,,2021-05-18,BE,50.87147,3.60492,WGS84,30,173731,96235,Lambert coordinates,EPSG:31370,Heracleum mantegazzianum,Plantae,species,reuzenberenklauw
Event,en,https://creativecommons.org/licenses/by/4.0/legalcode,POV,https://doi.org/10.15468/29cggt,POV,"Monitoring of invasive alien species by the Province East Flanders, Belgium",HumanObservation,casual observation,verified by experts,Exo_1240,present,,,2021-05-18,BE,50.87141,3.60478,WGS84,30,173724,96225,Lambert coordinates,EPSG:31370,Heracleum mantegazzianum,Plantae,species,reuzenberenklauw
Event,en,https://creativecommons.org/licenses/by/4.0/legalcode,POV,https://doi.org/10.15468/29cggt,POV,"Monitoring of invasive alien species by the Province East Flanders, Belgium",HumanObservation,casual observation,verified by experts,Exo_1241,present,,,2021-05-18,BE,50.87143,3.60489,WGS84,30,173726,96233,Lambert coordinates,EPSG:31370,Heracleum mantegazzianum,Plantae,species,reuzenberenklauw
Event,en,https://creativecommons.org/licenses/by/4.0/legalcode,POV,https://doi.org/10.15468/29cggt,POV,"Monitoring of invasive alien species by the Province East Flanders, Belgium",HumanObservation,casual observation,verified by experts,Exo_1242,present,,,2021-05-18,BE,50.87145,3.60470,WGS84,30,173729,96220,Lambert coordinates,EPSG:31370,Heracleum mantegazzianum,Plantae,species,reuzenberenklauw
Event,en,https://creativecommons.org/licenses/by/4.0/legalcode,POV,https://doi.org/10.15468/29cggt,POV,"Monitoring of invasive alien species by the Province East Flanders, Belgium",HumanObservation,casual observation,verified by experts,Exo_1243,present,,,2021-05-18,BE,50.87148,3.60626,WGS84,30,173730,96330,Lambert coordinates,EPSG:31370,Heracleum mantegazzianum,Plantae,species,reuzenberenklauw
Event,en,https://creativecommons.org/licenses/by/4.0/legalcode,POV,https://doi.org/10.15468/29cggt,POV,"Monitoring of invasive alien species by the Province East Flanders, Belgium",HumanObservation,casual observation,verified by experts,Exo_1244,present,,,2021-05-18,BE,50.83810,3.58584,WGS84,30,170033,94853,Lambert coordinates,EPSG:31370,Heracleum mantegazzianum,Plantae,species,reuzenberenklauw
Event,en,https://creativecommons.org/licenses/by/4.0/legalcode,POV,https://doi.org/10.15468/29cggt,POV,"Monitoring of invasive alien species by the Province East Flanders, Belgium",HumanObservation,casual observation,verified by experts,Exo_1245,present,,,2021-05-18,BE,50.83822,3.58613,WGS84,30,170046,94874,Lambert coordinates,EPSG:31370,Heracleum mantegazzianum,Plantae,species,reuzenberenklauw
Event,en,https://creativecommons.org/licenses/by/4.0/legalcode,POV,https://doi.org/10.15468/29cggt,POV,"Monitoring of invasive alien species by the Province East Flanders, Belgium",HumanObservation,casual observation,verified by experts,Exo_1246,present,,,2021-05-18,BE,50.83840,3.58655,WGS84,30,170065,94903,Lambert coordinates,EPSG:31370,Heracleum mantegazzianum,Plantae,species,reuzenberenklauw
Event,en,https://creativecommons.org/licenses/by/4.0/legalcode,POV,https://doi.org/10.15468/29cggt,POV,"Monitoring of invasive alien species by the Province East Flanders, Belgium",HumanObservation,casual observation,verified by experts,Exo_1247,present,,,2021-05-18,BE,50.83857,3.58700,WGS84,30,170084,94936,Lambert coordinates,EPSG:31370,Heracleum mantegazzianum,Plantae,species,reuzenberenklauw
Event,en,https://creativecommons.org/licenses/by/4.0/legalcode,POV,https://doi.org/10.15468/29cggt,POV,"Monitoring of invasive alien species by the Province East Flanders, Belgium",HumanObservation,casual observation,verified by experts,Exo_1248,present,,,2021-05-18,BE,50.83869,3.58733,WGS84,30,170097,94959,Lambert coordinates,EPSG:31370,Heracleum mantegazzianum,Plantae,species,reuzenberenklauw
Event,en,https://creativecommons.org/licenses/by/4.0/legalcode,POV,https://doi.org/10.15468/29cggt,POV,"Monitoring of invasive alien species by the Province East Flanders, Belgium",HumanObservation,casual observation,verified by experts,Exo_1249,present,,,2021-05-18,BE,50.83897,3.58790,WGS84,30,170127,95000,Lambert coordinates,EPSG:31370,Heracleum mantegazzianum,Plantae,species,reuzenberenklauw
Event,en,https://creativecommons.org/licenses/by/4.0/legalcode,POV,https://doi.org/10.15468/29cggt,POV,"Monitoring of invasive alien species by the Province East Flanders, Belgium",HumanObservation,casual observation,verified by experts,Exo_1250,present,,,2021-05-18,BE,50.83918,3.58843,WGS84,30,170150,95037,Lambert coordinates,EPSG:31370,Heracleum mantegazzianum,Plantae,species,reuzenberenklauw
Event,en,https://creativecommons.org/licenses/by/4.0/legalcode,POV,https://doi.org/10.15468/29cggt,POV,"Monitoring of invasive alien species by the Province East Flanders, Belgium",HumanObservation,casual observation,verified by experts,Exo_1251,present,,,2021-05-18,BE,50.83935,3.58885,WGS84,30,170169,95066,Lambert coordinates,EPSG:31370,Heracleum mantegazzianum,Plantae,species,reuzenberenklauw
Event,en,https://creativecommons.org/licenses/by/4.0/legalcode,POV,https://doi.org/10.15468/29cggt,POV,"Monitoring of invasive alien species by the Province East Flanders, Belgium",HumanObservation,casual observation,verified by experts,Exo_1252,present,,,2021-05-18,BE,50.83961,3.58952,WGS84,30,170198,95114,Lambert coordinates,EPSG:31370,Heracleum mantegazzianum,Plantae,species,reuzenberenklauw
Event,en,https://creativecommons.org/licenses/by/4.0/legalcode,POV,https://doi.org/10.15468/29cggt,POV,"Monitoring of invasive alien species by the Province East Flanders, Belgium",HumanObservation,casual observation,verified by experts,Exo_1253,present,,,2021-05-18,BE,50.83974,3.59032,WGS84,30,170212,95171,Lambert coordinates,EPSG:31370,Heracleum mantegazzianum,Plantae,species,reuzenberenklauw
Event,en,https://creativecommons.org/licenses/by/4.0/legalcode,POV,https://doi.org/10.15468/29cggt,POV,"Monitoring of invasive alien species by the Province East Flanders, Belgium",HumanObservation,casual observation,verified by experts,Exo_1254,present,,,2021-05-18,BE,50.83984,3.59095,WGS84,30,170222,95215,Lambert coordinates,EPSG:31370,Heracleum mantegazzianum,Plantae,species,reuzenberenklauw
Event,en,https://creativecommons.org/licenses/by/4.0/legalcode,POV,https://doi.org/10.15468/29cggt,POV,"Monitoring of invasive alien species by the Province East Flanders, Belgium",HumanObservation,casual observation,verified by experts,Exo_1255,present,,,2021-05-18,BE,50.83990,3.59149,WGS84,30,170229,95253,Lambert coordinates,EPSG:31370,Heracleum mantegazzianum,Plantae,species,reuzenberenklauw
Event,en,https://creativecommons.org/licenses/by/4.0/legalcode,POV,https://doi.org/10.15468/29cggt,POV,"Monitoring of invasive alien species by the Province East Flanders, Belgium",HumanObservation,casual observation,verified by experts,Exo_1256,present,,,2021-05-18,BE,50.84021,3.59184,WGS84,30,170263,95278,Lambert coordinates,EPSG:31370,Heracleum mantegazzianum,Plantae,species,reuzenberenklauw
Event,en,https://creativecommons.org/licenses/by/4.0/legalcode,POV,https://doi.org/10.15468/29cggt,POV,"Monitoring of invasive alien species by the Province East Flanders, Belgium",HumanObservation,casual observation,verified by experts,Exo_1257,present,,,2021-05-18,BE,50.83998,3.59204,WGS84,30,170237,95292,Lambert coordinates,EPSG:31370,Heracleum mantegazzianum,Plantae,species,reuzenberenklauw
Event,en,https://creativecommons.org/licenses/by/4.0/legalcode,POV,https://doi.org/10.15468/29cggt,POV,"Monitoring of invasive alien species by the Province East Flanders, Belgium",HumanObservation,casual observation,verified by experts,Exo_1258,present,,,2021-05-18,BE,50.84003,3.59219,WGS84,30,170243,95303,Lambert coordinates,EPSG:31370,Heracleum mantegazzianum,Plantae,species,reuzenberenklauw
Event,en,https://creativecommons.org/licenses/by/4.0/legalcode,POV,https://doi.org/10.15468/29cggt,POV,"Monitoring of invasive alien species by the Province East Flanders, Belgium",HumanObservation,casual observation,verified by experts,Exo_1259,present,,,2021-05-18,BE,50.84032,3.59413,WGS84,30,170273,95440,Lambert coordinates,EPSG:31370,Heracleum mantegazzianum,Plantae,species,reuzenberenklauw
Event,en,https://creativecommons.org/licenses/by/4.0/legalcode,POV,https://doi.org/10.15468/29cggt,POV,"Monitoring of invasive alien species by the Province East Flanders, Belgium",HumanObservation,casual observation,verified by experts,Exo_1260,present,,,2021-05-18,BE,50.84049,3.59441,WGS84,30,170292,95459,Lambert coordinates,EPSG:31370,Heracleum mantegazzianum,Plantae,species,reuzenberenklauw
Event,en,https://creativecommons.org/licenses/by/4.0/legalcode,POV,https://doi.org/10.15468/29cggt,POV,"Monitoring of invasive alien species by the Province East Flanders, Belgium",HumanObservation,casual observation,verified by experts,Exo_1261,present,,,2021-05-18,BE,50.84051,3.59465,WGS84,30,170294,95477,Lambert coordinates,EPSG:31370,Heracleum mantegazzianum,Plantae,species,reuzenberenklauw
Event,en,https://creativecommons.org/licenses/by/4.0/legalcode,POV,https://doi.org/10.15468/29cggt,POV,"Monitoring of invasive alien species by the Province East Flanders, Belgium",HumanObservation,casual observation,verified by experts,Exo_1262,present,,,2021-05-18,BE,50.84039,3.59477,WGS84,30,170281,95485,Lambert coordinates,EPSG:31370,Heracleum mantegazzianum,Plantae,species,reuzenberenklauw
Event,en,https://creativecommons.org/licenses/by/4.0/legalcode,POV,https://doi.org/10.15468/29cggt,POV,"Monitoring of invasive alien species by the Province East Flanders, Belgium",HumanObservation,casual observation,verified by experts,Exo_1263,present,,,2021-05-18,BE,50.84016,3.59511,WGS84,30,170255,95508,Lambert coordinates,EPSG:31370,Heracleum mantegazzianum,Plantae,species,reuzenberenklauw
Event,en,https://creativecommons.org/licenses/by/4.0/legalcode,POV,https://doi.org/10.15468/29cggt,POV,"Monitoring of invasive alien species by the Province East Flanders, Belgium",HumanObservation,casual observation,verified by experts,Exo_1264,present,,,2021-05-18,BE,50.84013,3.59513,WGS84,30,170251,95510,Lambert coordinates,EPSG:31370,Heracleum mantegazzianum,Plantae,species,reuzenberenklauw
Event,en,https://creativecommons.org/licenses/by/4.0/legalcode,POV,https://doi.org/10.15468/29cggt,POV,"Monitoring of invasive alien species by the Province East Flanders, Belgium",HumanObservation,casual observation,verified by experts,Exo_1265,present,,,2021-05-18,BE,50.84002,3.59519,WGS84,30,170239,95514,Lambert coordinates,EPSG:31370,Heracleum mantegazzianum,Plantae,species,reuzenberenklauw
Event,en,https://creativecommons.org/licenses/by/4.0/legalcode,POV,https://doi.org/10.15468/29cggt,POV,"Monitoring of invasive alien species by the Province East Flanders, Belgium",HumanObservation,casual observation,verified by experts,Exo_1266,present,,,2021-05-18,BE,50.83998,3.59530,WGS84,30,170234,95522,Lambert coordinates,EPSG:31370,Heracleum mantegazzianum,Plantae,species,reuzenberenklauw
Event,en,https://creativecommons.org/licenses/by/4.0/legalcode,POV,https://doi.org/10.15468/29cggt,POV,"Monitoring of invasive alien species by the Province East Flanders, Belgium",HumanObservation,casual observation,verified by experts,Exo_1267,present,,,2021-05-18,BE,50.84036,3.59508,WGS84,30,170277,95506,Lambert coordinates,EPSG:31370,Heracleum mantegazzianum,Plantae,species,reuzenberenklauw
Event,en,https://creativecommons.org/licenses/by/4.0/legalcode,POV,https://doi.org/10.15468/29cggt,POV,"Monitoring of invasive alien species by the Province East Flanders, Belgium",HumanObservation,casual observation,verified by experts,Exo_1268,present,,,2021-05-18,BE,50.83993,3.59530,WGS84,30,170230,95522,Lambert coordinates,EPSG:31370,Heracleum mantegazzianum,Plantae,species,reuzenberenklauw
Event,en,https://creativecommons.org/licenses/by/4.0/legalcode,POV,https://doi.org/10.15468/29cggt,POV,"Monitoring of invasive alien species by the Province East Flanders, Belgium",HumanObservation,casual observation,verified by experts,Exo_1269,present,,,2021-05-18,BE,50.83994,3.59527,WGS84,30,170231,95519,Lambert coordinates,EPSG:31370,Heracleum mantegazzianum,Plantae,species,reuzenberenklauw
Event,en,https://creativecommons.org/licenses/by/4.0/legalcode,POV,https://doi.org/10.15468/29cggt,POV,"Monitoring of invasive alien species by the Province East Flanders, Belgium",HumanObservation,casual observation,verified by experts,Exo_1270,present,,,2021-05-18,BE,50.83975,3.59541,WGS84,30,170209,95529,Lambert coordinates,EPSG:31370,Heracleum mantegazzianum,Plantae,species,reuzenberenklauw
Event,en,https://creativecommons.org/licenses/by/4.0/legalcode,POV,https://doi.org/10.15468/29cggt,POV,"Monitoring of invasive alien species by the Province East Flanders, Belgium",HumanObservation,casual observation,verified by experts,Exo_1271,present,,,2021-05-18,BE,50.83969,3.59548,WGS84,30,170202,95534,Lambert coordinates,EPSG:31370,Heracleum mantegazzianum,Plantae,species,reuzenberenklauw
Event,en,https://creativecommons.org/licenses/by/4.0/legalcode,POV,https://doi.org/10.15468/29cggt,POV,"Monitoring of invasive alien species by the Province East Flanders, Belgium",HumanObservation,casual observation,verified by experts,Exo_1272,present,,,2021-05-18,BE,50.83970,3.59545,WGS84,30,170204,95532,Lambert coordinates,EPSG:31370,Heracleum mantegazzianum,Plantae,species,reuzenberenklauw
Event,en,https://creativecommons.org/licenses/by/4.0/legalcode,POV,https://doi.org/10.15468/29cggt,POV,"Monitoring of invasive alien species by the Province East Flanders, Belgium",HumanObservation,casual observation,verified by experts,Exo_1273,present,,,2021-05-18,BE,50.83965,3.59550,WGS84,30,170198,95536,Lambert coordinates,EPSG:31370,Heracleum mantegazzianum,Plantae,species,reuzenberenklauw
Event,en,https://creativecommons.org/licenses/by/4.0/legalcode,POV,https://doi.org/10.15468/29cggt,POV,"Monitoring of invasive alien species by the Province East Flanders, Belgium",HumanObservation,casual observation,verified by experts,Exo_1274,present,,,2021-05-18,BE,50.83977,3.59540,WGS84,30,170212,95529,Lambert coordinates,EPSG:31370,Heracleum mantegazzianum,Plantae,species,reuzenberenklauw
Event,en,https://creativecommons.org/licenses/by/4.0/legalcode,POV,https://doi.org/10.15468/29cggt,POV,"Monitoring of invasive alien species by the Province East Flanders, Belgium",HumanObservation,casual observation,verified by experts,Exo_1275,present,,,2021-05-18,BE,50.83919,3.59636,WGS84,30,170146,95595,Lambert coordinates,EPSG:31370,Heracleum mantegazzianum,Plantae,species,reuzenberenklauw
Event,en,https://creativecommons.org/licenses/by/4.0/legalcode,POV,https://doi.org/10.15468/29cggt,POV,"Monitoring of invasive alien species by the Province East Flanders, Belgium",HumanObservation,casual observation,verified by experts,Exo_1276,present,,,2021-05-18,BE,50.83861,3.59679,WGS84,30,170081,95625,Lambert coordinates,EPSG:31370,Heracleum mantegazzianum,Plantae,species,reuzenberenklauw
Event,en,https://creativecommons.org/licenses/by/4.0/legalcode,POV,https://doi.org/10.15468/29cggt,POV,"Monitoring of invasive alien species by the Province East Flanders, Belgium",HumanObservation,casual observation,verified by experts,Exo_1277,present,,,2021-05-18,BE,50.83479,3.59095,WGS84,30,169661,95209,Lambert coordinates,EPSG:31370,Heracleum mantegazzianum,Plantae,species,reuzenberenklauw
Event,en,https://creativecommons.org/licenses/by/4.0/legalcode,POV,https://doi.org/10.15468/29cggt,POV,"Monitoring of invasive alien species by the Province East Flanders, Belgium",HumanObservation,casual observation,verified by experts,Exo_1278,present,,,2021-05-18,BE,50.83513,3.59167,WGS84,30,169698,95261,Lambert coordinates,EPSG:31370,Heracleum mantegazzianum,Plantae,species,reuzenberenklauw
Event,en,https://creativecommons.org/licenses/by/4.0/legalcode,POV,https://doi.org/10.15468/29cggt,POV,"Monitoring of invasive alien species by the Province East Flanders, Belgium",HumanObservation,casual observation,verified by experts,Exo_1279,present,,,2021-05-18,BE,50.83539,3.59212,WGS84,30,169726,95292,Lambert coordinates,EPSG:31370,Heracleum mantegazzianum,Plantae,species,reuzenberenklauw
Event,en,https://creativecommons.org/licenses/by/4.0/legalcode,POV,https://doi.org/10.15468/29cggt,POV,"Monitoring of invasive alien species by the Province East Flanders, Belgium",HumanObservation,casual observation,verified by experts,Exo_1280,present,,,2021-05-18,BE,50.83547,3.59271,WGS84,30,169735,95334,Lambert coordinates,EPSG:31370,Heracleum mantegazzianum,Plantae,species,reuzenberenklauw
Event,en,https://creativecommons.org/licenses/by/4.0/legalcode,POV,https://doi.org/10.15468/29cggt,POV,"Monitoring of invasive alien species by the Province East Flanders, Belgium",HumanObservation,casual observation,verified by experts,Exo_1281,present,,,2021-05-18,BE,50.83557,3.59313,WGS84,30,169746,95364,Lambert coordinates,EPSG:31370,Heracleum mantegazzianum,Plantae,species,reuzenberenklauw
Event,en,https://creativecommons.org/licenses/by/4.0/legalcode,POV,https://doi.org/10.15468/29cggt,POV,"Monitoring of invasive alien species by the Province East Flanders, Belgium",HumanObservation,casual observation,verified by experts,Exo_1282,present,,,2021-05-18,BE,50.83569,3.59330,WGS84,30,169759,95376,Lambert coordinates,EPSG:31370,Heracleum mantegazzianum,Plantae,species,reuzenberenklauw
Event,en,https://creativecommons.org/licenses/by/4.0/legalcode,POV,https://doi.org/10.15468/29cggt,POV,"Monitoring of invasive alien species by the Province East Flanders, Belgium",HumanObservation,casual observation,verified by experts,Exo_1283,present,,,2021-05-18,BE,50.83578,3.59375,WGS84,30,169768,95407,Lambert coordinates,EPSG:31370,Heracleum mantegazzianum,Plantae,species,reuzenberenklauw
Event,en,https://creativecommons.org/licenses/by/4.0/legalcode,POV,https://doi.org/10.15468/29cggt,POV,"Monitoring of invasive alien species by the Province East Flanders, Belgium",HumanObservation,casual observation,verified by experts,Exo_1284,present,,,2021-05-18,BE,50.83586,3.59385,WGS84,30,169778,95415,Lambert coordinates,EPSG:31370,Heracleum mantegazzianum,Plantae,species,reuzenberenklauw
Event,en,https://creativecommons.org/licenses/by/4.0/legalcode,POV,https://doi.org/10.15468/29cggt,POV,"Monitoring of invasive alien species by the Province East Flanders, Belgium",HumanObservation,casual observation,verified by experts,Exo_1285,present,,,2021-05-18,BE,50.83602,3.59432,WGS84,30,169795,95448,Lambert coordinates,EPSG:31370,Heracleum mantegazzianum,Plantae,species,reuzenberenklauw
Event,en,https://creativecommons.org/licenses/by/4.0/legalcode,POV,https://doi.org/10.15468/29cggt,POV,"Monitoring of invasive alien species by the Province East Flanders, Belgium",HumanObservation,casual observation,verified by experts,Exo_1286,present,,,2021-05-18,BE,50.83613,3.59482,WGS84,30,169806,95484,Lambert coordinates,EPSG:31370,Heracleum mantegazzianum,Plantae,species,reuzenberenklauw
Event,en,https://creativecommons.org/licenses/by/4.0/legalcode,POV,https://doi.org/10.15468/29cggt,POV,"Monitoring of invasive alien species by the Province East Flanders, Belgium",HumanObservation,casual observation,verified by experts,Exo_1287,present,,,2021-05-18,BE,50.83623,3.59517,WGS84,30,169818,95508,Lambert coordinates,EPSG:31370,Heracleum mantegazzianum,Plantae,species,reuzenberenklauw
Event,en,https://creativecommons.org/licenses/by/4.0/legalcode,POV,https://doi.org/10.15468/29cggt,POV,"Monitoring of invasive alien species by the Province East Flanders, Belgium",HumanObservation,casual observation,verified by experts,Exo_1288,present,,,2021-05-18,BE,50.83637,3.59550,WGS84,30,169833,95532,Lambert coordinates,EPSG:31370,Heracleum mantegazzianum,Plantae,species,reuzenberenklauw
Event,en,https://creativecommons.org/licenses/by/4.0/legalcode,POV,https://doi.org/10.15468/29cggt,POV,"Monitoring of invasive alien species by the Province East Flanders, Belgium",HumanObservation,casual observation,verified by experts,Exo_1289,present,,,2021-05-18,BE,50.83644,3.59554,WGS84,30,169841,95535,Lambert coordinates,EPSG:31370,Heracleum mantegazzianum,Plantae,species,reuzenberenklauw
Event,en,https://creativecommons.org/licenses/by/4.0/legalcode,POV,https://doi.org/10.15468/29cggt,POV,"Monitoring of invasive alien species by the Province East Flanders, Belgium",HumanObservation,casual observation,verified by experts,Exo_1290,present,,,2021-05-18,BE,50.83675,3.59670,WGS84,30,169875,95617,Lambert coordinates,EPSG:31370,Heracleum mantegazzianum,Plantae,species,reuzenberenklauw
Event,en,https://creativecommons.org/licenses/by/4.0/legalcode,POV,https://doi.org/10.15468/29cggt,POV,"Monitoring of invasive alien species by the Province East Flanders, Belgium",HumanObservation,casual observation,verified by experts,Exo_1291,present,,,2021-05-18,BE,50.83694,3.59732,WGS84,30,169896,95661,Lambert coordinates,EPSG:31370,Heracleum mantegazzianum,Plantae,species,reuzenberenklauw
Event,en,https://creativecommons.org/licenses/by/4.0/legalcode,POV,https://doi.org/10.15468/29cggt,POV,"Monitoring of invasive alien species by the Province East Flanders, Belgium",HumanObservation,casual observation,verified by experts,Exo_1292,present,,,2021-05-18,BE,50.83704,3.59757,WGS84,30,169906,95678,Lambert coordinates,EPSG:31370,Heracleum mantegazzianum,Plantae,species,reuzenberenklauw
Event,en,https://creativecommons.org/licenses/by/4.0/legalcode,POV,https://doi.org/10.15468/29cggt,POV,"Monitoring of invasive alien species by the Province East Flanders, Belgium",HumanObservation,casual observation,verified by experts,Exo_1293,present,,,2021-05-18,BE,50.84034,3.59438,WGS84,30,170276,95457,Lambert coordinates,EPSG:31370,Heracleum mantegazzianum,Plantae,species,reuzenberenklauw
Event,en,https://creativecommons.org/licenses/by/4.0/legalcode,POV,https://doi.org/10.15468/29cggt,POV,"Monitoring of invasive alien species by the Province East Flanders, Belgium",HumanObservation,casual observation,verified by experts,Exo_1294,present,,,2021-05-18,BE,50.83963,3.59551,WGS84,30,170196,95536,Lambert coordinates,EPSG:31370,Heracleum mantegazzianum,Plantae,species,reuzenberenklauw
Event,en,https://creativecommons.org/licenses/by/4.0/legalcode,POV,https://doi.org/10.15468/29cggt,POV,"Monitoring of invasive alien species by the Province East Flanders, Belgium",HumanObservation,casual observation,verified by experts,Exo_1295,present,,,2021-05-18,BE,50.83723,3.59805,WGS84,30,169927,95713,Lambert coordinates,EPSG:31370,Heracleum mantegazzianum,Plantae,species,reuzenberenklauw
Event,en,https://creativecommons.org/licenses/by/4.0/legalcode,POV,https://doi.org/10.15468/29cggt,POV,"Monitoring of invasive alien species by the Province East Flanders, Belgium",HumanObservation,casual observation,verified by experts,Exo_1296,present,,,2021-05-18,BE,50.83721,3.59807,WGS84,30,169924,95714,Lambert coordinates,EPSG:31370,Heracleum mantegazzianum,Plantae,species,reuzenberenklauw
Event,en,https://creativecommons.org/licenses/by/4.0/legalcode,POV,https://doi.org/10.15468/29cggt,POV,"Monitoring of invasive alien species by the Province East Flanders, Belgium",HumanObservation,casual observation,verified by experts,Exo_1297,present,,,2021-05-18,BE,50.83702,3.59765,WGS84,30,169904,95684,Lambert coordinates,EPSG:31370,Heracleum mantegazzianum,Plantae,species,reuzenberenklauw
Event,en,https://creativecommons.org/licenses/by/4.0/legalcode,POV,https://doi.org/10.15468/29cggt,POV,"Monitoring of invasive alien species by the Province East Flanders, Belgium",HumanObservation,casual observation,verified by experts,Exo_1298,present,,,2021-05-18,BE,50.83536,3.59168,WGS84,30,169724,95261,Lambert coordinates,EPSG:31370,Heracleum mantegazzianum,Plantae,species,reuzenberenklauw
Event,en,https://creativecommons.org/licenses/by/4.0/legalcode,POV,https://doi.org/10.15468/29cggt,POV,"Monitoring of invasive alien species by the Province East Flanders, Belgium",HumanObservation,casual observation,verified by experts,Exo_1299,present,,,2021-05-18,BE,50.83734,3.58588,WGS84,30,169948,94855,Lambert coordinates,EPSG:31370,Heracleum mantegazzianum,Plantae,species,reuzenberenklauw
Event,en,https://creativecommons.org/licenses/by/4.0/legalcode,POV,https://doi.org/10.15468/29cggt,POV,"Monitoring of invasive alien species by the Province East Flanders, Belgium",HumanObservation,casual observation,verified by experts,Exo_1300,present,,,2021-05-18,BE,50.83889,3.58783,WGS84,30,170120,94994,Lambert coordinates,EPSG:31370,Heracleum mantegazzianum,Plantae,species,reuzenberenklauw
Event,en,https://creativecommons.org/licenses/by/4.0/legalcode,POV,https://doi.org/10.15468/29cggt,POV,"Monitoring of invasive alien species by the Province East Flanders, Belgium",HumanObservation,casual observation,verified by experts,Exo_1301,present,,,2021-05-18,BE,50.83922,3.58854,WGS84,30,170156,95045,Lambert coordinates,EPSG:31370,Heracleum mantegazzianum,Plantae,species,reuzenberenklauw
Event,en,https://creativecommons.org/licenses/by/4.0/legalcode,POV,https://doi.org/10.15468/29cggt,POV,"Monitoring of invasive alien species by the Province East Flanders, Belgium",HumanObservation,casual observation,verified by experts,Exo_1302,present,,,2021-05-18,BE,50.83976,3.59201,WGS84,30,170213,95290,Lambert coordinates,EPSG:31370,Heracleum mantegazzianum,Plantae,species,reuzenberenklauw
Event,en,https://creativecommons.org/licenses/by/4.0/legalcode,POV,https://doi.org/10.15468/29cggt,POV,"Monitoring of invasive alien species by the Province East Flanders, Belgium",HumanObservation,casual observation,verified by experts,Exo_1303,present,,,2021-05-18,BE,50.83989,3.59131,WGS84,30,170228,95240,Lambert coordinates,EPSG:31370,Heracleum mantegazzianum,Plantae,species,reuzenberenklauw
Event,en,https://creativecommons.org/licenses/by/4.0/legalcode,POV,https://doi.org/10.15468/29cggt,POV,"Monitoring of invasive alien species by the Province East Flanders, Belgium",HumanObservation,casual observation,verified by experts,Exo_1304,present,,,2021-05-18,BE,50.83987,3.59110,WGS84,30,170225,95226,Lambert coordinates,EPSG:31370,Heracleum mantegazzianum,Plantae,species,reuzenberenklauw
Event,en,https://creativecommons.org/licenses/by/4.0/legalcode,POV,https://doi.org/10.15468/29cggt,POV,"Monitoring of invasive alien species by the Province East Flanders, Belgium",HumanObservation,casual observation,verified by experts,Exo_1305,present,,,2021-05-18,BE,50.83982,3.59082,WGS84,30,170220,95206,Lambert coordinates,EPSG:31370,Heracleum mantegazzianum,Plantae,species,reuzenberenklauw
Event,en,https://creativecommons.org/licenses/by/4.0/legalcode,POV,https://doi.org/10.15468/29cggt,POV,"Monitoring of invasive alien species by the Province East Flanders, Belgium",HumanObservation,casual observation,verified by experts,Exo_1306,present,,,2021-05-19,BE,51.03748,3.62375,WGS84,30,192184,97746,Lambert coordinates,EPSG:31370,Heracleum mantegazzianum,Plantae,species,reuzenberenklauw
Event,en,https://creativecommons.org/licenses/by/4.0/legalcode,POV,https://doi.org/10.15468/29cggt,POV,"Monitoring of invasive alien species by the Province East Flanders, Belgium",HumanObservation,casual observation,verified by experts,Exo_1307,present,,,2021-05-19,BE,50.97193,3.71175,WGS84,30,184833,103853,Lambert coordinates,EPSG:31370,Heracleum mantegazzianum,Plantae,species,reuzenberenklauw
Event,en,https://creativecommons.org/licenses/by/4.0/legalcode,POV,https://doi.org/10.15468/29cggt,POV,"Monitoring of invasive alien species by the Province East Flanders, Belgium",HumanObservation,casual observation,verified by experts,Exo_1308,present,,,2021-05-19,BE,50.96603,3.70036,WGS84,30,184185,103047,Lambert coordinates,EPSG:31370,Heracleum mantegazzianum,Plantae,species,reuzenberenklauw
Event,en,https://creativecommons.org/licenses/by/4.0/legalcode,POV,https://doi.org/10.15468/29cggt,POV,"Monitoring of invasive alien species by the Province East Flanders, Belgium",HumanObservation,casual observation,verified by experts,Exo_1309,present,,,2021-05-19,BE,50.96597,3.70033,WGS84,30,184178,103045,Lambert coordinates,EPSG:31370,Heracleum mantegazzianum,Plantae,species,reuzenberenklauw
Event,en,https://creativecommons.org/licenses/by/4.0/legalcode,POV,https://doi.org/10.15468/29cggt,POV,"Monitoring of invasive alien species by the Province East Flanders, Belgium",HumanObservation,casual observation,verified by experts,Exo_1310,present,,,2021-05-19,BE,50.96444,3.69942,WGS84,30,184008,102980,Lambert coordinates,EPSG:31370,Heracleum mantegazzianum,Plantae,species,reuzenberenklauw
Event,en,https://creativecommons.org/licenses/by/4.0/legalcode,POV,https://doi.org/10.15468/29cggt,POV,"Monitoring of invasive alien species by the Province East Flanders, Belgium",HumanObservation,casual observation,verified by experts,Exo_1311,present,,,2021-05-19,BE,50.96444,3.69916,WGS84,30,184008,102962,Lambert coordinates,EPSG:31370,Heracleum mantegazzianum,Plantae,species,reuzenberenklauw
Event,en,https://creativecommons.org/licenses/by/4.0/legalcode,POV,https://doi.org/10.15468/29cggt,POV,"Monitoring of invasive alien species by the Province East Flanders, Belgium",HumanObservation,casual observation,verified by experts,Exo_1312,present,,,2021-05-19,BE,50.96413,3.69945,WGS84,30,183974,102982,Lambert coordinates,EPSG:31370,Heracleum mantegazzianum,Plantae,species,reuzenberenklauw
Event,en,https://creativecommons.org/licenses/by/4.0/legalcode,POV,https://doi.org/10.15468/29cggt,POV,"Monitoring of invasive alien species by the Province East Flanders, Belgium",HumanObservation,casual observation,verified by experts,Exo_1313,present,,,2021-05-19,BE,50.96418,3.69923,WGS84,30,183980,102966,Lambert coordinates,EPSG:31370,Heracleum mantegazzianum,Plantae,species,reuzenberenklauw
Event,en,https://creativecommons.org/licenses/by/4.0/legalcode,POV,https://doi.org/10.15468/29cggt,POV,"Monitoring of invasive alien species by the Province East Flanders, Belgium",HumanObservation,casual observation,verified by experts,Exo_1314,present,,,2021-05-19,BE,50.96431,3.69910,WGS84,30,183994,102957,Lambert coordinates,EPSG:31370,Heracleum mantegazzianum,Plantae,species,reuzenberenklauw
Event,en,https://creativecommons.org/licenses/by/4.0/legalcode,POV,https://doi.org/10.15468/29cggt,POV,"Monitoring of invasive alien species by the Province East Flanders, Belgium",HumanObservation,casual observation,verified by experts,Exo_1315,present,,,2021-05-19,BE,50.96438,3.69878,WGS84,30,184001,102934,Lambert coordinates,EPSG:31370,Heracleum mantegazzianum,Plantae,species,reuzenberenklauw
Event,en,https://creativecommons.org/licenses/by/4.0/legalcode,POV,https://doi.org/10.15468/29cggt,POV,"Monitoring of invasive alien species by the Province East Flanders, Belgium",HumanObservation,casual observation,verified by experts,Exo_1316,present,,,2021-05-19,BE,50.96494,3.69847,WGS84,30,184064,102914,Lambert coordinates,EPSG:31370,Heracleum mantegazzianum,Plantae,species,reuzenberenklauw
Event,en,https://creativecommons.org/licenses/by/4.0/legalcode,POV,https://doi.org/10.15468/29cggt,POV,"Monitoring of invasive alien species by the Province East Flanders, Belgium",HumanObservation,casual observation,verified by experts,Exo_1317,present,,,2021-05-19,BE,50.96472,3.69843,WGS84,30,184041,102911,Lambert coordinates,EPSG:31370,Heracleum mantegazzianum,Plantae,species,reuzenberenklauw
Event,en,https://creativecommons.org/licenses/by/4.0/legalcode,POV,https://doi.org/10.15468/29cggt,POV,"Monitoring of invasive alien species by the Province East Flanders, Belgium",HumanObservation,casual observation,verified by experts,Exo_1318,present,,,2021-05-19,BE,50.96506,3.69831,WGS84,30,184078,102902,Lambert coordinates,EPSG:31370,Heracleum mantegazzianum,Plantae,species,reuzenberenklauw
Event,en,https://creativecommons.org/licenses/by/4.0/legalcode,POV,https://doi.org/10.15468/29cggt,POV,"Monitoring of invasive alien species by the Province East Flanders, Belgium",HumanObservation,casual observation,verified by experts,Exo_1319,present,,,2021-05-19,BE,50.96519,3.69810,WGS84,30,184092,102888,Lambert coordinates,EPSG:31370,Heracleum mantegazzianum,Plantae,species,reuzenberenklauw
Event,en,https://creativecommons.org/licenses/by/4.0/legalcode,POV,https://doi.org/10.15468/29cggt,POV,"Monitoring of invasive alien species by the Province East Flanders, Belgium",HumanObservation,casual observation,verified by experts,Exo_1320,present,,,2021-05-19,BE,50.96531,3.69818,WGS84,30,184106,102894,Lambert coordinates,EPSG:31370,Heracleum mantegazzianum,Plantae,species,reuzenberenklauw
Event,en,https://creativecommons.org/licenses/by/4.0/legalcode,POV,https://doi.org/10.15468/29cggt,POV,"Monitoring of invasive alien species by the Province East Flanders, Belgium",HumanObservation,casual observation,verified by experts,Exo_1321,present,,,2021-05-19,BE,50.96538,3.69824,WGS84,30,184113,102898,Lambert coordinates,EPSG:31370,Heracleum mantegazzianum,Plantae,species,reuzenberenklauw
Event,en,https://creativecommons.org/licenses/by/4.0/legalcode,POV,https://doi.org/10.15468/29cggt,POV,"Monitoring of invasive alien species by the Province East Flanders, Belgium",HumanObservation,casual observation,verified by experts,Exo_1322,present,,,2021-05-19,BE,50.96543,3.69809,WGS84,30,184120,102888,Lambert coordinates,EPSG:31370,Heracleum mantegazzianum,Plantae,species,reuzenberenklauw
Event,en,https://creativecommons.org/licenses/by/4.0/legalcode,POV,https://doi.org/10.15468/29cggt,POV,"Monitoring of invasive alien species by the Province East Flanders, Belgium",HumanObservation,casual observation,verified by experts,Exo_1323,present,,,2021-05-19,BE,50.96536,3.69795,WGS84,30,184111,102877,Lambert coordinates,EPSG:31370,Heracleum mantegazzianum,Plantae,species,reuzenberenklauw
Event,en,https://creativecommons.org/licenses/by/4.0/legalcode,POV,https://doi.org/10.15468/29cggt,POV,"Monitoring of invasive alien species by the Province East Flanders, Belgium",HumanObservation,casual observation,verified by experts,Exo_1324,present,,,2021-05-19,BE,50.96615,3.69925,WGS84,30,184198,102970,Lambert coordinates,EPSG:31370,Heracleum mantegazzianum,Plantae,species,reuzenberenklauw
Event,en,https://creativecommons.org/licenses/by/4.0/legalcode,POV,https://doi.org/10.15468/29cggt,POV,"Monitoring of invasive alien species by the Province East Flanders, Belgium",HumanObservation,casual observation,verified by experts,Exo_1325,present,,,2021-05-19,BE,50.96644,3.69878,WGS84,30,184231,102937,Lambert coordinates,EPSG:31370,Heracleum mantegazzianum,Plantae,species,reuzenberenklauw
Event,en,https://creativecommons.org/licenses/by/4.0/legalcode,POV,https://doi.org/10.15468/29cggt,POV,"Monitoring of invasive alien species by the Province East Flanders, Belgium",HumanObservation,casual observation,verified by experts,Exo_1326,present,,,2021-05-19,BE,50.96690,3.69816,WGS84,30,184283,102893,Lambert coordinates,EPSG:31370,Heracleum mantegazzianum,Plantae,species,reuzenberenklauw
Event,en,https://creativecommons.org/licenses/by/4.0/legalcode,POV,https://doi.org/10.15468/29cggt,POV,"Monitoring of invasive alien species by the Province East Flanders, Belgium",HumanObservation,casual observation,verified by experts,Exo_1327,present,,,2021-05-19,BE,50.96330,3.69386,WGS84,30,183884,102588,Lambert coordinates,EPSG:31370,Heracleum mantegazzianum,Plantae,species,reuzenberenklauw
Event,en,https://creativecommons.org/licenses/by/4.0/legalcode,POV,https://doi.org/10.15468/29cggt,POV,"Monitoring of invasive alien species by the Province East Flanders, Belgium",HumanObservation,casual observation,verified by experts,Exo_1328,present,,,2021-05-19,BE,50.96695,3.69612,WGS84,30,184290,102751,Lambert coordinates,EPSG:31370,Heracleum mantegazzianum,Plantae,species,reuzenberenklauw
Event,en,https://creativecommons.org/licenses/by/4.0/legalcode,POV,https://doi.org/10.15468/29cggt,POV,"Monitoring of invasive alien species by the Province East Flanders, Belgium",HumanObservation,casual observation,verified by experts,Exo_1329,present,,,2021-05-19,BE,50.96693,3.69639,WGS84,30,184287,102770,Lambert coordinates,EPSG:31370,Heracleum mantegazzianum,Plantae,species,reuzenberenklauw
Event,en,https://creativecommons.org/licenses/by/4.0/legalcode,POV,https://doi.org/10.15468/29cggt,POV,"Monitoring of invasive alien species by the Province East Flanders, Belgium",HumanObservation,casual observation,verified by experts,Exo_1330,present,,,2021-05-19,BE,50.96714,3.69642,WGS84,30,184311,102772,Lambert coordinates,EPSG:31370,Heracleum mantegazzianum,Plantae,species,reuzenberenklauw
Event,en,https://creativecommons.org/licenses/by/4.0/legalcode,POV,https://doi.org/10.15468/29cggt,POV,"Monitoring of invasive alien species by the Province East Flanders, Belgium",HumanObservation,casual observation,verified by experts,Exo_1331,present,,,2021-05-19,BE,50.96722,3.69759,WGS84,30,184319,102854,Lambert coordinates,EPSG:31370,Heracleum mantegazzianum,Plantae,species,reuzenberenklauw
Event,en,https://creativecommons.org/licenses/by/4.0/legalcode,POV,https://doi.org/10.15468/29cggt,POV,"Monitoring of invasive alien species by the Province East Flanders, Belgium",HumanObservation,casual observation,verified by experts,Exo_1332,present,,,2021-05-19,BE,50.96726,3.69783,WGS84,30,184323,102871,Lambert coordinates,EPSG:31370,Heracleum mantegazzianum,Plantae,species,reuzenberenklauw
Event,en,https://creativecommons.org/licenses/by/4.0/legalcode,POV,https://doi.org/10.15468/29cggt,POV,"Monitoring of invasive alien species by the Province East Flanders, Belgium",HumanObservation,casual observation,verified by experts,Exo_1333,present,,,2021-05-19,BE,50.96698,3.69814,WGS84,30,184291,102892,Lambert coordinates,EPSG:31370,Heracleum mantegazzianum,Plantae,species,reuzenberenklauw
Event,en,https://creativecommons.org/licenses/by/4.0/legalcode,POV,https://doi.org/10.15468/29cggt,POV,"Monitoring of invasive alien species by the Province East Flanders, Belgium",HumanObservation,casual observation,verified by experts,Exo_1334,present,,,2021-05-19,BE,50.96646,3.69884,WGS84,30,184234,102941,Lambert coordinates,EPSG:31370,Heracleum mantegazzianum,Plantae,species,reuzenberenklauw
Event,en,https://creativecommons.org/licenses/by/4.0/legalcode,POV,https://doi.org/10.15468/29cggt,POV,"Monitoring of invasive alien species by the Province East Flanders, Belgium",HumanObservation,casual observation,verified by experts,Exo_1335,present,,,2021-05-19,BE,50.96640,3.69897,WGS84,30,184227,102950,Lambert coordinates,EPSG:31370,Heracleum mantegazzianum,Plantae,species,reuzenberenklauw
Event,en,https://creativecommons.org/licenses/by/4.0/legalcode,POV,https://doi.org/10.15468/29cggt,POV,"Monitoring of invasive alien species by the Province East Flanders, Belgium",HumanObservation,casual observation,verified by experts,Exo_1336,present,,,2021-05-19,BE,50.96620,3.69930,WGS84,30,184204,102973,Lambert coordinates,EPSG:31370,Heracleum mantegazzianum,Plantae,species,reuzenberenklauw
Event,en,https://creativecommons.org/licenses/by/4.0/legalcode,POV,https://doi.org/10.15468/29cggt,POV,"Monitoring of invasive alien species by the Province East Flanders, Belgium",HumanObservation,casual observation,verified by experts,Exo_1337,present,,,2021-05-19,BE,50.96604,3.70040,WGS84,30,184185,103050,Lambert coordinates,EPSG:31370,Heracleum mantegazzianum,Plantae,species,reuzenberenklauw
Event,en,https://creativecommons.org/licenses/by/4.0/legalcode,POV,https://doi.org/10.15468/29cggt,POV,"Monitoring of invasive alien species by the Province East Flanders, Belgium",HumanObservation,casual observation,verified by experts,Exo_1338,present,,,2021-05-19,BE,50.96456,3.69955,WGS84,30,184021,102989,Lambert coordinates,EPSG:31370,Heracleum mantegazzianum,Plantae,species,reuzenberenklauw
Event,en,https://creativecommons.org/licenses/by/4.0/legalcode,POV,https://doi.org/10.15468/29cggt,POV,"Monitoring of invasive alien species by the Province East Flanders, Belgium",HumanObservation,casual observation,verified by experts,Exo_1339,present,,,2021-05-19,BE,50.96532,3.69524,WGS84,30,184109,102687,Lambert coordinates,EPSG:31370,Heracleum mantegazzianum,Plantae,species,reuzenberenklauw
Event,en,https://creativecommons.org/licenses/by/4.0/legalcode,POV,https://doi.org/10.15468/29cggt,POV,"Monitoring of invasive alien species by the Province East Flanders, Belgium",HumanObservation,casual observation,verified by experts,Exo_1340,present,,,2021-05-19,BE,50.96535,3.69527,WGS84,30,184112,102689,Lambert coordinates,EPSG:31370,Heracleum mantegazzianum,Plantae,species,reuzenberenklauw
Event,en,https://creativecommons.org/licenses/by/4.0/legalcode,POV,https://doi.org/10.15468/29cggt,POV,"Monitoring of invasive alien species by the Province East Flanders, Belgium",HumanObservation,casual observation,verified by experts,Exo_1341,present,,,2021-05-19,BE,50.96535,3.69835,WGS84,30,184110,102906,Lambert coordinates,EPSG:31370,Heracleum mantegazzianum,Plantae,species,reuzenberenklauw
Event,en,https://creativecommons.org/licenses/by/4.0/legalcode,POV,https://doi.org/10.15468/29cggt,POV,"Monitoring of invasive alien species by the Province East Flanders, Belgium",HumanObservation,casual observation,verified by experts,Exo_1342,present,,,2021-05-19,BE,50.96535,3.69512,WGS84,30,184112,102679,Lambert coordinates,EPSG:31370,Heracleum mantegazzianum,Plantae,species,reuzenberenklauw
Event,en,https://creativecommons.org/licenses/by/4.0/legalcode,POV,https://doi.org/10.15468/29cggt,POV,"Monitoring of invasive alien species by the Province East Flanders, Belgium",HumanObservation,casual observation,verified by experts,Exo_1343,present,,,2021-05-19,BE,50.96534,3.69499,WGS84,30,184111,102670,Lambert coordinates,EPSG:31370,Heracleum mantegazzianum,Plantae,species,reuzenberenklauw
Event,en,https://creativecommons.org/licenses/by/4.0/legalcode,POV,https://doi.org/10.15468/29cggt,POV,"Monitoring of invasive alien species by the Province East Flanders, Belgium",HumanObservation,casual observation,verified by experts,Exo_1344,present,,,2021-05-19,BE,50.96540,3.69527,WGS84,30,184118,102689,Lambert coordinates,EPSG:31370,Heracleum mantegazzianum,Plantae,species,reuzenberenklauw
Event,en,https://creativecommons.org/licenses/by/4.0/legalcode,POV,https://doi.org/10.15468/29cggt,POV,"Monitoring of invasive alien species by the Province East Flanders, Belgium",HumanObservation,casual observation,verified by experts,Exo_1345,present,,,2021-05-19,BE,50.96539,3.69517,WGS84,30,184117,102682,Lambert coordinates,EPSG:31370,Heracleum mantegazzianum,Plantae,species,reuzenberenklauw
Event,en,https://creativecommons.org/licenses/by/4.0/legalcode,POV,https://doi.org/10.15468/29cggt,POV,"Monitoring of invasive alien species by the Province East Flanders, Belgium",HumanObservation,casual observation,verified by experts,Exo_1346,present,,,2021-05-19,BE,50.96521,3.69755,WGS84,30,184095,102849,Lambert coordinates,EPSG:31370,Heracleum mantegazzianum,Plantae,species,reuzenberenklauw
Event,en,https://creativecommons.org/licenses/by/4.0/legalcode,POV,https://doi.org/10.15468/29cggt,POV,"Monitoring of invasive alien species by the Province East Flanders, Belgium",HumanObservation,casual observation,verified by experts,Exo_1347,present,,,2021-05-19,BE,50.96528,3.69518,WGS84,30,184105,102683,Lambert coordinates,EPSG:31370,Heracleum mantegazzianum,Plantae,species,reuzenberenklauw
Event,en,https://creativecommons.org/licenses/by/4.0/legalcode,POV,https://doi.org/10.15468/29cggt,POV,"Monitoring of invasive alien species by the Province East Flanders, Belgium",HumanObservation,casual observation,verified by experts,Exo_1348,present,,,2021-05-19,BE,50.96365,3.69394,WGS84,30,183923,102594,Lambert coordinates,EPSG:31370,Heracleum mantegazzianum,Plantae,species,reuzenberenklauw
Event,en,https://creativecommons.org/licenses/by/4.0/legalcode,POV,https://doi.org/10.15468/29cggt,POV,"Monitoring of invasive alien species by the Province East Flanders, Belgium",HumanObservation,casual observation,verified by experts,Exo_1349,present,,,2021-05-19,BE,50.96376,3.69448,WGS84,30,183935,102632,Lambert coordinates,EPSG:31370,Heracleum mantegazzianum,Plantae,species,reuzenberenklauw
Event,en,https://creativecommons.org/licenses/by/4.0/legalcode,POV,https://doi.org/10.15468/29cggt,POV,"Monitoring of invasive alien species by the Province East Flanders, Belgium",HumanObservation,casual observation,verified by experts,Exo_1350,present,,,2021-05-19,BE,50.96241,3.69283,WGS84,30,183787,102515,Lambert coordinates,EPSG:31370,Heracleum mantegazzianum,Plantae,species,reuzenberenklauw
Event,en,https://creativecommons.org/licenses/by/4.0/legalcode,POV,https://doi.org/10.15468/29cggt,POV,"Monitoring of invasive alien species by the Province East Flanders, Belgium",HumanObservation,casual observation,verified by experts,Exo_1351,present,,,2021-05-19,BE,50.96243,3.69252,WGS84,30,183789,102493,Lambert coordinates,EPSG:31370,Heracleum mantegazzianum,Plantae,species,reuzenberenklauw
Event,en,https://creativecommons.org/licenses/by/4.0/legalcode,POV,https://doi.org/10.15468/29cggt,POV,"Monitoring of invasive alien species by the Province East Flanders, Belgium",HumanObservation,casual observation,verified by experts,Exo_1352,present,,,2021-05-19,BE,50.96252,3.69220,WGS84,30,183799,102471,Lambert coordinates,EPSG:31370,Heracleum mantegazzianum,Plantae,species,reuzenberenklauw
Event,en,https://creativecommons.org/licenses/by/4.0/legalcode,POV,https://doi.org/10.15468/29cggt,POV,"Monitoring of invasive alien species by the Province East Flanders, Belgium",HumanObservation,casual observation,verified by experts,Exo_1353,present,,,2021-05-19,BE,50.96170,3.69257,WGS84,30,183708,102496,Lambert coordinates,EPSG:31370,Heracleum mantegazzianum,Plantae,species,reuzenberenklauw
Event,en,https://creativecommons.org/licenses/by/4.0/legalcode,POV,https://doi.org/10.15468/29cggt,POV,"Monitoring of invasive alien species by the Province East Flanders, Belgium",HumanObservation,casual observation,verified by experts,Exo_1354,present,,,2021-05-19,BE,50.96161,3.69281,WGS84,30,183698,102513,Lambert coordinates,EPSG:31370,Heracleum mantegazzianum,Plantae,species,reuzenberenklauw
Event,en,https://creativecommons.org/licenses/by/4.0/legalcode,POV,https://doi.org/10.15468/29cggt,POV,"Monitoring of invasive alien species by the Province East Flanders, Belgium",HumanObservation,casual observation,verified by experts,Exo_1355,present,,,2021-05-19,BE,50.96146,3.69260,WGS84,30,183681,102498,Lambert coordinates,EPSG:31370,Heracleum mantegazzianum,Plantae,species,reuzenberenklauw
Event,en,https://creativecommons.org/licenses/by/4.0/legalcode,POV,https://doi.org/10.15468/29cggt,POV,"Monitoring of invasive alien species by the Province East Flanders, Belgium",HumanObservation,casual observation,verified by experts,Exo_1356,present,,,2021-05-19,BE,50.96157,3.69258,WGS84,30,183693,102497,Lambert coordinates,EPSG:31370,Heracleum mantegazzianum,Plantae,species,reuzenberenklauw
Event,en,https://creativecommons.org/licenses/by/4.0/legalcode,POV,https://doi.org/10.15468/29cggt,POV,"Monitoring of invasive alien species by the Province East Flanders, Belgium",HumanObservation,casual observation,verified by experts,Exo_1357,present,,,2021-05-19,BE,50.96033,3.69028,WGS84,30,183557,102333,Lambert coordinates,EPSG:31370,Heracleum mantegazzianum,Plantae,species,reuzenberenklauw
Event,en,https://creativecommons.org/licenses/by/4.0/legalcode,POV,https://doi.org/10.15468/29cggt,POV,"Monitoring of invasive alien species by the Province East Flanders, Belgium",HumanObservation,casual observation,verified by experts,Exo_1358,present,,,2021-05-19,BE,50.88426,3.96812,WGS84,30,174953,121807,Lambert coordinates,EPSG:31370,Helianthus tuberosus,Plantae,species,aardpeer
Event,en,https://creativecommons.org/licenses/by/4.0/legalcode,POV,https://doi.org/10.15468/29cggt,POV,"Monitoring of invasive alien species by the Province East Flanders, Belgium",HumanObservation,casual observation,verified by experts,Exo_1359,present,,,2021-05-20,BE,51.02427,4.04562,WGS84,30,190501,127328,Lambert coordinates,EPSG:31370,Heracleum mantegazzianum,Plantae,species,reuzenberenklauw
Event,en,https://creativecommons.org/licenses/by/4.0/legalcode,POV,https://doi.org/10.15468/29cggt,POV,"Monitoring of invasive alien species by the Province East Flanders, Belgium",HumanObservation,casual observation,verified by experts,Exo_1361,present,,,2021-05-20,BE,51.04890,3.66714,WGS84,30,193425,100801,Lambert coordinates,EPSG:31370,Heracleum mantegazzianum,Plantae,species,reuzenberenklauw
Event,en,https://creativecommons.org/licenses/by/4.0/legalcode,POV,https://doi.org/10.15468/29cggt,POV,"Monitoring of invasive alien species by the Province East Flanders, Belgium",HumanObservation,casual observation,verified by experts,Exo_1362,present,,,2021-05-20,BE,51.04887,3.66736,WGS84,30,193421,100816,Lambert coordinates,EPSG:31370,Heracleum mantegazzianum,Plantae,species,reuzenberenklauw
Event,en,https://creativecommons.org/licenses/by/4.0/legalcode,POV,https://doi.org/10.15468/29cggt,POV,"Monitoring of invasive alien species by the Province East Flanders, Belgium",HumanObservation,casual observation,verified by experts,Exo_1363,present,,,2021-05-20,BE,51.04887,3.66730,WGS84,30,193421,100812,Lambert coordinates,EPSG:31370,Heracleum mantegazzianum,Plantae,species,reuzenberenklauw
Event,en,https://creativecommons.org/licenses/by/4.0/legalcode,POV,https://doi.org/10.15468/29cggt,POV,"Monitoring of invasive alien species by the Province East Flanders, Belgium",HumanObservation,casual observation,verified by experts,Exo_1364,present,,,2021-05-20,BE,51.04889,3.66734,WGS84,30,193424,100815,Lambert coordinates,EPSG:31370,Heracleum mantegazzianum,Plantae,species,reuzenberenklauw
Event,en,https://creativecommons.org/licenses/by/4.0/legalcode,POV,https://doi.org/10.15468/29cggt,POV,"Monitoring of invasive alien species by the Province East Flanders, Belgium",HumanObservation,casual observation,verified by experts,Exo_1365,present,,,2021-05-20,BE,51.04891,3.66730,WGS84,30,193426,100812,Lambert coordinates,EPSG:31370,Heracleum mantegazzianum,Plantae,species,reuzenberenklauw
Event,en,https://creativecommons.org/licenses/by/4.0/legalcode,POV,https://doi.org/10.15468/29cggt,POV,"Monitoring of invasive alien species by the Province East Flanders, Belgium",HumanObservation,casual observation,verified by experts,Exo_1366,present,,,2021-05-20,BE,51.04477,3.67138,WGS84,30,192962,101094,Lambert coordinates,EPSG:31370,Heracleum mantegazzianum,Plantae,species,reuzenberenklauw
Event,en,https://creativecommons.org/licenses/by/4.0/legalcode,POV,https://doi.org/10.15468/29cggt,POV,"Monitoring of invasive alien species by the Province East Flanders, Belgium",HumanObservation,casual observation,verified by experts,Exo_1367,present,,,2021-05-20,BE,51.04498,3.67124,WGS84,30,192986,101085,Lambert coordinates,EPSG:31370,Heracleum mantegazzianum,Plantae,species,reuzenberenklauw
Event,en,https://creativecommons.org/licenses/by/4.0/legalcode,POV,https://doi.org/10.15468/29cggt,POV,"Monitoring of invasive alien species by the Province East Flanders, Belgium",HumanObservation,casual observation,verified by experts,Exo_1368,present,,,2021-05-20,BE,51.05480,3.68649,WGS84,30,194068,102164,Lambert coordinates,EPSG:31370,Heracleum mantegazzianum,Plantae,species,reuzenberenklauw
Event,en,https://creativecommons.org/licenses/by/4.0/legalcode,POV,https://doi.org/10.15468/29cggt,POV,"Monitoring of invasive alien species by the Province East Flanders, Belgium",HumanObservation,casual observation,verified by experts,Exo_1369,present,,,2021-05-20,BE,51.05476,3.68650,WGS84,30,194064,102165,Lambert coordinates,EPSG:31370,Heracleum mantegazzianum,Plantae,species,reuzenberenklauw
Event,en,https://creativecommons.org/licenses/by/4.0/legalcode,POV,https://doi.org/10.15468/29cggt,POV,"Monitoring of invasive alien species by the Province East Flanders, Belgium",HumanObservation,casual observation,verified by experts,Exo_1370,present,,,2021-05-20,BE,51.05478,3.68642,WGS84,30,194066,102159,Lambert coordinates,EPSG:31370,Heracleum mantegazzianum,Plantae,species,reuzenberenklauw
Event,en,https://creativecommons.org/licenses/by/4.0/legalcode,POV,https://doi.org/10.15468/29cggt,POV,"Monitoring of invasive alien species by the Province East Flanders, Belgium",HumanObservation,casual observation,verified by experts,Exo_1374,present,,,2021-05-21,BE,51.02265,3.66292,WGS84,30,190508,100477,Lambert coordinates,EPSG:31370,Heracleum mantegazzianum,Plantae,species,reuzenberenklauw
Event,en,https://creativecommons.org/licenses/by/4.0/legalcode,POV,https://doi.org/10.15468/29cggt,POV,"Monitoring of invasive alien species by the Province East Flanders, Belgium",HumanObservation,casual observation,verified by experts,Exo_1375,present,,,2021-05-21,BE,51.02255,3.66282,WGS84,30,190496,100470,Lambert coordinates,EPSG:31370,Heracleum mantegazzianum,Plantae,species,reuzenberenklauw
Event,en,https://creativecommons.org/licenses/by/4.0/legalcode,POV,https://doi.org/10.15468/29cggt,POV,"Monitoring of invasive alien species by the Province East Flanders, Belgium",HumanObservation,casual observation,verified by experts,Exo_1376,present,,,2021-05-21,BE,51.02272,3.66291,WGS84,30,190515,100477,Lambert coordinates,EPSG:31370,Heracleum mantegazzianum,Plantae,species,reuzenberenklauw
Event,en,https://creativecommons.org/licenses/by/4.0/legalcode,POV,https://doi.org/10.15468/29cggt,POV,"Monitoring of invasive alien species by the Province East Flanders, Belgium",HumanObservation,casual observation,verified by experts,Exo_1381,present,,,2021-05-25,BE,50.98890,3.77052,WGS84,30,186687,107997,Lambert coordinates,EPSG:31370,Heracleum mantegazzianum,Plantae,species,reuzenberenklauw
Event,en,https://creativecommons.org/licenses/by/4.0/legalcode,POV,https://doi.org/10.15468/29cggt,POV,"Monitoring of invasive alien species by the Province East Flanders, Belgium",HumanObservation,casual observation,verified by experts,Exo_1431,present,,,2021-06-14,BE,50.95192,3.46074,WGS84,30,182793,86196,Lambert coordinates,EPSG:31370,Gunnera tinctoria,Plantae,species,gewone gunnera
Event,en,https://creativecommons.org/licenses/by/4.0/legalcode,POV,https://doi.org/10.15468/29cggt,POV,"Monitoring of invasive alien species by the Province East Flanders, Belgium",HumanObservation,casual observation,verified by experts,Exo_1440,present,,,2021-06-16,BE,50.95074,3.77466,WGS84,30,182439,108253,Lambert coordinates,EPSG:31370,Heracleum mantegazzianum,Plantae,species,reuzenberenklauw
Event,en,https://creativecommons.org/licenses/by/4.0/legalcode,POV,https://doi.org/10.15468/29cggt,POV,"Monitoring of invasive alien species by the Province East Flanders, Belgium",HumanObservation,casual observation,verified by experts,Exo_1441,present,,,2021-06-16,BE,50.91081,3.80717,WGS84,30,177980,110504,Lambert coordinates,EPSG:31370,Heracleum mantegazzianum,Plantae,species,reuzenberenklauw
Event,en,https://creativecommons.org/licenses/by/4.0/legalcode,POV,https://doi.org/10.15468/29cggt,POV,"Monitoring of invasive alien species by the Province East Flanders, Belgium",HumanObservation,casual observation,verified by experts,Exo_1442,present,,,2021-06-16,BE,50.94106,3.79899,WGS84,30,181349,109955,Lambert coordinates,EPSG:31370,Heracleum mantegazzianum,Plantae,species,reuzenberenklauw
Event,en,https://creativecommons.org/licenses/by/4.0/legalcode,POV,https://doi.org/10.15468/29cggt,POV,"Monitoring of invasive alien species by the Province East Flanders, Belgium",HumanObservation,casual observation,verified by experts,Exo_1446,present,,,2021-06-18,BE,50.91624,3.64984,WGS84,30,178679,99445,Lambert coordinates,EPSG:31370,Heracleum mantegazzianum,Plantae,species,reuzenberenklauw
Event,en,https://creativecommons.org/licenses/by/4.0/legalcode,POV,https://doi.org/10.15468/29cggt,POV,"Monitoring of invasive alien species by the Province East Flanders, Belgium",HumanObservation,casual observation,verified by experts,Exo_1462,present,,,2021-06-24,BE,51.17227,4.23099,WGS84,30,206927,140364,Lambert coordinates,EPSG:31370,Reynoutria,Plantae,genus,
Event,en,https://creativecommons.org/licenses/by/4.0/legalcode,POV,https://doi.org/10.15468/29cggt,POV,"Monitoring of invasive alien species by the Province East Flanders, Belgium",HumanObservation,casual observation,verified by experts,Exo_1463,present,,,2021-06-24,BE,51.17424,4.23030,WGS84,30,207145,140316,Lambert coordinates,EPSG:31370,Reynoutria,Plantae,genus,
Event,en,https://creativecommons.org/licenses/by/4.0/legalcode,POV,https://doi.org/10.15468/29cggt,POV,"Monitoring of invasive alien species by the Province East Flanders, Belgium",HumanObservation,casual observation,verified by experts,Exo_1464,present,,,2021-06-24,BE,51.17393,4.23038,WGS84,30,207111,140322,Lambert coordinates,EPSG:31370,Reynoutria,Plantae,genus,
Event,en,https://creativecommons.org/licenses/by/4.0/legalcode,POV,https://doi.org/10.15468/29cggt,POV,"Monitoring of invasive alien species by the Province East Flanders, Belgium",HumanObservation,casual observation,verified by experts,Exo_1465,present,,,2021-06-24,BE,51.17445,4.22965,WGS84,30,207169,140271,Lambert coordinates,EPSG:31370,Reynoutria,Plantae,genus,
Event,en,https://creativecommons.org/licenses/by/4.0/legalcode,POV,https://doi.org/10.15468/29cggt,POV,"Monitoring of invasive alien species by the Province East Flanders, Belgium",HumanObservation,casual observation,verified by experts,Exo_1466,present,,,2021-06-24,BE,51.19624,4.21865,WGS84,30,209595,139507,Lambert coordinates,EPSG:31370,Reynoutria,Plantae,genus,
Event,en,https://creativecommons.org/licenses/by/4.0/legalcode,POV,https://doi.org/10.15468/29cggt,POV,"Monitoring of invasive alien species by the Province East Flanders, Belgium",HumanObservation,casual observation,verified by experts,Exo_1467,present,,,2021-06-24,BE,51.21948,4.26556,WGS84,30,212175,142790,Lambert coordinates,EPSG:31370,Reynoutria,Plantae,genus,
Event,en,https://creativecommons.org/licenses/by/4.0/legalcode,POV,https://doi.org/10.15468/29cggt,POV,"Monitoring of invasive alien species by the Province East Flanders, Belgium",HumanObservation,casual observation,verified by experts,Exo_1472,present,,,2021-06-25,BE,50.94538,3.78361,WGS84,30,181838,108877,Lambert coordinates,EPSG:31370,Reynoutria,Plantae,genus,
Event,en,https://creativecommons.org/licenses/by/4.0/legalcode,POV,https://doi.org/10.15468/29cggt,POV,"Monitoring of invasive alien species by the Province East Flanders, Belgium",HumanObservation,casual observation,verified by experts,Exo_1473,present,,,2021-06-25,BE,50.95093,3.77409,WGS84,30,182460,108213,Lambert coordinates,EPSG:31370,Reynoutria,Plantae,genus,
Event,en,https://creativecommons.org/licenses/by/4.0/legalcode,POV,https://doi.org/10.15468/29cggt,POV,"Monitoring of invasive alien species by the Province East Flanders, Belgium",HumanObservation,casual observation,verified by experts,Exo_1474,present,,,2021-06-25,BE,50.95194,3.77702,WGS84,30,182571,108420,Lambert coordinates,EPSG:31370,Reynoutria,Plantae,genus,
Event,en,https://creativecommons.org/licenses/by/4.0/legalcode,POV,https://doi.org/10.15468/29cggt,POV,"Monitoring of invasive alien species by the Province East Flanders, Belgium",HumanObservation,casual observation,verified by experts,Exo_1475,present,,,2021-06-25,BE,50.95346,3.77760,WGS84,30,182740,108462,Lambert coordinates,EPSG:31370,Reynoutria,Plantae,genus,
Event,en,https://creativecommons.org/licenses/by/4.0/legalcode,POV,https://doi.org/10.15468/29cggt,POV,"Monitoring of invasive alien species by the Province East Flanders, Belgium",HumanObservation,casual observation,verified by experts,Exo_1476,present,,,2021-06-25,BE,50.97523,3.74770,WGS84,30,185179,106381,Lambert coordinates,EPSG:31370,Reynoutria,Plantae,genus,
Event,en,https://creativecommons.org/licenses/by/4.0/legalcode,POV,https://doi.org/10.15468/29cggt,POV,"Monitoring of invasive alien species by the Province East Flanders, Belgium",HumanObservation,casual observation,verified by experts,Exo_1477,present,,,2021-06-25,BE,51.14603,3.73106,WGS84,30,204189,105376,Lambert coordinates,EPSG:31370,Reynoutria,Plantae,genus,
Event,en,https://creativecommons.org/licenses/by/4.0/legalcode,POV,https://doi.org/10.15468/29cggt,POV,"Monitoring of invasive alien species by the Province East Flanders, Belgium",HumanObservation,casual observation,verified by experts,Exo_1478,present,,,2021-06-25,BE,51.04691,3.81593,WGS84,30,193116,111232,Lambert coordinates,EPSG:31370,Reynoutria,Plantae,genus,
Event,en,https://creativecommons.org/licenses/by/4.0/legalcode,POV,https://doi.org/10.15468/29cggt,POV,"Monitoring of invasive alien species by the Province East Flanders, Belgium",HumanObservation,casual observation,verified by experts,Exo_1479,present,,,2021-06-25,BE,51.04695,3.81667,WGS84,30,193119,111284,Lambert coordinates,EPSG:31370,Reynoutria,Plantae,genus,
Event,en,https://creativecommons.org/licenses/by/4.0/legalcode,POV,https://doi.org/10.15468/29cggt,POV,"Monitoring of invasive alien species by the Province East Flanders, Belgium",HumanObservation,casual observation,verified by experts,Exo_1480,present,,,2021-06-25,BE,50.98261,3.80284,WGS84,30,185970,110260,Lambert coordinates,EPSG:31370,Reynoutria,Plantae,genus,
Event,en,https://creativecommons.org/licenses/by/4.0/legalcode,POV,https://doi.org/10.15468/29cggt,POV,"Monitoring of invasive alien species by the Province East Flanders, Belgium",HumanObservation,casual observation,verified by experts,Exo_1481,present,,,2021-06-25,BE,50.98254,3.80316,WGS84,30,185961,110283,Lambert coordinates,EPSG:31370,Reynoutria,Plantae,genus,
Event,en,https://creativecommons.org/licenses/by/4.0/legalcode,POV,https://doi.org/10.15468/29cggt,POV,"Monitoring of invasive alien species by the Province East Flanders, Belgium",HumanObservation,casual observation,verified by experts,Exo_1482,present,,,2021-06-25,BE,50.97597,3.78995,WGS84,30,185237,109350,Lambert coordinates,EPSG:31370,Reynoutria,Plantae,genus,
Event,en,https://creativecommons.org/licenses/by/4.0/legalcode,POV,https://doi.org/10.15468/29cggt,POV,"Monitoring of invasive alien species by the Province East Flanders, Belgium",HumanObservation,casual observation,verified by experts,Exo_1483,present,,,2021-06-25,BE,50.75942,3.86796,WGS84,30,161109,114666,Lambert coordinates,EPSG:31370,Reynoutria,Plantae,genus,
Event,en,https://creativecommons.org/licenses/by/4.0/legalcode,POV,https://doi.org/10.15468/29cggt,POV,"Monitoring of invasive alien species by the Province East Flanders, Belgium",HumanObservation,casual observation,verified by experts,Exo_1484,present,,,2021-06-25,BE,50.75877,3.86906,WGS84,30,161036,114743,Lambert coordinates,EPSG:31370,Reynoutria,Plantae,genus,
Event,en,https://creativecommons.org/licenses/by/4.0/legalcode,POV,https://doi.org/10.15468/29cggt,POV,"Monitoring of invasive alien species by the Province East Flanders, Belgium",HumanObservation,casual observation,verified by experts,Exo_1485,present,,,2021-06-25,BE,50.96710,3.94071,WGS84,30,184179,119932,Lambert coordinates,EPSG:31370,Reynoutria,Plantae,genus,
Event,en,https://creativecommons.org/licenses/by/4.0/legalcode,POV,https://doi.org/10.15468/29cggt,POV,"Monitoring of invasive alien species by the Province East Flanders, Belgium",HumanObservation,casual observation,verified by experts,Exo_1486,present,,,2021-06-25,BE,50.96710,3.94106,WGS84,30,184178,119956,Lambert coordinates,EPSG:31370,Reynoutria,Plantae,genus,
Event,en,https://creativecommons.org/licenses/by/4.0/legalcode,POV,https://doi.org/10.15468/29cggt,POV,"Monitoring of invasive alien species by the Province East Flanders, Belgium",HumanObservation,casual observation,verified by experts,Exo_1487,present,,,2021-06-25,BE,51.01313,3.94187,WGS84,30,189299,120043,Lambert coordinates,EPSG:31370,Reynoutria,Plantae,genus,
Event,en,https://creativecommons.org/licenses/by/4.0/legalcode,POV,https://doi.org/10.15468/29cggt,POV,"Monitoring of invasive alien species by the Province East Flanders, Belgium",HumanObservation,casual observation,verified by experts,Exo_1488,present,,,2021-06-25,BE,51.01257,3.94160,WGS84,30,189238,120023,Lambert coordinates,EPSG:31370,Reynoutria,Plantae,genus,
Event,en,https://creativecommons.org/licenses/by/4.0/legalcode,POV,https://doi.org/10.15468/29cggt,POV,"Monitoring of invasive alien species by the Province East Flanders, Belgium",HumanObservation,casual observation,verified by experts,Exo_1489,present,,,2021-06-25,BE,51.23678,4.05523,WGS84,30,214141,128102,Lambert coordinates,EPSG:31370,Reynoutria,Plantae,genus,
Event,en,https://creativecommons.org/licenses/by/4.0/legalcode,POV,https://doi.org/10.15468/29cggt,POV,"Monitoring of invasive alien species by the Province East Flanders, Belgium",HumanObservation,casual observation,verified by experts,Exo_1490,present,,,2021-06-25,BE,51.23680,4.05630,WGS84,30,214142,128177,Lambert coordinates,EPSG:31370,Reynoutria,Plantae,genus,
Event,en,https://creativecommons.org/licenses/by/4.0/legalcode,POV,https://doi.org/10.15468/29cggt,POV,"Monitoring of invasive alien species by the Province East Flanders, Belgium",HumanObservation,casual observation,verified by experts,Exo_1491,present,,,2021-06-25,BE,50.92819,4.06698,WGS84,30,179807,128784,Lambert coordinates,EPSG:31370,Reynoutria,Plantae,genus,
Event,en,https://creativecommons.org/licenses/by/4.0/legalcode,POV,https://doi.org/10.15468/29cggt,POV,"Monitoring of invasive alien species by the Province East Flanders, Belgium",HumanObservation,casual observation,verified by experts,Exo_1492,present,,,2021-06-25,BE,50.90395,4.07303,WGS84,30,177109,129198,Lambert coordinates,EPSG:31370,Reynoutria,Plantae,genus,
Event,en,https://creativecommons.org/licenses/by/4.0/legalcode,POV,https://doi.org/10.15468/29cggt,POV,"Monitoring of invasive alien species by the Province East Flanders, Belgium",HumanObservation,casual observation,verified by experts,Exo_1493,present,,,2021-06-25,BE,50.81450,3.78094,WGS84,30,167280,108574,Lambert coordinates,EPSG:31370,Reynoutria,Plantae,genus,
Event,en,https://creativecommons.org/licenses/by/4.0/legalcode,POV,https://doi.org/10.15468/29cggt,POV,"Monitoring of invasive alien species by the Province East Flanders, Belgium",HumanObservation,casual observation,verified by experts,Exo_1494,present,,,2021-06-25,BE,51.03012,3.67055,WGS84,30,191334,101020,Lambert coordinates,EPSG:31370,Reynoutria,Plantae,genus,
Event,en,https://creativecommons.org/licenses/by/4.0/legalcode,POV,https://doi.org/10.15468/29cggt,POV,"Monitoring of invasive alien species by the Province East Flanders, Belgium",HumanObservation,casual observation,verified by experts,Exo_1495,present,,,2021-06-25,BE,51.03284,3.66788,WGS84,30,191638,100836,Lambert coordinates,EPSG:31370,Reynoutria,Plantae,genus,
Event,en,https://creativecommons.org/licenses/by/4.0/legalcode,POV,https://doi.org/10.15468/29cggt,POV,"Monitoring of invasive alien species by the Province East Flanders, Belgium",HumanObservation,casual observation,verified by experts,Exo_1496,present,,,2021-06-25,BE,50.93866,4.05395,WGS84,30,180976,127873,Lambert coordinates,EPSG:31370,Reynoutria,Plantae,genus,
Event,en,https://creativecommons.org/licenses/by/4.0/legalcode,POV,https://doi.org/10.15468/29cggt,POV,"Monitoring of invasive alien species by the Province East Flanders, Belgium",HumanObservation,casual observation,verified by experts,Exo_1497,present,,,2021-06-25,BE,50.93775,4.05217,WGS84,30,180874,127747,Lambert coordinates,EPSG:31370,Reynoutria,Plantae,genus,
Event,en,https://creativecommons.org/licenses/by/4.0/legalcode,POV,https://doi.org/10.15468/29cggt,POV,"Monitoring of invasive alien species by the Province East Flanders, Belgium",HumanObservation,casual observation,verified by experts,Exo_1498,present,,,2021-06-25,BE,51.00005,4.13205,WGS84,30,187785,133384,Lambert coordinates,EPSG:31370,Reynoutria,Plantae,genus,
Event,en,https://creativecommons.org/licenses/by/4.0/legalcode,POV,https://doi.org/10.15468/29cggt,POV,"Monitoring of invasive alien species by the Province East Flanders, Belgium",HumanObservation,casual observation,verified by experts,Exo_1499,present,,,2021-06-25,BE,51.00000,4.13206,WGS84,30,187778,133385,Lambert coordinates,EPSG:31370,Reynoutria,Plantae,genus,
Event,en,https://creativecommons.org/licenses/by/4.0/legalcode,POV,https://doi.org/10.15468/29cggt,POV,"Monitoring of invasive alien species by the Province East Flanders, Belgium",HumanObservation,casual observation,verified by experts,Exo_1500,present,,,2021-06-25,BE,50.99448,4.15312,WGS84,30,187161,134861,Lambert coordinates,EPSG:31370,Reynoutria,Plantae,genus,
Event,en,https://creativecommons.org/licenses/by/4.0/legalcode,POV,https://doi.org/10.15468/29cggt,POV,"Monitoring of invasive alien species by the Province East Flanders, Belgium",HumanObservation,casual observation,verified by experts,Exo_1501,present,,,2021-06-25,BE,50.99033,4.15547,WGS84,30,186698,135025,Lambert coordinates,EPSG:31370,Reynoutria,Plantae,genus,
Event,en,https://creativecommons.org/licenses/by/4.0/legalcode,POV,https://doi.org/10.15468/29cggt,POV,"Monitoring of invasive alien species by the Province East Flanders, Belgium",HumanObservation,casual observation,verified by experts,Exo_1502,present,,,2021-06-25,BE,51.08794,4.01207,WGS84,30,197596,125009,Lambert coordinates,EPSG:31370,Reynoutria,Plantae,genus,
Event,en,https://creativecommons.org/licenses/by/4.0/legalcode,POV,https://doi.org/10.15468/29cggt,POV,"Monitoring of invasive alien species by the Province East Flanders, Belgium",HumanObservation,casual observation,verified by experts,Exo_1503,present,,,2021-06-25,BE,51.13036,4.22307,WGS84,30,202265,139801,Lambert coordinates,EPSG:31370,Reynoutria,Plantae,genus,
Event,en,https://creativecommons.org/licenses/by/4.0/legalcode,POV,https://doi.org/10.15468/29cggt,POV,"Monitoring of invasive alien species by the Province East Flanders, Belgium",HumanObservation,casual observation,verified by experts,Exo_1504,present,,,2021-06-25,BE,51.21338,3.44531,WGS84,30,211892,85474,Lambert coordinates,EPSG:31370,Reynoutria,Plantae,genus,
Event,en,https://creativecommons.org/licenses/by/4.0/legalcode,POV,https://doi.org/10.15468/29cggt,POV,"Monitoring of invasive alien species by the Province East Flanders, Belgium",HumanObservation,casual observation,verified by experts,Exo_1505,present,,,2021-06-25,BE,51.20978,3.44519,WGS84,30,211492,85460,Lambert coordinates,EPSG:31370,Reynoutria,Plantae,genus,
Event,en,https://creativecommons.org/licenses/by/4.0/legalcode,POV,https://doi.org/10.15468/29cggt,POV,"Monitoring of invasive alien species by the Province East Flanders, Belgium",HumanObservation,casual observation,verified by experts,Exo_1506,present,,,2021-06-25,BE,50.93244,3.66231,WGS84,30,180473,100339,Lambert coordinates,EPSG:31370,Reynoutria,Plantae,genus,
Event,en,https://creativecommons.org/licenses/by/4.0/legalcode,POV,https://doi.org/10.15468/29cggt,POV,"Monitoring of invasive alien species by the Province East Flanders, Belgium",HumanObservation,casual observation,verified by experts,Exo_1507,present,,,2021-06-25,BE,50.93252,3.66246,WGS84,30,180481,100350,Lambert coordinates,EPSG:31370,Reynoutria,Plantae,genus,
Event,en,https://creativecommons.org/licenses/by/4.0/legalcode,POV,https://doi.org/10.15468/29cggt,POV,"Monitoring of invasive alien species by the Province East Flanders, Belgium",HumanObservation,casual observation,verified by experts,Exo_1508,present,,,2021-06-25,BE,50.93154,3.66651,WGS84,30,180370,100634,Lambert coordinates,EPSG:31370,Reynoutria,Plantae,genus,
Event,en,https://creativecommons.org/licenses/by/4.0/legalcode,POV,https://doi.org/10.15468/29cggt,POV,"Monitoring of invasive alien species by the Province East Flanders, Belgium",HumanObservation,casual observation,verified by experts,Exo_1509,present,,,2021-06-25,BE,50.93167,3.66646,WGS84,30,180385,100630,Lambert coordinates,EPSG:31370,Reynoutria,Plantae,genus,
Event,en,https://creativecommons.org/licenses/by/4.0/legalcode,POV,https://doi.org/10.15468/29cggt,POV,"Monitoring of invasive alien species by the Province East Flanders, Belgium",HumanObservation,casual observation,verified by experts,Exo_1510,present,,,2021-06-25,BE,51.11854,3.45761,WGS84,30,201331,86204,Lambert coordinates,EPSG:31370,Reynoutria,Plantae,genus,
Event,en,https://creativecommons.org/licenses/by/4.0/legalcode,POV,https://doi.org/10.15468/29cggt,POV,"Monitoring of invasive alien species by the Province East Flanders, Belgium",HumanObservation,casual observation,verified by experts,Exo_1511,present,,,2021-06-25,BE,50.76625,3.85077,WGS84,30,161877,113458,Lambert coordinates,EPSG:31370,Reynoutria,Plantae,genus,
Event,en,https://creativecommons.org/licenses/by/4.0/legalcode,POV,https://doi.org/10.15468/29cggt,POV,"Monitoring of invasive alien species by the Province East Flanders, Belgium",HumanObservation,casual observation,verified by experts,Exo_1512,present,,,2021-06-25,BE,50.76606,3.85069,WGS84,30,161855,113452,Lambert coordinates,EPSG:31370,Reynoutria,Plantae,genus,
Event,en,https://creativecommons.org/licenses/by/4.0/legalcode,POV,https://doi.org/10.15468/29cggt,POV,"Monitoring of invasive alien species by the Province East Flanders, Belgium",HumanObservation,casual observation,verified by experts,Exo_1513,present,,,2021-06-25,BE,50.99907,3.80524,WGS84,30,187799,110442,Lambert coordinates,EPSG:31370,Reynoutria,Plantae,genus,
Event,en,https://creativecommons.org/licenses/by/4.0/legalcode,POV,https://doi.org/10.15468/29cggt,POV,"Monitoring of invasive alien species by the Province East Flanders, Belgium",HumanObservation,casual observation,verified by experts,Exo_1514,present,,,2021-06-25,BE,51.03018,3.78171,WGS84,30,191273,108818,Lambert coordinates,EPSG:31370,Reynoutria,Plantae,genus,
Event,en,https://creativecommons.org/licenses/by/4.0/legalcode,POV,https://doi.org/10.15468/29cggt,POV,"Monitoring of invasive alien species by the Province East Flanders, Belgium",HumanObservation,casual observation,verified by experts,Exo_1515,present,,,2021-06-25,BE,51.02999,3.78280,WGS84,30,191250,108894,Lambert coordinates,EPSG:31370,Reynoutria,Plantae,genus,
Event,en,https://creativecommons.org/licenses/by/4.0/legalcode,POV,https://doi.org/10.15468/29cggt,POV,"Monitoring of invasive alien species by the Province East Flanders, Belgium",HumanObservation,casual observation,verified by experts,Exo_1516,present,,,2021-06-25,BE,51.03021,3.78260,WGS84,30,191275,108881,Lambert coordinates,EPSG:31370,Reynoutria,Plantae,genus,
Event,en,https://creativecommons.org/licenses/by/4.0/legalcode,POV,https://doi.org/10.15468/29cggt,POV,"Monitoring of invasive alien species by the Province East Flanders, Belgium",HumanObservation,casual observation,verified by experts,Exo_1517,present,,,2021-06-25,BE,51.02965,3.78260,WGS84,30,191213,108880,Lambert coordinates,EPSG:31370,Reynoutria,Plantae,genus,
Event,en,https://creativecommons.org/licenses/by/4.0/legalcode,POV,https://doi.org/10.15468/29cggt,POV,"Monitoring of invasive alien species by the Province East Flanders, Belgium",HumanObservation,casual observation,verified by experts,Exo_1518,present,,,2021-06-25,BE,51.02827,3.78550,WGS84,30,191058,109082,Lambert coordinates,EPSG:31370,Reynoutria,Plantae,genus,
Event,en,https://creativecommons.org/licenses/by/4.0/legalcode,POV,https://doi.org/10.15468/29cggt,POV,"Monitoring of invasive alien species by the Province East Flanders, Belgium",HumanObservation,casual observation,verified by experts,Exo_1519,present,,,2021-06-25,BE,51.02909,3.78660,WGS84,30,191148,109160,Lambert coordinates,EPSG:31370,Reynoutria,Plantae,genus,
Event,en,https://creativecommons.org/licenses/by/4.0/legalcode,POV,https://doi.org/10.15468/29cggt,POV,"Monitoring of invasive alien species by the Province East Flanders, Belgium",HumanObservation,casual observation,verified by experts,Exo_1521,present,,,2021-06-28,BE,51.12775,4.07914,WGS84,30,202004,129725,Lambert coordinates,EPSG:31370,Heracleum mantegazzianum,Plantae,species,reuzenberenklauw
Event,en,https://creativecommons.org/licenses/by/4.0/legalcode,POV,https://doi.org/10.15468/29cggt,POV,"Monitoring of invasive alien species by the Province East Flanders, Belgium",HumanObservation,casual observation,verified by experts,Exo_1529,present,,,2021-06-29,BE,51.00420,3.50256,WGS84,30,188574,89203,Lambert coordinates,EPSG:31370,Heracleum mantegazzianum,Plantae,species,reuzenberenklauw
Event,en,https://creativecommons.org/licenses/by/4.0/legalcode,POV,https://doi.org/10.15468/29cggt,POV,"Monitoring of invasive alien species by the Province East Flanders, Belgium",HumanObservation,casual observation,verified by experts,Exo_1531,present,,,2021-06-30,BE,51.04592,3.80095,WGS84,30,193013,110181,Lambert coordinates,EPSG:31370,Heracleum mantegazzianum,Plantae,species,reuzenberenklauw
Event,en,https://creativecommons.org/licenses/by/4.0/legalcode,POV,https://doi.org/10.15468/29cggt,POV,"Monitoring of invasive alien species by the Province East Flanders, Belgium",HumanObservation,casual observation,verified by experts,Exo_1532,present,,,2021-06-30,BE,51.04550,3.80216,WGS84,30,192966,110266,Lambert coordinates,EPSG:31370,Heracleum mantegazzianum,Plantae,species,reuzenberenklauw
Event,en,https://creativecommons.org/licenses/by/4.0/legalcode,POV,https://doi.org/10.15468/29cggt,POV,"Monitoring of invasive alien species by the Province East Flanders, Belgium",HumanObservation,casual observation,verified by experts,Exo_1533,present,,,2021-06-30,BE,51.04246,3.80145,WGS84,30,192628,110213,Lambert coordinates,EPSG:31370,Heracleum mantegazzianum,Plantae,species,reuzenberenklauw
Event,en,https://creativecommons.org/licenses/by/4.0/legalcode,POV,https://doi.org/10.15468/29cggt,POV,"Monitoring of invasive alien species by the Province East Flanders, Belgium",HumanObservation,casual observation,verified by experts,Exo_1534,present,,,2021-06-30,BE,51.04447,3.80016,WGS84,30,192852,110124,Lambert coordinates,EPSG:31370,Heracleum mantegazzianum,Plantae,species,reuzenberenklauw
Event,en,https://creativecommons.org/licenses/by/4.0/legalcode,POV,https://doi.org/10.15468/29cggt,POV,"Monitoring of invasive alien species by the Province East Flanders, Belgium",HumanObservation,casual observation,verified by experts,Exo_1535,present,,,2021-06-30,BE,51.04251,3.80195,WGS84,30,192633,110248,Lambert coordinates,EPSG:31370,Heracleum mantegazzianum,Plantae,species,reuzenberenklauw
Event,en,https://creativecommons.org/licenses/by/4.0/legalcode,POV,https://doi.org/10.15468/29cggt,POV,"Monitoring of invasive alien species by the Province East Flanders, Belgium",HumanObservation,casual observation,verified by experts,Exo_1536,present,,,2021-06-30,BE,51.04207,3.80083,WGS84,30,192584,110170,Lambert coordinates,EPSG:31370,Heracleum mantegazzianum,Plantae,species,reuzenberenklauw
Event,en,https://creativecommons.org/licenses/by/4.0/legalcode,POV,https://doi.org/10.15468/29cggt,POV,"Monitoring of invasive alien species by the Province East Flanders, Belgium",HumanObservation,casual observation,verified by experts,Exo_1537,present,,,2021-06-30,BE,51.04263,3.80293,WGS84,30,192646,110317,Lambert coordinates,EPSG:31370,Heracleum mantegazzianum,Plantae,species,reuzenberenklauw
Event,en,https://creativecommons.org/licenses/by/4.0/legalcode,POV,https://doi.org/10.15468/29cggt,POV,"Monitoring of invasive alien species by the Province East Flanders, Belgium",HumanObservation,casual observation,verified by experts,Exo_1538,present,,,2021-06-30,BE,51.04246,3.80172,WGS84,30,192628,110232,Lambert coordinates,EPSG:31370,Heracleum mantegazzianum,Plantae,species,reuzenberenklauw
Event,en,https://creativecommons.org/licenses/by/4.0/legalcode,POV,https://doi.org/10.15468/29cggt,POV,"Monitoring of invasive alien species by the Province East Flanders, Belgium",HumanObservation,casual observation,verified by experts,Exo_1539,present,,,2021-06-30,BE,51.04579,3.80132,WGS84,30,192999,110207,Lambert coordinates,EPSG:31370,Heracleum mantegazzianum,Plantae,species,reuzenberenklauw
Event,en,https://creativecommons.org/licenses/by/4.0/legalcode,POV,https://doi.org/10.15468/29cggt,POV,"Monitoring of invasive alien species by the Province East Flanders, Belgium",HumanObservation,casual observation,verified by experts,Exo_1541,present,,,2021-05-26,BE,50.91070,3.48245,WGS84,30,178190,87667,Lambert coordinates,EPSG:31370,Prunus serotina,Plantae,species,Amerikaanse vogelkers
Event,en,https://creativecommons.org/licenses/by/4.0/legalcode,POV,https://doi.org/10.15468/29cggt,POV,"Monitoring of invasive alien species by the Province East Flanders, Belgium",HumanObservation,casual observation,verified by experts,Exo_1542,present,,,2021-05-27,BE,50.93727,3.52604,WGS84,30,181109,90766,Lambert coordinates,EPSG:31370,Impatiens glandulifera,Plantae,species,reuzenbalsemien
Event,en,https://creativecommons.org/licenses/by/4.0/legalcode,POV,https://doi.org/10.15468/29cggt,POV,"Monitoring of invasive alien species by the Province East Flanders, Belgium",HumanObservation,casual observation,verified by experts,Exo_1550,present,,,2021-07-19,BE,51.01597,3.94637,WGS84,30,189613,120360,Lambert coordinates,EPSG:31370,Azolla filiculoides,Plantae,species,grote kroosvaren
Event,en,https://creativecommons.org/licenses/by/4.0/legalcode,POV,https://doi.org/10.15468/29cggt,POV,"Monitoring of invasive alien species by the Province East Flanders, Belgium",HumanObservation,casual observation,verified by experts,Exo_1551,present,,,2021-07-19,BE,51.01360,3.94513,WGS84,30,189350,120271,Lambert coordinates,EPSG:31370,Azolla filiculoides,Plantae,species,grote kroosvaren
Event,en,https://creativecommons.org/licenses/by/4.0/legalcode,POV,https://doi.org/10.15468/29cggt,POV,"Monitoring of invasive alien species by the Province East Flanders, Belgium",HumanObservation,casual observation,verified by experts,Exo_1552,present,,,2021-07-19,BE,51.01262,3.93944,WGS84,30,189244,119871,Lambert coordinates,EPSG:31370,Azolla filiculoides,Plantae,species,grote kroosvaren
Event,en,https://creativecommons.org/licenses/by/4.0/legalcode,POV,https://doi.org/10.15468/29cggt,POV,"Monitoring of invasive alien species by the Province East Flanders, Belgium",HumanObservation,casual observation,verified by experts,Exo_1580,present,,,2021-06-09,BE,50.87823,3.88217,WGS84,30,174318,115755,Lambert coordinates,EPSG:31370,Reynoutria,Plantae,genus,
Event,en,https://creativecommons.org/licenses/by/4.0/legalcode,POV,https://doi.org/10.15468/29cggt,POV,"Monitoring of invasive alien species by the Province East Flanders, Belgium",HumanObservation,casual observation,verified by experts,Exo_1581,present,,,2021-06-09,BE,50.84807,3.87085,WGS84,30,170968,114936,Lambert coordinates,EPSG:31370,Reynoutria,Plantae,genus,
Event,en,https://creativecommons.org/licenses/by/4.0/legalcode,POV,https://doi.org/10.15468/29cggt,POV,"Monitoring of invasive alien species by the Province East Flanders, Belgium",HumanObservation,casual observation,verified by experts,Exo_1582,present,,,2021-06-09,BE,50.84875,3.90518,WGS84,30,171028,117353,Lambert coordinates,EPSG:31370,Reynoutria,Plantae,genus,
Event,en,https://creativecommons.org/licenses/by/4.0/legalcode,POV,https://doi.org/10.15468/29cggt,POV,"Monitoring of invasive alien species by the Province East Flanders, Belgium",HumanObservation,casual observation,verified by experts,Exo_1583,present,,,2020-09-02,BE,50.92446,3.56721,WGS84,30,179653,93644,Lambert coordinates,EPSG:31370,Rosa rugosa,Plantae,species,rimpelroos
Event,en,https://creativecommons.org/licenses/by/4.0/legalcode,POV,https://doi.org/10.15468/29cggt,POV,"Monitoring of invasive alien species by the Province East Flanders, Belgium",HumanObservation,casual observation,verified by experts,Exo_1584,present,,,2021-06-03,BE,50.91992,3.52620,WGS84,30,179179,90755,Lambert coordinates,EPSG:31370,Reynoutria,Plantae,genus,
Event,en,https://creativecommons.org/licenses/by/4.0/legalcode,POV,https://doi.org/10.15468/29cggt,POV,"Monitoring of invasive alien species by the Province East Flanders, Belgium",HumanObservation,casual observation,verified by experts,Exo_1585,present,,,2021-06-03,BE,50.91990,3.52620,WGS84,30,179177,90756,Lambert coordinates,EPSG:31370,Prunus serotina,Plantae,species,Amerikaanse vogelkers
Event,en,https://creativecommons.org/licenses/by/4.0/legalcode,POV,https://doi.org/10.15468/29cggt,POV,"Monitoring of invasive alien species by the Province East Flanders, Belgium",HumanObservation,casual observation,verified by experts,Exo_1586,present,,,2021-06-03,BE,50.90637,3.50467,WGS84,30,177690,89225,Lambert coordinates,EPSG:31370,Heracleum mantegazzianum,Plantae,species,reuzenberenklauw
Event,en,https://creativecommons.org/licenses/by/4.0/legalcode,POV,https://doi.org/10.15468/29cggt,POV,"Monitoring of invasive alien species by the Province East Flanders, Belgium",HumanObservation,casual observation,verified by experts,Exo_1587,present,,,2021-08-05,BE,50.98871,3.87654,WGS84,30,186611,115440,Lambert coordinates,EPSG:31370,Eriocheir sinensis,Animalia,species,Chinese wolhandkrab
Event,en,https://creativecommons.org/licenses/by/4.0/legalcode,POV,https://doi.org/10.15468/29cggt,POV,"Monitoring of invasive alien species by the Province East Flanders, Belgium",HumanObservation,casual observation,verified by experts,Exo_1588,present,,,2021-08-09,BE,51.20257,3.95938,WGS84,30,210367,121387,Lambert coordinates,EPSG:31370,Phytolacca americana,Plantae,species,westerse karmozijnbes
Event,en,https://creativecommons.org/licenses/by/4.0/legalcode,POV,https://doi.org/10.15468/29cggt,POV,"Monitoring of invasive alien species by the Province East Flanders, Belgium",HumanObservation,casual observation,verified by experts,Exo_1590,present,,,2021-08-11,BE,51.00810,3.80416,WGS84,30,188805,110374,Lambert coordinates,EPSG:31370,Heracleum mantegazzianum,Plantae,species,reuzenberenklauw
Event,en,https://creativecommons.org/licenses/by/4.0/legalcode,POV,https://doi.org/10.15468/29cggt,POV,"Monitoring of invasive alien species by the Province East Flanders, Belgium",HumanObservation,casual observation,verified by experts,Exo_1593,present,,,2021-08-17,BE,50.97483,3.74975,WGS84,30,185133,106525,Lambert coordinates,EPSG:31370,Impatiens glandulifera,Plantae,species,reuzenbalsemien
Event,en,https://creativecommons.org/licenses/by/4.0/legalcode,POV,https://doi.org/10.15468/29cggt,POV,"Monitoring of invasive alien species by the Province East Flanders, Belgium",HumanObservation,casual observation,verified by experts,Exo_1595,present,,,2021-08-19,BE,51.14643,3.88136,WGS84,30,204155,115893,Lambert coordinates,EPSG:31370,Crassula helmsii,Plantae,species,watercrassula
Event,en,https://creativecommons.org/licenses/by/4.0/legalcode,POV,https://doi.org/10.15468/29cggt,POV,"Monitoring of invasive alien species by the Province East Flanders, Belgium",HumanObservation,casual observation,verified by experts,Exo_1596,present,,,2021-08-19,BE,51.14713,3.88092,WGS84,30,204232,115863,Lambert coordinates,EPSG:31370,Crassula helmsii,Plantae,species,watercrassula
Event,en,https://creativecommons.org/licenses/by/4.0/legalcode,POV,https://doi.org/10.15468/29cggt,POV,"Monitoring of invasive alien species by the Province East Flanders, Belgium",HumanObservation,casual observation,verified by experts,Exo_1599,present,,,2021-08-24,BE,51.10065,4.02510,WGS84,30,199005,125928,Lambert coordinates,EPSG:31370,Ludwigia grandiflora,Plantae,species,waterteunisbloem
Event,en,https://creativecommons.org/licenses/by/4.0/legalcode,POV,https://doi.org/10.15468/29cggt,POV,"Monitoring of invasive alien species by the Province East Flanders, Belgium",HumanObservation,casual observation,verified by experts,Exo_1600,present,,,2021-08-24,BE,51.10046,4.02514,WGS84,30,198984,125931,Lambert coordinates,EPSG:31370,Ludwigia grandiflora,Plantae,species,waterteunisbloem
Event,en,https://creativecommons.org/licenses/by/4.0/legalcode,POV,https://doi.org/10.15468/29cggt,POV,"Monitoring of invasive alien species by the Province East Flanders, Belgium",HumanObservation,casual observation,verified by experts,Exo_1601,present,,,2021-08-24,BE,51.09982,4.02448,WGS84,30,198913,125884,Lambert coordinates,EPSG:31370,Ludwigia grandiflora,Plantae,species,waterteunisbloem
Event,en,https://creativecommons.org/licenses/by/4.0/legalcode,POV,https://doi.org/10.15468/29cggt,POV,"Monitoring of invasive alien species by the Province East Flanders, Belgium",HumanObservation,casual observation,verified by experts,Exo_1602,present,,,2021-08-24,BE,51.10056,4.02358,WGS84,30,198996,125822,Lambert coordinates,EPSG:31370,Ludwigia grandiflora,Plantae,species,waterteunisbloem
Event,en,https://creativecommons.org/licenses/by/4.0/legalcode,POV,https://doi.org/10.15468/29cggt,POV,"Monitoring of invasive alien species by the Province East Flanders, Belgium",HumanObservation,casual observation,verified by experts,Exo_1603,present,,,2021-08-24,BE,51.10008,4.02623,WGS84,30,198942,126007,Lambert coordinates,EPSG:31370,Ludwigia grandiflora,Plantae,species,waterteunisbloem
Event,en,https://creativecommons.org/licenses/by/4.0/legalcode,POV,https://doi.org/10.15468/29cggt,POV,"Monitoring of invasive alien species by the Province East Flanders, Belgium",HumanObservation,casual observation,verified by experts,Exo_1604,present,,,2021-08-24,BE,51.10007,4.02411,WGS84,30,198941,125859,Lambert coordinates,EPSG:31370,Ludwigia grandiflora,Plantae,species,waterteunisbloem
Event,en,https://creativecommons.org/licenses/by/4.0/legalcode,POV,https://doi.org/10.15468/29cggt,POV,"Monitoring of invasive alien species by the Province East Flanders, Belgium",HumanObservation,casual observation,verified by experts,Exo_1605,present,,,2021-08-24,BE,51.10043,4.02241,WGS84,30,198982,125739,Lambert coordinates,EPSG:31370,Ludwigia grandiflora,Plantae,species,waterteunisbloem
Event,en,https://creativecommons.org/licenses/by/4.0/legalcode,POV,https://doi.org/10.15468/29cggt,POV,"Monitoring of invasive alien species by the Province East Flanders, Belgium",HumanObservation,casual observation,verified by experts,Exo_1608,present,,,2021-08-25,BE,51.13688,3.40486,WGS84,30,203417,82537,Lambert coordinates,EPSG:31370,Heracleum mantegazzianum,Plantae,species,reuzenberenklauw
Event,en,https://creativecommons.org/licenses/by/4.0/legalcode,POV,https://doi.org/10.15468/29cggt,POV,"Monitoring of invasive alien species by the Province East Flanders, Belgium",HumanObservation,casual observation,verified by experts,Exo_1609,present,,,2021-08-25,BE,51.13703,3.40491,WGS84,30,203434,82541,Lambert coordinates,EPSG:31370,Heracleum mantegazzianum,Plantae,species,reuzenberenklauw
Event,en,https://creativecommons.org/licenses/by/4.0/legalcode,POV,https://doi.org/10.15468/29cggt,POV,"Monitoring of invasive alien species by the Province East Flanders, Belgium",HumanObservation,casual observation,verified by experts,Exo_1610,present,,,2021-08-25,BE,51.13692,3.40501,WGS84,30,203421,82547,Lambert coordinates,EPSG:31370,Heracleum mantegazzianum,Plantae,species,reuzenberenklauw
Event,en,https://creativecommons.org/licenses/by/4.0/legalcode,POV,https://doi.org/10.15468/29cggt,POV,"Monitoring of invasive alien species by the Province East Flanders, Belgium",HumanObservation,casual observation,verified by experts,Exo_1611,present,,,2021-08-25,BE,51.13695,3.40483,WGS84,30,203425,82535,Lambert coordinates,EPSG:31370,Heracleum mantegazzianum,Plantae,species,reuzenberenklauw
Event,en,https://creativecommons.org/licenses/by/4.0/legalcode,POV,https://doi.org/10.15468/29cggt,POV,"Monitoring of invasive alien species by the Province East Flanders, Belgium",HumanObservation,casual observation,verified by experts,Exo_1618,present,,,2021-09-01,BE,51.27442,4.19615,WGS84,30,218296,137954,Lambert coordinates,EPSG:31370,Ludwigia peploides subsp. montevidensis,Plantae,subspecies,postelein-waterlepeltje
Event,en,https://creativecommons.org/licenses/by/4.0/legalcode,POV,https://doi.org/10.15468/29cggt,POV,"Monitoring of invasive alien species by the Province East Flanders, Belgium",HumanObservation,casual observation,verified by experts,Exo_1625,present,,,2021-10-11,BE,51.16859,3.87591,WGS84,30,206622,115528,Lambert coordinates,EPSG:31370,Ludwigia grandiflora,Plantae,species,waterteunisbloem
Event,en,https://creativecommons.org/licenses/by/4.0/legalcode,POV,https://doi.org/10.15468/29cggt,POV,"Monitoring of invasive alien species by the Province East Flanders, Belgium",HumanObservation,casual observation,verified by experts,Exo_1626,present,,,2021-10-11,BE,51.14758,3.88148,WGS84,30,204282,115903,Lambert coordinates,EPSG:31370,Crassula helmsii,Plantae,species,watercrassula
Event,en,https://creativecommons.org/licenses/by/4.0/legalcode,POV,https://doi.org/10.15468/29cggt,POV,"Monitoring of invasive alien species by the Province East Flanders, Belgium",HumanObservation,casual observation,verified by experts,Exo_1627,present,,,2021-10-11,BE,51.14616,3.88088,WGS84,30,204125,115859,Lambert coordinates,EPSG:31370,Crassula helmsii,Plantae,species,watercrassula
Event,en,https://creativecommons.org/licenses/by/4.0/legalcode,POV,https://doi.org/10.15468/29cggt,POV,"Monitoring of invasive alien species by the Province East Flanders, Belgium",HumanObservation,casual observation,verified by experts,Exo_1628,present,,,2021-10-11,BE,51.14671,3.88259,WGS84,30,204185,115980,Lambert coordinates,EPSG:31370,Crassula helmsii,Plantae,species,watercrassula
Event,en,https://creativecommons.org/licenses/by/4.0/legalcode,POV,https://doi.org/10.15468/29cggt,POV,"Monitoring of invasive alien species by the Province East Flanders, Belgium",HumanObservation,casual observation,verified by experts,Exo_1629,present,,,2021-10-11,BE,51.14731,3.88251,WGS84,30,204252,115974,Lambert coordinates,EPSG:31370,Crassula helmsii,Plantae,species,watercrassula
Event,en,https://creativecommons.org/licenses/by/4.0/legalcode,POV,https://doi.org/10.15468/29cggt,POV,"Monitoring of invasive alien species by the Province East Flanders, Belgium",HumanObservation,casual observation,verified by experts,Exo_1630,present,,,2021-05-28,BE,50.91024,3.47954,WGS84,30,178141,87462,Lambert coordinates,EPSG:31370,Reynoutria,Plantae,genus,
Event,en,https://creativecommons.org/licenses/by/4.0/legalcode,POV,https://doi.org/10.15468/29cggt,POV,"Monitoring of invasive alien species by the Province East Flanders, Belgium",HumanObservation,casual observation,verified by experts,Exo_1631,present,,,2021-10-14,BE,51.10207,4.16365,WGS84,30,199128,135633,Lambert coordinates,EPSG:31370,Ludwigia grandiflora,Plantae,species,waterteunisbloem
Event,en,https://creativecommons.org/licenses/by/4.0/legalcode,POV,https://doi.org/10.15468/29cggt,POV,"Monitoring of invasive alien species by the Province East Flanders, Belgium",HumanObservation,casual observation,verified by experts,Exo_1632,present,,,2021-05-28,BE,50.90996,3.53899,WGS84,30,178062,91643,Lambert coordinates,EPSG:31370,Reynoutria,Plantae,genus,
Event,en,https://creativecommons.org/licenses/by/4.0/legalcode,POV,https://doi.org/10.15468/29cggt,POV,"Monitoring of invasive alien species by the Province East Flanders, Belgium",HumanObservation,casual observation,verified by experts,Exo_1633,present,,,2021-10-20,BE,51.04407,3.68445,WGS84,30,192876,102009,Lambert coordinates,EPSG:31370,Elodea nuttallii,Plantae,species,smalle waterpest
Event,en,https://creativecommons.org/licenses/by/4.0/legalcode,POV,https://doi.org/10.15468/29cggt,POV,"Monitoring of invasive alien species by the Province East Flanders, Belgium",HumanObservation,casual observation,verified by experts,Exo_1634,present,,,2021-10-20,BE,51.04381,3.68525,WGS84,30,192847,102066,Lambert coordinates,EPSG:31370,Lagarosiphon major,Plantae,species,ruwe waterpest
Event,en,https://creativecommons.org/licenses/by/4.0/legalcode,POV,https://doi.org/10.15468/29cggt,POV,"Monitoring of invasive alien species by the Province East Flanders, Belgium",HumanObservation,casual observation,verified by experts,Exo_1635,present,,,2021-10-25,BE,51.16852,3.87586,WGS84,30,206614,115525,Lambert coordinates,EPSG:31370,Ludwigia grandiflora,Plantae,species,waterteunisbloem
Event,en,https://creativecommons.org/licenses/by/4.0/legalcode,POV,https://doi.org/10.15468/29cggt,POV,"Monitoring of invasive alien species by the Province East Flanders, Belgium",HumanObservation,casual observation,verified by experts,Exo_1640,present,,,2021-11-29,BE,51.04198,3.80075,WGS84,30,192574,110164,Lambert coordinates,EPSG:31370,Gunnera tinctoria,Plantae,species,gewone gunnera
Event,en,https://creativecommons.org/licenses/by/4.0/legalcode,POV,https://doi.org/10.15468/29cggt,POV,"Monitoring of invasive alien species by the Province East Flanders, Belgium",HumanObservation,casual observation,verified by experts,Exo_1641,present,,,2021-12-15,BE,51.01612,3.79186,WGS84,30,189703,109518,Lambert coordinates,EPSG:31370,Heracleum mantegazzianum,Plantae,species,reuzenberenklauw
Event,en,https://creativecommons.org/licenses/by/4.0/legalcode,POV,https://doi.org/10.15468/29cggt,POV,"Monitoring of invasive alien species by the Province East Flanders, Belgium",HumanObservation,casual observation,verified by experts,Exo_1642,present,,,2021-12-15,BE,51.01604,3.79192,WGS84,30,189694,109522,Lambert coordinates,EPSG:31370,Heracleum mantegazzianum,Plantae,species,reuzenberenklauw
Event,en,https://creativecommons.org/licenses/by/4.0/legalcode,POV,https://doi.org/10.15468/29cggt,POV,"Monitoring of invasive alien species by the Province East Flanders, Belgium",HumanObservation,casual observation,verified by experts,Exo_1643,present,,,2021-12-15,BE,51.01574,3.79205,WGS84,30,189660,109531,Lambert coordinates,EPSG:31370,Heracleum mantegazzianum,Plantae,species,reuzenberenklauw
Event,en,https://creativecommons.org/licenses/by/4.0/legalcode,POV,https://doi.org/10.15468/29cggt,POV,"Monitoring of invasive alien species by the Province East Flanders, Belgium",HumanObservation,casual observation,verified by experts,Exo_1646,present,,,2021-12-22,BE,51.20060,4.39625,WGS84,30,210070,151921,Lambert coordinates,EPSG:31370,Microstegium vimineum,Plantae,species,Japans steltgras
Event,en,https://creativecommons.org/licenses/by/4.0/legalcode,POV,https://doi.org/10.15468/29cggt,POV,"Monitoring of invasive alien species by the Province East Flanders, Belgium",HumanObservation,casual observation,verified by experts,Exo_1648,present,,,2022-02-18,BE,50.98643,3.91502,WGS84,30,186341,118140,Lambert coordinates,EPSG:31370,Reynoutria,Plantae,genus,
Event,en,https://creativecommons.org/licenses/by/4.0/legalcode,POV,https://doi.org/10.15468/29cggt,POV,"Monitoring of invasive alien species by the Province East Flanders, Belgium",HumanObservation,casual observation,verified by experts,Exo_1655,present,,,2022-02-23,BE,51.05902,3.66854,WGS84,30,194550,100910,Lambert coordinates,EPSG:31370,Ludwigia peploides subsp. montevidensis,Plantae,subspecies,postelein-waterlepeltje
Event,en,https://creativecommons.org/licenses/by/4.0/legalcode,POV,https://doi.org/10.15468/29cggt,POV,"Monitoring of invasive alien species by the Province East Flanders, Belgium",HumanObservation,casual observation,verified by experts,Exo_1656,present,,,2022-02-23,BE,51.27066,4.19609,WGS84,30,217878,137949,Lambert coordinates,EPSG:31370,Ludwigia peploides subsp. montevidensis,Plantae,subspecies,postelein-waterlepeltje
Event,en,https://creativecommons.org/licenses/by/4.0/legalcode,POV,https://doi.org/10.15468/29cggt,POV,"Monitoring of invasive alien species by the Province East Flanders, Belgium",HumanObservation,casual observation,verified by experts,Exo_1657,present,,,2022-02-25,BE,50.85019,3.84202,WGS84,30,171218,112907,Lambert coordinates,EPSG:31370,Heracleum mantegazzianum,Plantae,species,reuzenberenklauw
Event,en,https://creativecommons.org/licenses/by/4.0/legalcode,POV,https://doi.org/10.15468/29cggt,POV,"Monitoring of invasive alien species by the Province East Flanders, Belgium",HumanObservation,casual observation,verified by experts,Exo_1667,present,,,2022-03-25,BE,51.16434,3.42746,WGS84,30,206452,84158,Lambert coordinates,EPSG:31370,Heracleum mantegazzianum,Plantae,species,reuzenberenklauw
Event,en,https://creativecommons.org/licenses/by/4.0/legalcode,POV,https://doi.org/10.15468/29cggt,POV,"Monitoring of invasive alien species by the Province East Flanders, Belgium",HumanObservation,casual observation,verified by experts,Exo_1671,present,,,2022-03-31,BE,50.95514,3.55973,WGS84,30,183072,93156,Lambert coordinates,EPSG:31370,Crassula helmsii,Plantae,species,watercrassula
Event,en,https://creativecommons.org/licenses/by/4.0/legalcode,POV,https://doi.org/10.15468/29cggt,POV,"Monitoring of invasive alien species by the Province East Flanders, Belgium",HumanObservation,casual observation,verified by experts,Exo_1674,present,,,2022-04-07,BE,51.07066,3.77527,WGS84,30,195779,108402,Lambert coordinates,EPSG:31370,Heracleum mantegazzianum,Plantae,species,reuzenberenklauw
Event,en,https://creativecommons.org/licenses/by/4.0/legalcode,POV,https://doi.org/10.15468/29cggt,POV,"Monitoring of invasive alien species by the Province East Flanders, Belgium",HumanObservation,casual observation,verified by experts,Exo_1675,present,,,2022-04-08,BE,51.21992,3.37984,WGS84,30,212679,80909,Lambert coordinates,EPSG:31370,Myriophyllum aquaticum,Plantae,species,parelvederkruid
Event,en,https://creativecommons.org/licenses/by/4.0/legalcode,POV,https://doi.org/10.15468/29cggt,POV,"Monitoring of invasive alien species by the Province East Flanders, Belgium",HumanObservation,casual observation,verified by experts,Exo_1679,present,10,coverage in m²,2022-04-13,BE,50.92827,4.02285,WGS84,30,179829,125681,Lambert coordinates,EPSG:31370,Fargesia,Plantae,genus,bamboe
Event,en,https://creativecommons.org/licenses/by/4.0/legalcode,POV,https://doi.org/10.15468/29cggt,POV,"Monitoring of invasive alien species by the Province East Flanders, Belgium",HumanObservation,casual observation,verified by experts,Exo_1692,present,,,2022-04-28,BE,51.16457,3.42562,WGS84,30,206480,84030,Lambert coordinates,EPSG:31370,Heracleum mantegazzianum,Plantae,species,reuzenberenklauw
Event,en,https://creativecommons.org/licenses/by/4.0/legalcode,POV,https://doi.org/10.15468/29cggt,POV,"Monitoring of invasive alien species by the Province East Flanders, Belgium",HumanObservation,casual observation,verified by experts,Exo_1693,present,,,2022-04-28,BE,51.16482,3.42613,WGS84,30,206506,84065,Lambert coordinates,EPSG:31370,Heracleum mantegazzianum,Plantae,species,reuzenberenklauw
Event,en,https://creativecommons.org/licenses/by/4.0/legalcode,POV,https://doi.org/10.15468/29cggt,POV,"Monitoring of invasive alien species by the Province East Flanders, Belgium",HumanObservation,casual observation,verified by experts,Exo_1694,present,,,2022-04-28,BE,51.16436,3.42730,WGS84,30,206454,84147,Lambert coordinates,EPSG:31370,Heracleum mantegazzianum,Plantae,species,reuzenberenklauw
Event,en,https://creativecommons.org/licenses/by/4.0/legalcode,POV,https://doi.org/10.15468/29cggt,POV,"Monitoring of invasive alien species by the Province East Flanders, Belgium",HumanObservation,casual observation,verified by experts,Exo_1695,present,,,2022-04-28,BE,51.16487,3.42617,WGS84,30,206513,84068,Lambert coordinates,EPSG:31370,Heracleum mantegazzianum,Plantae,species,reuzenberenklauw
Event,en,https://creativecommons.org/licenses/by/4.0/legalcode,POV,https://doi.org/10.15468/29cggt,POV,"Monitoring of invasive alien species by the Province East Flanders, Belgium",HumanObservation,casual observation,verified by experts,Exo_1696,present,,,2022-04-28,BE,51.16440,3.42564,WGS84,30,206460,84030,Lambert coordinates,EPSG:31370,Heracleum mantegazzianum,Plantae,species,reuzenberenklauw
Event,en,https://creativecommons.org/licenses/by/4.0/legalcode,POV,https://doi.org/10.15468/29cggt,POV,"Monitoring of invasive alien species by the Province East Flanders, Belgium",HumanObservation,casual observation,verified by experts,Exo_1697,present,,,2022-04-28,BE,51.16462,3.42597,WGS84,30,206485,84054,Lambert coordinates,EPSG:31370,Heracleum mantegazzianum,Plantae,species,reuzenberenklauw
Event,en,https://creativecommons.org/licenses/by/4.0/legalcode,POV,https://doi.org/10.15468/29cggt,POV,"Monitoring of invasive alien species by the Province East Flanders, Belgium",HumanObservation,casual observation,verified by experts,Exo_1698,present,,,2022-04-28,BE,51.16471,3.42592,WGS84,30,206495,84050,Lambert coordinates,EPSG:31370,Heracleum mantegazzianum,Plantae,species,reuzenberenklauw
Event,en,https://creativecommons.org/licenses/by/4.0/legalcode,POV,https://doi.org/10.15468/29cggt,POV,"Monitoring of invasive alien species by the Province East Flanders, Belgium",HumanObservation,casual observation,verified by experts,Exo_1699,present,30,coverage in m²,2022-04-29,BE,51.00217,3.48544,WGS84,30,188362,87999,Lambert coordinates,EPSG:31370,Heracleum mantegazzianum,Plantae,species,reuzenberenklauw
Event,en,https://creativecommons.org/licenses/by/4.0/legalcode,POV,https://doi.org/10.15468/29cggt,POV,"Monitoring of invasive alien species by the Province East Flanders, Belgium",HumanObservation,casual observation,verified by experts,Exo_1700,present,,,2022-04-29,BE,50.94085,4.10658,WGS84,30,181204,131573,Lambert coordinates,EPSG:31370,Heracleum mantegazzianum,Plantae,species,reuzenberenklauw
Event,en,https://creativecommons.org/licenses/by/4.0/legalcode,POV,https://doi.org/10.15468/29cggt,POV,"Monitoring of invasive alien species by the Province East Flanders, Belgium",HumanObservation,casual observation,verified by experts,Exo_1709,present,,,2022-05-06,BE,50.92421,3.66032,WGS84,30,179559,100190,Lambert coordinates,EPSG:31370,Heracleum mantegazzianum,Plantae,species,reuzenberenklauw
Event,en,https://creativecommons.org/licenses/by/4.0/legalcode,POV,https://doi.org/10.15468/29cggt,POV,"Monitoring of invasive alien species by the Province East Flanders, Belgium",HumanObservation,casual observation,verified by experts,Exo_1724,present,,,2022-05-19,BE,51.09345,3.36304,WGS84,30,198625,79545,Lambert coordinates,EPSG:31370,Heracleum mantegazzianum,Plantae,species,reuzenberenklauw
Event,en,https://creativecommons.org/licenses/by/4.0/legalcode,POV,https://doi.org/10.15468/29cggt,POV,"Monitoring of invasive alien species by the Province East Flanders, Belgium",HumanObservation,casual observation,verified by experts,Exo_1727,present,,,2022-05-20,BE,51.03832,3.69452,WGS84,30,192230,102710,Lambert coordinates,EPSG:31370,Heracleum mantegazzianum,Plantae,species,reuzenberenklauw
Event,en,https://creativecommons.org/licenses/by/4.0/legalcode,POV,https://doi.org/10.15468/29cggt,POV,"Monitoring of invasive alien species by the Province East Flanders, Belgium",HumanObservation,casual observation,verified by experts,Exo_1737,present,,,2022-06-02,BE,51.14964,3.44990,WGS84,30,204797,85707,Lambert coordinates,EPSG:31370,Heracleum mantegazzianum,Plantae,species,reuzenberenklauw
Event,en,https://creativecommons.org/licenses/by/4.0/legalcode,POV,https://doi.org/10.15468/29cggt,POV,"Monitoring of invasive alien species by the Province East Flanders, Belgium",HumanObservation,casual observation,verified by experts,Exo_1750,present,,,2022-06-09,BE,50.97512,3.79183,WGS84,30,185142,109481,Lambert coordinates,EPSG:31370,Heracleum mantegazzianum,Plantae,species,reuzenberenklauw
Event,en,https://creativecommons.org/licenses/by/4.0/legalcode,POV,https://doi.org/10.15468/29cggt,POV,"Monitoring of invasive alien species by the Province East Flanders, Belgium",HumanObservation,casual observation,verified by experts,Exo_1751,present,,,2022-06-09,BE,50.97518,3.79186,WGS84,30,185148,109483,Lambert coordinates,EPSG:31370,Heracleum mantegazzianum,Plantae,species,reuzenberenklauw
Event,en,https://creativecommons.org/licenses/by/4.0/legalcode,POV,https://doi.org/10.15468/29cggt,POV,"Monitoring of invasive alien species by the Province East Flanders, Belgium",HumanObservation,casual observation,verified by experts,Exo_1752,present,,,2022-06-09,BE,50.97512,3.79189,WGS84,30,185142,109485,Lambert coordinates,EPSG:31370,Heracleum mantegazzianum,Plantae,species,reuzenberenklauw
Event,en,https://creativecommons.org/licenses/by/4.0/legalcode,POV,https://doi.org/10.15468/29cggt,POV,"Monitoring of invasive alien species by the Province East Flanders, Belgium",HumanObservation,casual observation,verified by experts,Exo_1753,present,,,2022-06-09,BE,50.97485,3.79138,WGS84,30,185112,109448,Lambert coordinates,EPSG:31370,Heracleum mantegazzianum,Plantae,species,reuzenberenklauw
Event,en,https://creativecommons.org/licenses/by/4.0/legalcode,POV,https://doi.org/10.15468/29cggt,POV,"Monitoring of invasive alien species by the Province East Flanders, Belgium",HumanObservation,casual observation,verified by experts,Exo_1754,present,,,2022-06-09,BE,50.97518,3.79191,WGS84,30,185148,109486,Lambert coordinates,EPSG:31370,Heracleum mantegazzianum,Plantae,species,reuzenberenklauw
Event,en,https://creativecommons.org/licenses/by/4.0/legalcode,POV,https://doi.org/10.15468/29cggt,POV,"Monitoring of invasive alien species by the Province East Flanders, Belgium",HumanObservation,casual observation,verified by experts,Exo_1755,present,,,2022-06-09,BE,50.97507,3.79182,WGS84,30,185136,109480,Lambert coordinates,EPSG:31370,Heracleum mantegazzianum,Plantae,species,reuzenberenklauw
Event,en,https://creativecommons.org/licenses/by/4.0/legalcode,POV,https://doi.org/10.15468/29cggt,POV,"Monitoring of invasive alien species by the Province East Flanders, Belgium",HumanObservation,casual observation,verified by experts,Exo_1764,present,,,2022-06-14,BE,51.15383,3.82942,WGS84,30,205003,112265,Lambert coordinates,EPSG:31370,Heracleum mantegazzianum,Plantae,species,reuzenberenklauw
Event,en,https://creativecommons.org/licenses/by/4.0/legalcode,POV,https://doi.org/10.15468/29cggt,POV,"Monitoring of invasive alien species by the Province East Flanders, Belgium",HumanObservation,casual observation,verified by experts,Exo_1765,present,,,2022-06-14,BE,51.00428,3.50207,WGS84,30,188583,89169,Lambert coordinates,EPSG:31370,Heracleum mantegazzianum,Plantae,species,reuzenberenklauw
Event,en,https://creativecommons.org/licenses/by/4.0/legalcode,POV,https://doi.org/10.15468/29cggt,POV,"Monitoring of invasive alien species by the Province East Flanders, Belgium",HumanObservation,casual observation,verified by experts,Exo_1766,present,,,2022-06-14,BE,51.00426,3.50207,WGS84,30,188581,89169,Lambert coordinates,EPSG:31370,Heracleum mantegazzianum,Plantae,species,reuzenberenklauw
Event,en,https://creativecommons.org/licenses/by/4.0/legalcode,POV,https://doi.org/10.15468/29cggt,POV,"Monitoring of invasive alien species by the Province East Flanders, Belgium",HumanObservation,casual observation,verified by experts,Exo_1767,present,,,2022-06-14,BE,51.00431,3.50213,WGS84,30,188586,89173,Lambert coordinates,EPSG:31370,Heracleum mantegazzianum,Plantae,species,reuzenberenklauw
Event,en,https://creativecommons.org/licenses/by/4.0/legalcode,POV,https://doi.org/10.15468/29cggt,POV,"Monitoring of invasive alien species by the Province East Flanders, Belgium",HumanObservation,casual observation,verified by experts,Exo_1768,present,,,2022-06-14,BE,51.00420,3.50204,WGS84,30,188575,89166,Lambert coordinates,EPSG:31370,Heracleum mantegazzianum,Plantae,species,reuzenberenklauw
Event,en,https://creativecommons.org/licenses/by/4.0/legalcode,POV,https://doi.org/10.15468/29cggt,POV,"Monitoring of invasive alien species by the Province East Flanders, Belgium",HumanObservation,casual observation,verified by experts,Exo_1769,present,,,2022-06-14,BE,51.00426,3.50216,WGS84,30,188581,89175,Lambert coordinates,EPSG:31370,Heracleum mantegazzianum,Plantae,species,reuzenberenklauw
Event,en,https://creativecommons.org/licenses/by/4.0/legalcode,POV,https://doi.org/10.15468/29cggt,POV,"Monitoring of invasive alien species by the Province East Flanders, Belgium",HumanObservation,casual observation,verified by experts,Exo_1770,present,,,2022-06-14,BE,51.00432,3.50209,WGS84,30,188588,89170,Lambert coordinates,EPSG:31370,Heracleum mantegazzianum,Plantae,species,reuzenberenklauw
Event,en,https://creativecommons.org/licenses/by/4.0/legalcode,POV,https://doi.org/10.15468/29cggt,POV,"Monitoring of invasive alien species by the Province East Flanders, Belgium",HumanObservation,casual observation,verified by experts,Exo_1771,present,,,2022-06-15,BE,50.98066,3.79198,WGS84,30,185758,109496,Lambert coordinates,EPSG:31370,Gunnera tinctoria,Plantae,species,gewone gunnera
Event,en,https://creativecommons.org/licenses/by/4.0/legalcode,POV,https://doi.org/10.15468/29cggt,POV,"Monitoring of invasive alien species by the Province East Flanders, Belgium",HumanObservation,casual observation,verified by experts,Exo_1784,present,,,2022-07-04,BE,51.07485,3.71808,WGS84,30,196279,104398,Lambert coordinates,EPSG:31370,Heracleum mantegazzianum,Plantae,species,reuzenberenklauw
Event,en,https://creativecommons.org/licenses/by/4.0/legalcode,POV,https://doi.org/10.15468/29cggt,POV,"Monitoring of invasive alien species by the Province East Flanders, Belgium",HumanObservation,casual observation,verified by experts,Exo_1805,present,,,2022-07-04,BE,50.90572,4.06732,WGS84,30,177307,128797,Lambert coordinates,EPSG:31370,Heracleum mantegazzianum,Plantae,species,reuzenberenklauw
Event,en,https://creativecommons.org/licenses/by/4.0/legalcode,POV,https://doi.org/10.15468/29cggt,POV,"Monitoring of invasive alien species by the Province East Flanders, Belgium",HumanObservation,casual observation,verified by experts,Exo_1807,present,,,2022-06-05,BE,50.97250,3.92632,WGS84,30,184786,118925,Lambert coordinates,EPSG:31370,Fargesia,Plantae,genus,bamboe
Event,en,https://creativecommons.org/licenses/by/4.0/legalcode,POV,https://doi.org/10.15468/29cggt,POV,"Monitoring of invasive alien species by the Province East Flanders, Belgium",HumanObservation,casual observation,verified by experts,Exo_1808,present,,,2022-04-05,BE,50.95579,3.95257,WGS84,30,182917,120758,Lambert coordinates,EPSG:31370,Impatiens glandulifera,Plantae,species,reuzenbalsemien
Event,en,https://creativecommons.org/licenses/by/4.0/legalcode,POV,https://doi.org/10.15468/29cggt,POV,"Monitoring of invasive alien species by the Province East Flanders, Belgium",HumanObservation,casual observation,verified by experts,Exo_1809,present,,,2022-04-05,BE,50.95963,3.95440,WGS84,30,183343,120889,Lambert coordinates,EPSG:31370,Reynoutria,Plantae,genus,
Event,en,https://creativecommons.org/licenses/by/4.0/legalcode,POV,https://doi.org/10.15468/29cggt,POV,"Monitoring of invasive alien species by the Province East Flanders, Belgium",HumanObservation,casual observation,verified by experts,Exo_1810,present,,,2022-05-05,BE,50.95995,3.95595,WGS84,30,183378,120998,Lambert coordinates,EPSG:31370,Reynoutria,Plantae,genus,
Event,en,https://creativecommons.org/licenses/by/4.0/legalcode,POV,https://doi.org/10.15468/29cggt,POV,"Monitoring of invasive alien species by the Province East Flanders, Belgium",HumanObservation,casual observation,verified by experts,Exo_1811,present,,,2022-04-05,BE,50.96320,3.95958,WGS84,30,183738,121255,Lambert coordinates,EPSG:31370,Reynoutria,Plantae,genus,
Event,en,https://creativecommons.org/licenses/by/4.0/legalcode,POV,https://doi.org/10.15468/29cggt,POV,"Monitoring of invasive alien species by the Province East Flanders, Belgium",HumanObservation,casual observation,verified by experts,Exo_1812,present,,,2022-04-05,BE,50.96806,3.95813,WGS84,30,184280,121156,Lambert coordinates,EPSG:31370,Reynoutria,Plantae,genus,
Event,en,https://creativecommons.org/licenses/by/4.0/legalcode,POV,https://doi.org/10.15468/29cggt,POV,"Monitoring of invasive alien species by the Province East Flanders, Belgium",HumanObservation,casual observation,verified by experts,Exo_1813,present,,,2022-04-05,BE,50.96809,3.95867,WGS84,30,184283,121194,Lambert coordinates,EPSG:31370,Reynoutria,Plantae,genus,
Event,en,https://creativecommons.org/licenses/by/4.0/legalcode,POV,https://doi.org/10.15468/29cggt,POV,"Monitoring of invasive alien species by the Province East Flanders, Belgium",HumanObservation,casual observation,verified by experts,Exo_1814,present,,,2022-04-05,BE,50.96840,3.95925,WGS84,30,184317,121235,Lambert coordinates,EPSG:31370,Reynoutria,Plantae,genus,
Event,en,https://creativecommons.org/licenses/by/4.0/legalcode,POV,https://doi.org/10.15468/29cggt,POV,"Monitoring of invasive alien species by the Province East Flanders, Belgium",HumanObservation,casual observation,verified by experts,Exo_1815,present,,,2022-04-05,BE,50.96865,3.95959,WGS84,30,184344,121259,Lambert coordinates,EPSG:31370,Reynoutria,Plantae,genus,
Event,en,https://creativecommons.org/licenses/by/4.0/legalcode,POV,https://doi.org/10.15468/29cggt,POV,"Monitoring of invasive alien species by the Province East Flanders, Belgium",HumanObservation,casual observation,verified by experts,Exo_1816,present,,,2022-04-05,BE,50.96869,3.95979,WGS84,30,184349,121273,Lambert coordinates,EPSG:31370,Reynoutria,Plantae,genus,
Event,en,https://creativecommons.org/licenses/by/4.0/legalcode,POV,https://doi.org/10.15468/29cggt,POV,"Monitoring of invasive alien species by the Province East Flanders, Belgium",HumanObservation,casual observation,verified by experts,Exo_1817,present,,,2022-04-05,BE,50.98119,3.97349,WGS84,30,185734,122243,Lambert coordinates,EPSG:31370,Reynoutria,Plantae,genus,
Event,en,https://creativecommons.org/licenses/by/4.0/legalcode,POV,https://doi.org/10.15468/29cggt,POV,"Monitoring of invasive alien species by the Province East Flanders, Belgium",HumanObservation,casual observation,verified by experts,Exo_1818,present,,,2022-04-05,BE,50.98037,3.97439,WGS84,30,185643,122306,Lambert coordinates,EPSG:31370,Reynoutria,Plantae,genus,
Event,en,https://creativecommons.org/licenses/by/4.0/legalcode,POV,https://doi.org/10.15468/29cggt,POV,"Monitoring of invasive alien species by the Province East Flanders, Belgium",HumanObservation,casual observation,verified by experts,Exo_1819,present,,,2022-04-25,BE,50.97805,3.97148,WGS84,30,185386,122100,Lambert coordinates,EPSG:31370,Reynoutria,Plantae,genus,
Event,en,https://creativecommons.org/licenses/by/4.0/legalcode,POV,https://doi.org/10.15468/29cggt,POV,"Monitoring of invasive alien species by the Province East Flanders, Belgium",HumanObservation,casual observation,verified by experts,Exo_1820,present,,,2022-04-05,BE,50.97766,3.97123,WGS84,30,185342,122082,Lambert coordinates,EPSG:31370,Reynoutria,Plantae,genus,
Event,en,https://creativecommons.org/licenses/by/4.0/legalcode,POV,https://doi.org/10.15468/29cggt,POV,"Monitoring of invasive alien species by the Province East Flanders, Belgium",HumanObservation,casual observation,verified by experts,Exo_1821,present,,,2022-04-05,BE,50.97440,3.97957,WGS84,30,184977,122666,Lambert coordinates,EPSG:31370,Reynoutria,Plantae,genus,
Event,en,https://creativecommons.org/licenses/by/4.0/legalcode,POV,https://doi.org/10.15468/29cggt,POV,"Monitoring of invasive alien species by the Province East Flanders, Belgium",HumanObservation,casual observation,verified by experts,Exo_1822,present,,,2022-05-05,BE,50.97526,3.97583,WGS84,30,185074,122404,Lambert coordinates,EPSG:31370,Rhus typhina,Plantae,species,fluweelboom
Event,en,https://creativecommons.org/licenses/by/4.0/legalcode,POV,https://doi.org/10.15468/29cggt,POV,"Monitoring of invasive alien species by the Province East Flanders, Belgium",HumanObservation,casual observation,verified by experts,Exo_1823,present,,,2022-04-05,BE,50.97004,3.98846,WGS84,30,184488,123288,Lambert coordinates,EPSG:31370,Reynoutria,Plantae,genus,
Event,en,https://creativecommons.org/licenses/by/4.0/legalcode,POV,https://doi.org/10.15468/29cggt,POV,"Monitoring of invasive alien species by the Province East Flanders, Belgium",HumanObservation,casual observation,verified by experts,Exo_1824,present,,,2022-04-05,BE,50.96965,3.98865,WGS84,30,184445,123301,Lambert coordinates,EPSG:31370,Reynoutria,Plantae,genus,
Event,en,https://creativecommons.org/licenses/by/4.0/legalcode,POV,https://doi.org/10.15468/29cggt,POV,"Monitoring of invasive alien species by the Province East Flanders, Belgium",HumanObservation,casual observation,verified by experts,Exo_1825,present,,,2022-04-05,BE,50.96853,3.99001,WGS84,30,184320,123396,Lambert coordinates,EPSG:31370,Reynoutria,Plantae,genus,
Event,en,https://creativecommons.org/licenses/by/4.0/legalcode,POV,https://doi.org/10.15468/29cggt,POV,"Monitoring of invasive alien species by the Province East Flanders, Belgium",HumanObservation,casual observation,verified by experts,Exo_1826,present,,,2022-04-05,BE,50.96069,3.99634,WGS84,30,183446,123836,Lambert coordinates,EPSG:31370,Reynoutria,Plantae,genus,
Event,en,https://creativecommons.org/licenses/by/4.0/legalcode,POV,https://doi.org/10.15468/29cggt,POV,"Monitoring of invasive alien species by the Province East Flanders, Belgium",HumanObservation,casual observation,verified by experts,Exo_1827,present,,,2022-04-05,BE,50.96138,4.00561,WGS84,30,183519,124488,Lambert coordinates,EPSG:31370,Reynoutria,Plantae,genus,
Event,en,https://creativecommons.org/licenses/by/4.0/legalcode,POV,https://doi.org/10.15468/29cggt,POV,"Monitoring of invasive alien species by the Province East Flanders, Belgium",HumanObservation,casual observation,verified by experts,Exo_1828,present,,,2022-04-05,BE,50.95863,4.00889,WGS84,30,183212,124717,Lambert coordinates,EPSG:31370,Reynoutria,Plantae,genus,
Event,en,https://creativecommons.org/licenses/by/4.0/legalcode,POV,https://doi.org/10.15468/29cggt,POV,"Monitoring of invasive alien species by the Province East Flanders, Belgium",HumanObservation,casual observation,verified by experts,Exo_1837,present,,,2022-07-12,BE,51.07979,3.66948,WGS84,30,196860,100997,Lambert coordinates,EPSG:31370,Heracleum mantegazzianum,Plantae,species,reuzenberenklauw
Event,en,https://creativecommons.org/licenses/by/4.0/legalcode,POV,https://doi.org/10.15468/29cggt,POV,"Monitoring of invasive alien species by the Province East Flanders, Belgium",HumanObservation,casual observation,verified by experts,Exo_1843,present,,,2022-07-13,BE,51.03845,3.69416,WGS84,30,192245,102685,Lambert coordinates,EPSG:31370,Reynoutria,Plantae,genus,
Event,en,https://creativecommons.org/licenses/by/4.0/legalcode,POV,https://doi.org/10.15468/29cggt,POV,"Monitoring of invasive alien species by the Province East Flanders, Belgium",HumanObservation,casual observation,verified by experts,Exo_1844,present,,,2022-07-13,BE,51.03850,3.69364,WGS84,30,192251,102648,Lambert coordinates,EPSG:31370,Reynoutria,Plantae,genus,
Event,en,https://creativecommons.org/licenses/by/4.0/legalcode,POV,https://doi.org/10.15468/29cggt,POV,"Monitoring of invasive alien species by the Province East Flanders, Belgium",HumanObservation,casual observation,verified by experts,Exo_1850,present,,,2022-07-19,BE,51.00313,3.63537,WGS84,30,188354,98523,Lambert coordinates,EPSG:31370,Heracleum mantegazzianum,Plantae,species,reuzenberenklauw
Event,en,https://creativecommons.org/licenses/by/4.0/legalcode,POV,https://doi.org/10.15468/29cggt,POV,"Monitoring of invasive alien species by the Province East Flanders, Belgium",HumanObservation,casual observation,verified by experts,Exo_1874,present,,,2022-08-19,BE,51.14236,3.73862,WGS84,30,203777,105901,Lambert coordinates,EPSG:31370,Ludwigia grandiflora,Plantae,species,waterteunisbloem
Event,en,https://creativecommons.org/licenses/by/4.0/legalcode,POV,https://doi.org/10.15468/29cggt,POV,"Monitoring of invasive alien species by the Province East Flanders, Belgium",HumanObservation,casual observation,verified by experts,Exo_1875,present,,,2022-08-19,BE,51.02366,4.09672,WGS84,30,190420,130913,Lambert coordinates,EPSG:31370,Hydrocotyle ranunculoides,Plantae,species,grote waternavel
Event,en,https://creativecommons.org/licenses/by/4.0/legalcode,POV,https://doi.org/10.15468/29cggt,POV,"Monitoring of invasive alien species by the Province East Flanders, Belgium",HumanObservation,casual observation,verified by experts,Exo_1877,present,,,2022-08-25,BE,51.19813,4.03392,WGS84,30,209847,126594,Lambert coordinates,EPSG:31370,Myriophyllum aquaticum,Plantae,species,parelvederkruid
Event,en,https://creativecommons.org/licenses/by/4.0/legalcode,POV,https://doi.org/10.15468/29cggt,POV,"Monitoring of invasive alien species by the Province East Flanders, Belgium",HumanObservation,casual observation,verified by experts,Exo_1878,present,,,2022-08-25,BE,50.88872,3.66027,WGS84,30,175611,100149,Lambert coordinates,EPSG:31370,Ludwigia grandiflora,Plantae,species,waterteunisbloem
Event,en,https://creativecommons.org/licenses/by/4.0/legalcode,POV,https://doi.org/10.15468/29cggt,POV,"Monitoring of invasive alien species by the Province East Flanders, Belgium",HumanObservation,casual observation,verified by experts,Exo_1879,present,50,coverage in m²,2022-08-25,BE,50.77251,3.56466,WGS84,30,162753,93283,Lambert coordinates,EPSG:31370,Ludwigia grandiflora,Plantae,species,waterteunisbloem
Event,en,https://creativecommons.org/licenses/by/4.0/legalcode,POV,https://doi.org/10.15468/29cggt,POV,"Monitoring of invasive alien species by the Province East Flanders, Belgium",HumanObservation,casual observation,verified by experts,Exo_1880,present,,,2022-08-25,BE,50.77296,3.56451,WGS84,30,162803,93272,Lambert coordinates,EPSG:31370,Myriophyllum aquaticum,Plantae,species,parelvederkruid
Event,en,https://creativecommons.org/licenses/by/4.0/legalcode,POV,https://doi.org/10.15468/29cggt,POV,"Monitoring of invasive alien species by the Province East Flanders, Belgium",HumanObservation,casual observation,verified by experts,Exo_1881,present,,,2022-08-25,BE,50.84481,3.80169,WGS84,30,170641,110063,Lambert coordinates,EPSG:31370,Myriophyllum aquaticum,Plantae,species,parelvederkruid
Event,en,https://creativecommons.org/licenses/by/4.0/legalcode,POV,https://doi.org/10.15468/29cggt,POV,"Monitoring of invasive alien species by the Province East Flanders, Belgium",HumanObservation,casual observation,verified by experts,Exo_1888,present,1000,coverage in m²,2022-08-31,BE,51.18119,3.55242,WGS84,30,208223,92918,Lambert coordinates,EPSG:31370,Hydrocotyle ranunculoides,Plantae,species,grote waternavel
Event,en,https://creativecommons.org/licenses/by/4.0/legalcode,POV,https://doi.org/10.15468/29cggt,POV,"Monitoring of invasive alien species by the Province East Flanders, Belgium",HumanObservation,casual observation,verified by experts,Exo_1889,present,500,coverage in m²,2022-08-31,BE,51.18061,3.55201,WGS84,30,208159,92889,Lambert coordinates,EPSG:31370,Hydrocotyle ranunculoides,Plantae,species,grote waternavel
Event,en,https://creativecommons.org/licenses/by/4.0/legalcode,POV,https://doi.org/10.15468/29cggt,POV,"Monitoring of invasive alien species by the Province East Flanders, Belgium",HumanObservation,casual observation,verified by experts,Exo_1890,present,500,coverage in m²,2022-08-31,BE,51.18015,3.55154,WGS84,30,208108,92856,Lambert coordinates,EPSG:31370,Hydrocotyle ranunculoides,Plantae,species,grote waternavel
Event,en,https://creativecommons.org/licenses/by/4.0/legalcode,POV,https://doi.org/10.15468/29cggt,POV,"Monitoring of invasive alien species by the Province East Flanders, Belgium",HumanObservation,casual observation,verified by experts,Exo_1891,present,500,coverage in m²,2022-08-31,BE,51.17790,3.54889,WGS84,30,207860,92668,Lambert coordinates,EPSG:31370,Hydrocotyle ranunculoides,Plantae,species,grote waternavel
Event,en,https://creativecommons.org/licenses/by/4.0/legalcode,POV,https://doi.org/10.15468/29cggt,POV,"Monitoring of invasive alien species by the Province East Flanders, Belgium",HumanObservation,casual observation,verified by experts,Exo_1892,present,500,coverage in m²,2022-08-31,BE,51.17628,3.54676,WGS84,30,207681,92517,Lambert coordinates,EPSG:31370,Hydrocotyle ranunculoides,Plantae,species,grote waternavel
Event,en,https://creativecommons.org/licenses/by/4.0/legalcode,POV,https://doi.org/10.15468/29cggt,POV,"Monitoring of invasive alien species by the Province East Flanders, Belgium",HumanObservation,casual observation,verified by experts,Exo_1893,present,500,coverage in m²,2022-08-31,BE,51.17592,3.54838,WGS84,30,207640,92630,Lambert coordinates,EPSG:31370,Hydrocotyle ranunculoides,Plantae,species,grote waternavel
Event,en,https://creativecommons.org/licenses/by/4.0/legalcode,POV,https://doi.org/10.15468/29cggt,POV,"Monitoring of invasive alien species by the Province East Flanders, Belgium",HumanObservation,casual observation,verified by experts,Exo_1894,present,500,coverage in m²,2022-08-31,BE,51.17579,3.54398,WGS84,30,207629,92322,Lambert coordinates,EPSG:31370,Hydrocotyle ranunculoides,Plantae,species,grote waternavel
Event,en,https://creativecommons.org/licenses/by/4.0/legalcode,POV,https://doi.org/10.15468/29cggt,POV,"Monitoring of invasive alien species by the Province East Flanders, Belgium",HumanObservation,casual observation,verified by experts,Exo_1895,present,500,coverage in m²,2022-08-31,BE,51.17623,3.54016,WGS84,30,207681,92055,Lambert coordinates,EPSG:31370,Hydrocotyle ranunculoides,Plantae,species,grote waternavel
Event,en,https://creativecommons.org/licenses/by/4.0/legalcode,POV,https://doi.org/10.15468/29cggt,POV,"Monitoring of invasive alien species by the Province East Flanders, Belgium",HumanObservation,casual observation,verified by experts,Exo_1896,present,100,coverage in m²,2022-08-31,BE,51.17756,3.53541,WGS84,30,207833,91725,Lambert coordinates,EPSG:31370,Hydrocotyle ranunculoides,Plantae,species,grote waternavel
Event,en,https://creativecommons.org/licenses/by/4.0/legalcode,POV,https://doi.org/10.15468/29cggt,POV,"Monitoring of invasive alien species by the Province East Flanders, Belgium",HumanObservation,casual observation,verified by experts,Exo_1897,present,500,coverage in m²,2022-08-31,BE,51.17761,3.53473,WGS84,30,207839,91677,Lambert coordinates,EPSG:31370,Hydrocotyle ranunculoides,Plantae,species,grote waternavel
Event,en,https://creativecommons.org/licenses/by/4.0/legalcode,POV,https://doi.org/10.15468/29cggt,POV,"Monitoring of invasive alien species by the Province East Flanders, Belgium",HumanObservation,casual observation,verified by experts,Exo_1898,present,50,coverage in m²,2022-09-02,BE,51.17639,3.53499,WGS84,30,207703,91694,Lambert coordinates,EPSG:31370,Hydrocotyle ranunculoides,Plantae,species,grote waternavel
Event,en,https://creativecommons.org/licenses/by/4.0/legalcode,POV,https://doi.org/10.15468/29cggt,POV,"Monitoring of invasive alien species by the Province East Flanders, Belgium",HumanObservation,casual observation,verified by experts,Exo_1899,present,,,2022-09-02,BE,51.01244,3.90901,WGS84,30,189236,117736,Lambert coordinates,EPSG:31370,Myriophyllum aquaticum,Plantae,species,parelvederkruid
Event,en,https://creativecommons.org/licenses/by/4.0/legalcode,POV,https://doi.org/10.15468/29cggt,POV,"Monitoring of invasive alien species by the Province East Flanders, Belgium",HumanObservation,casual observation,verified by experts,Exo_1903,present,,,2022-09-30,BE,50.83271,3.76734,WGS84,30,169314,107633,Lambert coordinates,EPSG:31370,Crassula helmsii,Plantae,species,watercrassula
Event,en,https://creativecommons.org/licenses/by/4.0/legalcode,POV,https://doi.org/10.15468/29cggt,POV,"Monitoring of invasive alien species by the Province East Flanders, Belgium",HumanObservation,casual observation,verified by experts,Exo_1907,present,,,2022-10-05,BE,51.05558,3.80507,WGS84,30,194085,110478,Lambert coordinates,EPSG:31370,Robinia,Plantae,genus,robinia
Event,en,https://creativecommons.org/licenses/by/4.0/legalcode,POV,https://doi.org/10.15468/29cggt,POV,"Monitoring of invasive alien species by the Province East Flanders, Belgium",HumanObservation,casual observation,verified by experts,Exo_1908,present,,,2022-10-04,BE,51.03470,3.98001,WGS84,30,191684,122732,Lambert coordinates,EPSG:31370,Ludwigia grandiflora,Plantae,species,waterteunisbloem
Event,en,https://creativecommons.org/licenses/by/4.0/legalcode,POV,https://doi.org/10.15468/29cggt,POV,"Monitoring of invasive alien species by the Province East Flanders, Belgium",HumanObservation,casual observation,verified by experts,Exo_1910,present,,,2022-10-17,BE,51.11110,3.73326,WGS84,30,200302,105496,Lambert coordinates,EPSG:31370,Hydrocotyle ranunculoides,Plantae,species,grote waternavel
Event,en,https://creativecommons.org/licenses/by/4.0/legalcode,POV,https://doi.org/10.15468/29cggt,POV,"Monitoring of invasive alien species by the Province East Flanders, Belgium",HumanObservation,casual observation,verified by experts,Exo_1911,present,,,2022-10-17,BE,50.77830,3.99316,WGS84,30,163157,123510,Lambert coordinates,EPSG:31370,Myriophyllum aquaticum,Plantae,species,parelvederkruid
Event,en,https://creativecommons.org/licenses/by/4.0/legalcode,POV,https://doi.org/10.15468/29cggt,POV,"Monitoring of invasive alien species by the Province East Flanders, Belgium",HumanObservation,casual observation,verified by experts,Exo_1915,present,,,2022-10-25,BE,51.25009,3.52854,WGS84,30,215907,91336,Lambert coordinates,EPSG:31370,Crassula helmsii,Plantae,species,watercrassula
Event,en,https://creativecommons.org/licenses/by/4.0/legalcode,POV,https://doi.org/10.15468/29cggt,POV,"Monitoring of invasive alien species by the Province East Flanders, Belgium",HumanObservation,casual observation,verified by experts,Exo_1916,present,,,2022-11-03,BE,51.14172,3.53798,WGS84,30,203843,91860,Lambert coordinates,EPSG:31370,Myriophyllum aquaticum,Plantae,species,parelvederkruid
Event,en,https://creativecommons.org/licenses/by/4.0/legalcode,POV,https://doi.org/10.15468/29cggt,POV,"Monitoring of invasive alien species by the Province East Flanders, Belgium",HumanObservation,casual observation,verified by experts,Exo_1920,present,,,2022-12-13,BE,50.74863,3.92496,WGS84,30,159883,118680,Lambert coordinates,EPSG:31370,Myriophyllum aquaticum,Plantae,species,parelvederkruid
Event,en,https://creativecommons.org/licenses/by/4.0/legalcode,POV,https://doi.org/10.15468/29cggt,POV,"Monitoring of invasive alien species by the Province East Flanders, Belgium",HumanObservation,casual observation,verified by experts,Exo_1921,present,,,2022-12-13,BE,50.74693,3.92137,WGS84,30,159696,118426,Lambert coordinates,EPSG:31370,Ludwigia grandiflora,Plantae,species,waterteunisbloem
Event,en,https://creativecommons.org/licenses/by/4.0/legalcode,POV,https://doi.org/10.15468/29cggt,POV,"Monitoring of invasive alien species by the Province East Flanders, Belgium",HumanObservation,casual observation,verified by experts,Exo_1922,present,,,2022-12-13,BE,50.74237,3.87685,WGS84,30,159208,115280,Lambert coordinates,EPSG:31370,Ludwigia grandiflora,Plantae,species,waterteunisbloem
Event,en,https://creativecommons.org/licenses/by/4.0/legalcode,POV,https://doi.org/10.15468/29cggt,POV,"Monitoring of invasive alien species by the Province East Flanders, Belgium",HumanObservation,casual observation,verified by experts,Exo_1928,present,,,2023-01-04,BE,50.83603,3.82328,WGS84,30,169653,111576,Lambert coordinates,EPSG:31370,Hydrocotyle ranunculoides,Plantae,species,grote waternavel
Event,en,https://creativecommons.org/licenses/by/4.0/legalcode,POV,https://doi.org/10.15468/29cggt,POV,"Monitoring of invasive alien species by the Province East Flanders, Belgium",HumanObservation,casual observation,verified by experts,Exo_1930,present,,,2023-01-13,BE,51.15664,4.26677,WGS84,30,205184,142865,Lambert coordinates,EPSG:31370,Reynoutria,Plantae,genus,
Event,en,https://creativecommons.org/licenses/by/4.0/legalcode,POV,https://doi.org/10.15468/29cggt,POV,"Monitoring of invasive alien species by the Province East Flanders, Belgium",HumanObservation,casual observation,verified by experts,Exo_1937,present,,,2022-10-20,BE,51.04476,3.82278,WGS84,30,192873,111711,Lambert coordinates,EPSG:31370,Saururus cernuus,Plantae,species,Leidse plant
Event,en,https://creativecommons.org/licenses/by/4.0/legalcode,POV,https://doi.org/10.15468/29cggt,POV,"Monitoring of invasive alien species by the Province East Flanders, Belgium",HumanObservation,casual observation,verified by experts,Exo_1938,present,,,2023-03-20,BE,51.17165,3.93391,WGS84,30,206937,119587,Lambert coordinates,EPSG:31370,Zizania latifolia,Plantae,species,Mantsjoerese wilde rijst
Event,en,https://creativecommons.org/licenses/by/4.0/legalcode,POV,https://doi.org/10.15468/29cggt,POV,"Monitoring of invasive alien species by the Province East Flanders, Belgium",HumanObservation,casual observation,verified by experts,Exo_1945,present,,,2023-04-03,BE,51.17164,3.93405,WGS84,30,206936,119597,Lambert coordinates,EPSG:31370,Zizania latifolia,Plantae,species,Mantsjoerese wilde rijst
Event,en,https://creativecommons.org/licenses/by/4.0/legalcode,POV,https://doi.org/10.15468/29cggt,POV,"Monitoring of invasive alien species by the Province East Flanders, Belgium",HumanObservation,casual observation,verified by experts,Exo_1947,present,,,2023-04-03,BE,51.17165,3.93398,WGS84,30,206937,119592,Lambert coordinates,EPSG:31370,Zizania latifolia,Plantae,species,Mantsjoerese wilde rijst
Event,en,https://creativecommons.org/licenses/by/4.0/legalcode,POV,https://doi.org/10.15468/29cggt,POV,"Monitoring of invasive alien species by the Province East Flanders, Belgium",HumanObservation,casual observation,verified by experts,Exo_1950,present,,,2023-04-05,BE,51.02535,4.09424,WGS84,30,190608,130740,Lambert coordinates,EPSG:31370,Salvinia molesta,Plantae,species,grote vlotvaren
Event,en,https://creativecommons.org/licenses/by/4.0/legalcode,POV,https://doi.org/10.15468/29cggt,POV,"Monitoring of invasive alien species by the Province East Flanders, Belgium",HumanObservation,casual observation,verified by experts,Exo_1954,present,,,2023-04-11,BE,51.05502,3.80926,WGS84,30,194021,110772,Lambert coordinates,EPSG:31370,Petasites japonicus,Plantae,species,Japans hoefblad
Event,en,https://creativecommons.org/licenses/by/4.0/legalcode,POV,https://doi.org/10.15468/29cggt,POV,"Monitoring of invasive alien species by the Province East Flanders, Belgium",HumanObservation,casual observation,verified by experts,Exo_1955,present,,,2023-04-11,BE,50.98055,3.77257,WGS84,30,185757,108133,Lambert coordinates,EPSG:31370,Aponogeton distachyos,Plantae,species,Kaapse waterlelie
Event,en,https://creativecommons.org/licenses/by/4.0/legalcode,POV,https://doi.org/10.15468/29cggt,POV,"Monitoring of invasive alien species by the Province East Flanders, Belgium",HumanObservation,casual observation,verified by experts,Exo_1959,present,,,2023-04-14,BE,51.13861,3.45495,WGS84,30,203566,86045,Lambert coordinates,EPSG:31370,Heracleum mantegazzianum,Plantae,species,reuzenberenklauw
Event,en,https://creativecommons.org/licenses/by/4.0/legalcode,POV,https://doi.org/10.15468/29cggt,POV,"Monitoring of invasive alien species by the Province East Flanders, Belgium",HumanObservation,casual observation,verified by experts,Exo_1960,present,,,2023-04-14,BE,51.13823,3.46133,WGS84,30,203518,86491,Lambert coordinates,EPSG:31370,Heracleum mantegazzianum,Plantae,species,reuzenberenklauw
Event,en,https://creativecommons.org/licenses/by/4.0/legalcode,POV,https://doi.org/10.15468/29cggt,POV,"Monitoring of invasive alien species by the Province East Flanders, Belgium",HumanObservation,casual observation,verified by experts,Exo_1961,present,,,2023-04-14,BE,51.13815,3.46140,WGS84,30,203509,86496,Lambert coordinates,EPSG:31370,Heracleum mantegazzianum,Plantae,species,reuzenberenklauw
Event,en,https://creativecommons.org/licenses/by/4.0/legalcode,POV,https://doi.org/10.15468/29cggt,POV,"Monitoring of invasive alien species by the Province East Flanders, Belgium",HumanObservation,casual observation,verified by experts,Exo_1962,present,,,2023-04-14,BE,51.13808,3.46154,WGS84,30,203501,86506,Lambert coordinates,EPSG:31370,Heracleum mantegazzianum,Plantae,species,reuzenberenklauw
Event,en,https://creativecommons.org/licenses/by/4.0/legalcode,POV,https://doi.org/10.15468/29cggt,POV,"Monitoring of invasive alien species by the Province East Flanders, Belgium",HumanObservation,casual observation,verified by experts,Exo_1963,present,,,2023-04-14,BE,51.13819,3.46146,WGS84,30,203514,86500,Lambert coordinates,EPSG:31370,Heracleum mantegazzianum,Plantae,species,reuzenberenklauw
Event,en,https://creativecommons.org/licenses/by/4.0/legalcode,POV,https://doi.org/10.15468/29cggt,POV,"Monitoring of invasive alien species by the Province East Flanders, Belgium",HumanObservation,casual observation,verified by experts,Exo_1964,present,,,2023-04-14,BE,51.13804,3.46162,WGS84,30,203496,86511,Lambert coordinates,EPSG:31370,Heracleum mantegazzianum,Plantae,species,reuzenberenklauw
Event,en,https://creativecommons.org/licenses/by/4.0/legalcode,POV,https://doi.org/10.15468/29cggt,POV,"Monitoring of invasive alien species by the Province East Flanders, Belgium",HumanObservation,casual observation,verified by experts,Exo_1965,present,,,2023-04-14,BE,51.13812,3.46177,WGS84,30,203505,86522,Lambert coordinates,EPSG:31370,Heracleum mantegazzianum,Plantae,species,reuzenberenklauw
Event,en,https://creativecommons.org/licenses/by/4.0/legalcode,POV,https://doi.org/10.15468/29cggt,POV,"Monitoring of invasive alien species by the Province East Flanders, Belgium",HumanObservation,casual observation,verified by experts,Exo_1966,present,800,coverage in m²,2023-04-14,BE,51.13804,3.46175,WGS84,30,203496,86520,Lambert coordinates,EPSG:31370,Heracleum mantegazzianum,Plantae,species,reuzenberenklauw
Event,en,https://creativecommons.org/licenses/by/4.0/legalcode,POV,https://doi.org/10.15468/29cggt,POV,"Monitoring of invasive alien species by the Province East Flanders, Belgium",HumanObservation,casual observation,verified by experts,Exo_1967,present,,,2023-04-14,BE,51.13801,3.46177,WGS84,30,203493,86522,Lambert coordinates,EPSG:31370,Heracleum mantegazzianum,Plantae,species,reuzenberenklauw
Event,en,https://creativecommons.org/licenses/by/4.0/legalcode,POV,https://doi.org/10.15468/29cggt,POV,"Monitoring of invasive alien species by the Province East Flanders, Belgium",HumanObservation,casual observation,verified by experts,Exo_1968,present,,,2023-04-14,BE,51.13806,3.46196,WGS84,30,203499,86535,Lambert coordinates,EPSG:31370,Heracleum mantegazzianum,Plantae,species,reuzenberenklauw
Event,en,https://creativecommons.org/licenses/by/4.0/legalcode,POV,https://doi.org/10.15468/29cggt,POV,"Monitoring of invasive alien species by the Province East Flanders, Belgium",HumanObservation,casual observation,verified by experts,Exo_1969,present,,,2023-04-14,BE,51.13798,3.46209,WGS84,30,203490,86544,Lambert coordinates,EPSG:31370,Heracleum mantegazzianum,Plantae,species,reuzenberenklauw
Event,en,https://creativecommons.org/licenses/by/4.0/legalcode,POV,https://doi.org/10.15468/29cggt,POV,"Monitoring of invasive alien species by the Province East Flanders, Belgium",HumanObservation,casual observation,verified by experts,Exo_1970,present,,,2023-04-14,BE,51.13783,3.46265,WGS84,30,203472,86583,Lambert coordinates,EPSG:31370,Heracleum mantegazzianum,Plantae,species,reuzenberenklauw
Event,en,https://creativecommons.org/licenses/by/4.0/legalcode,POV,https://doi.org/10.15468/29cggt,POV,"Monitoring of invasive alien species by the Province East Flanders, Belgium",HumanObservation,casual observation,verified by experts,Exo_1971,present,,,2023-04-14,BE,51.13768,3.46314,WGS84,30,203455,86617,Lambert coordinates,EPSG:31370,Heracleum mantegazzianum,Plantae,species,reuzenberenklauw
Event,en,https://creativecommons.org/licenses/by/4.0/legalcode,POV,https://doi.org/10.15468/29cggt,POV,"Monitoring of invasive alien species by the Province East Flanders, Belgium",HumanObservation,casual observation,verified by experts,Exo_1972,present,,,2023-04-14,BE,51.13817,3.46134,WGS84,30,203511,86491,Lambert coordinates,EPSG:31370,Heracleum mantegazzianum,Plantae,species,reuzenberenklauw
Event,en,https://creativecommons.org/licenses/by/4.0/legalcode,POV,https://doi.org/10.15468/29cggt,POV,"Monitoring of invasive alien species by the Province East Flanders, Belgium",HumanObservation,casual observation,verified by experts,Exo_1973,present,,,2023-04-14,BE,51.13821,3.46144,WGS84,30,203516,86499,Lambert coordinates,EPSG:31370,Heracleum mantegazzianum,Plantae,species,reuzenberenklauw
Event,en,https://creativecommons.org/licenses/by/4.0/legalcode,POV,https://doi.org/10.15468/29cggt,POV,"Monitoring of invasive alien species by the Province East Flanders, Belgium",HumanObservation,casual observation,verified by experts,Exo_1974,present,,,2023-04-14,BE,51.13812,3.46138,WGS84,30,203506,86494,Lambert coordinates,EPSG:31370,Heracleum mantegazzianum,Plantae,species,reuzenberenklauw
Event,en,https://creativecommons.org/licenses/by/4.0/legalcode,POV,https://doi.org/10.15468/29cggt,POV,"Monitoring of invasive alien species by the Province East Flanders, Belgium",HumanObservation,casual observation,verified by experts,Exo_1975,present,,,2023-04-14,BE,51.13805,3.46149,WGS84,30,203498,86502,Lambert coordinates,EPSG:31370,Heracleum mantegazzianum,Plantae,species,reuzenberenklauw
Event,en,https://creativecommons.org/licenses/by/4.0/legalcode,POV,https://doi.org/10.15468/29cggt,POV,"Monitoring of invasive alien species by the Province East Flanders, Belgium",HumanObservation,casual observation,verified by experts,Exo_1976,present,,,2023-04-14,BE,51.13816,3.46166,WGS84,30,203510,86514,Lambert coordinates,EPSG:31370,Heracleum mantegazzianum,Plantae,species,reuzenberenklauw
Event,en,https://creativecommons.org/licenses/by/4.0/legalcode,POV,https://doi.org/10.15468/29cggt,POV,"Monitoring of invasive alien species by the Province East Flanders, Belgium",HumanObservation,casual observation,verified by experts,Exo_1977,present,,,2023-04-14,BE,51.13813,3.46180,WGS84,30,203506,86524,Lambert coordinates,EPSG:31370,Heracleum mantegazzianum,Plantae,species,reuzenberenklauw
Event,en,https://creativecommons.org/licenses/by/4.0/legalcode,POV,https://doi.org/10.15468/29cggt,POV,"Monitoring of invasive alien species by the Province East Flanders, Belgium",HumanObservation,casual observation,verified by experts,Exo_1978,present,,,2023-04-14,BE,51.13802,3.46212,WGS84,30,203494,86546,Lambert coordinates,EPSG:31370,Heracleum mantegazzianum,Plantae,species,reuzenberenklauw
Event,en,https://creativecommons.org/licenses/by/4.0/legalcode,POV,https://doi.org/10.15468/29cggt,POV,"Monitoring of invasive alien species by the Province East Flanders, Belgium",HumanObservation,casual observation,verified by experts,Exo_1979,present,,,2023-04-14,BE,51.13799,3.46185,WGS84,30,203491,86527,Lambert coordinates,EPSG:31370,Heracleum mantegazzianum,Plantae,species,reuzenberenklauw
Event,en,https://creativecommons.org/licenses/by/4.0/legalcode,POV,https://doi.org/10.15468/29cggt,POV,"Monitoring of invasive alien species by the Province East Flanders, Belgium",HumanObservation,casual observation,verified by experts,Exo_1980,present,,,2023-04-14,BE,51.13794,3.46214,WGS84,30,203485,86548,Lambert coordinates,EPSG:31370,Heracleum mantegazzianum,Plantae,species,reuzenberenklauw
Event,en,https://creativecommons.org/licenses/by/4.0/legalcode,POV,https://doi.org/10.15468/29cggt,POV,"Monitoring of invasive alien species by the Province East Flanders, Belgium",HumanObservation,casual observation,verified by experts,Exo_1981,present,,,2023-04-14,BE,51.13804,3.46208,WGS84,30,203496,86544,Lambert coordinates,EPSG:31370,Heracleum mantegazzianum,Plantae,species,reuzenberenklauw
Event,en,https://creativecommons.org/licenses/by/4.0/legalcode,POV,https://doi.org/10.15468/29cggt,POV,"Monitoring of invasive alien species by the Province East Flanders, Belgium",HumanObservation,casual observation,verified by experts,Exo_1982,present,,,2023-04-14,BE,51.13838,3.46043,WGS84,30,203535,86429,Lambert coordinates,EPSG:31370,Heracleum mantegazzianum,Plantae,species,reuzenberenklauw
Event,en,https://creativecommons.org/licenses/by/4.0/legalcode,POV,https://doi.org/10.15468/29cggt,POV,"Monitoring of invasive alien species by the Province East Flanders, Belgium",HumanObservation,casual observation,verified by experts,Exo_1983,present,,,2023-04-14,BE,51.13835,3.46054,WGS84,30,203532,86436,Lambert coordinates,EPSG:31370,Heracleum mantegazzianum,Plantae,species,reuzenberenklauw
Event,en,https://creativecommons.org/licenses/by/4.0/legalcode,POV,https://doi.org/10.15468/29cggt,POV,"Monitoring of invasive alien species by the Province East Flanders, Belgium",HumanObservation,casual observation,verified by experts,Exo_1984,present,100,coverage in m²,2023-04-14,BE,51.13119,3.46004,WGS84,30,202736,86391,Lambert coordinates,EPSG:31370,Crassula helmsii,Plantae,species,watercrassula
Event,en,https://creativecommons.org/licenses/by/4.0/legalcode,POV,https://doi.org/10.15468/29cggt,POV,"Monitoring of invasive alien species by the Province East Flanders, Belgium",HumanObservation,casual observation,verified by experts,Exo_1996,present,,,2023-04-28,BE,51.13796,3.46808,WGS84,30,203482,86963,Lambert coordinates,EPSG:31370,Heracleum mantegazzianum,Plantae,species,reuzenberenklauw
Event,en,https://creativecommons.org/licenses/by/4.0/legalcode,POV,https://doi.org/10.15468/29cggt,POV,"Monitoring of invasive alien species by the Province East Flanders, Belgium",HumanObservation,casual observation,verified by experts,Exo_2000,present,,,2023-05-05,BE,51.16339,3.42386,WGS84,30,206350,83904,Lambert coordinates,EPSG:31370,Heracleum mantegazzianum,Plantae,species,reuzenberenklauw
Event,en,https://creativecommons.org/licenses/by/4.0/legalcode,POV,https://doi.org/10.15468/29cggt,POV,"Monitoring of invasive alien species by the Province East Flanders, Belgium",HumanObservation,casual observation,verified by experts,Exo_2001,present,,,2023-05-05,BE,51.02649,3.71795,WGS84,30,190899,104342,Lambert coordinates,EPSG:31370,Heracleum mantegazzianum,Plantae,species,reuzenberenklauw
Event,en,https://creativecommons.org/licenses/by/4.0/legalcode,POV,https://doi.org/10.15468/29cggt,POV,"Monitoring of invasive alien species by the Province East Flanders, Belgium",HumanObservation,casual observation,verified by experts,Exo_2002,present,,,2023-05-05,BE,51.20116,4.04912,WGS84,30,210179,127659,Lambert coordinates,EPSG:31370,Heracleum mantegazzianum,Plantae,species,reuzenberenklauw
Event,en,https://creativecommons.org/licenses/by/4.0/legalcode,POV,https://doi.org/10.15468/29cggt,POV,"Monitoring of invasive alien species by the Province East Flanders, Belgium",HumanObservation,casual observation,verified by experts,Exo_2004,present,,,2023-05-08,BE,50.97115,3.74607,WGS84,30,184726,106263,Lambert coordinates,EPSG:31370,Petasites japonicus,Plantae,species,Japans hoefblad
Event,en,https://creativecommons.org/licenses/by/4.0/legalcode,POV,https://doi.org/10.15468/29cggt,POV,"Monitoring of invasive alien species by the Province East Flanders, Belgium",HumanObservation,casual observation,verified by experts,Exo_2005,present,,,2023-05-08,BE,50.95620,3.72464,WGS84,30,183076,104744,Lambert coordinates,EPSG:31370,Petasites japonicus,Plantae,species,Japans hoefblad
Event,en,https://creativecommons.org/licenses/by/4.0/legalcode,POV,https://doi.org/10.15468/29cggt,POV,"Monitoring of invasive alien species by the Province East Flanders, Belgium",HumanObservation,casual observation,verified by experts,Exo_2018,present,,,2023-05-10,BE,51.13788,4.30395,WGS84,30,203094,145464,Lambert coordinates,EPSG:31370,Heracleum mantegazzianum,Plantae,species,reuzenberenklauw
Event,en,https://creativecommons.org/licenses/by/4.0/legalcode,POV,https://doi.org/10.15468/29cggt,POV,"Monitoring of invasive alien species by the Province East Flanders, Belgium",HumanObservation,casual observation,verified by experts,Exo_2019,present,,,2023-05-10,BE,51.13779,4.30331,WGS84,30,203083,145419,Lambert coordinates,EPSG:31370,Heracleum mantegazzianum,Plantae,species,reuzenberenklauw
Event,en,https://creativecommons.org/licenses/by/4.0/legalcode,POV,https://doi.org/10.15468/29cggt,POV,"Monitoring of invasive alien species by the Province East Flanders, Belgium",HumanObservation,casual observation,verified by experts,Exo_2020,present,,,2023-05-10,BE,51.13781,4.30334,WGS84,30,203085,145421,Lambert coordinates,EPSG:31370,Heracleum mantegazzianum,Plantae,species,reuzenberenklauw
Event,en,https://creativecommons.org/licenses/by/4.0/legalcode,POV,https://doi.org/10.15468/29cggt,POV,"Monitoring of invasive alien species by the Province East Flanders, Belgium",HumanObservation,casual observation,verified by experts,Exo_2021,present,,,2023-05-10,BE,51.13791,4.30327,WGS84,30,203097,145416,Lambert coordinates,EPSG:31370,Heracleum mantegazzianum,Plantae,species,reuzenberenklauw
Event,en,https://creativecommons.org/licenses/by/4.0/legalcode,POV,https://doi.org/10.15468/29cggt,POV,"Monitoring of invasive alien species by the Province East Flanders, Belgium",HumanObservation,casual observation,verified by experts,Exo_2022,present,,,2023-05-10,BE,51.13788,4.30361,WGS84,30,203094,145440,Lambert coordinates,EPSG:31370,Heracleum mantegazzianum,Plantae,species,reuzenberenklauw
Event,en,https://creativecommons.org/licenses/by/4.0/legalcode,POV,https://doi.org/10.15468/29cggt,POV,"Monitoring of invasive alien species by the Province East Flanders, Belgium",HumanObservation,casual observation,verified by experts,Exo_2023,present,,,2023-05-10,BE,51.13798,4.30327,WGS84,30,203105,145416,Lambert coordinates,EPSG:31370,Heracleum mantegazzianum,Plantae,species,reuzenberenklauw
Event,en,https://creativecommons.org/licenses/by/4.0/legalcode,POV,https://doi.org/10.15468/29cggt,POV,"Monitoring of invasive alien species by the Province East Flanders, Belgium",HumanObservation,casual observation,verified by experts,Exo_2025,present,,,2023-05-11,BE,51.12459,4.22950,WGS84,30,201622,140250,Lambert coordinates,EPSG:31370,Heracleum mantegazzianum,Plantae,species,reuzenberenklauw
Event,en,https://creativecommons.org/licenses/by/4.0/legalcode,POV,https://doi.org/10.15468/29cggt,POV,"Monitoring of invasive alien species by the Province East Flanders, Belgium",HumanObservation,casual observation,verified by experts,Exo_2039,present,,,2023-06-22,BE,51.03753,3.89879,WGS84,30,192032,117036,Lambert coordinates,EPSG:31370,Heracleum mantegazzianum,Plantae,species,reuzenberenklauw
Event,en,https://creativecommons.org/licenses/by/4.0/legalcode,POV,https://doi.org/10.15468/29cggt,POV,"Monitoring of invasive alien species by the Province East Flanders, Belgium",HumanObservation,casual observation,verified by experts,Exo_2046,present,,,2023-06-26,BE,51.12896,4.09510,WGS84,30,202134,130843,Lambert coordinates,EPSG:31370,Heracleum mantegazzianum,Plantae,species,reuzenberenklauw
Event,en,https://creativecommons.org/licenses/by/4.0/legalcode,POV,https://doi.org/10.15468/29cggt,POV,"Monitoring of invasive alien species by the Province East Flanders, Belgium",HumanObservation,casual observation,verified by experts,Exo_2048,present,,,2023-06-28,BE,51.14526,3.81420,WGS84,30,204058,111193,Lambert coordinates,EPSG:31370,Heracleum mantegazzianum,Plantae,species,reuzenberenklauw
Event,en,https://creativecommons.org/licenses/by/4.0/legalcode,POV,https://doi.org/10.15468/29cggt,POV,"Monitoring of invasive alien species by the Province East Flanders, Belgium",HumanObservation,casual observation,verified by experts,Exo_2069,present,,,2023-07-13,BE,51.00696,3.58868,WGS84,30,188814,95250,Lambert coordinates,EPSG:31370,Zizania latifolia,Plantae,species,Mantsjoerese wilde rijst
Event,en,https://creativecommons.org/licenses/by/4.0/legalcode,POV,https://doi.org/10.15468/29cggt,POV,"Monitoring of invasive alien species by the Province East Flanders, Belgium",HumanObservation,casual observation,verified by experts,Exo_2070,present,,,2023-07-13,BE,51.00749,3.58900,WGS84,30,188872,95273,Lambert coordinates,EPSG:31370,Zizania latifolia,Plantae,species,Mantsjoerese wilde rijst
Event,en,https://creativecommons.org/licenses/by/4.0/legalcode,POV,https://doi.org/10.15468/29cggt,POV,"Monitoring of invasive alien species by the Province East Flanders, Belgium",HumanObservation,casual observation,verified by experts,Exo_2071,present,,,2023-07-13,BE,51.00781,3.58949,WGS84,30,188908,95308,Lambert coordinates,EPSG:31370,Zizania latifolia,Plantae,species,Mantsjoerese wilde rijst
Event,en,https://creativecommons.org/licenses/by/4.0/legalcode,POV,https://doi.org/10.15468/29cggt,POV,"Monitoring of invasive alien species by the Province East Flanders, Belgium",HumanObservation,casual observation,verified by experts,Exo_2072,present,,,2023-07-13,BE,51.00806,3.58968,WGS84,30,188936,95322,Lambert coordinates,EPSG:31370,Zizania latifolia,Plantae,species,Mantsjoerese wilde rijst
Event,en,https://creativecommons.org/licenses/by/4.0/legalcode,POV,https://doi.org/10.15468/29cggt,POV,"Monitoring of invasive alien species by the Province East Flanders, Belgium",HumanObservation,casual observation,verified by experts,Exo_2073,present,,,2023-07-13,BE,51.00779,3.58980,WGS84,30,188906,95330,Lambert coordinates,EPSG:31370,Zizania latifolia,Plantae,species,Mantsjoerese wilde rijst
Event,en,https://creativecommons.org/licenses/by/4.0/legalcode,POV,https://doi.org/10.15468/29cggt,POV,"Monitoring of invasive alien species by the Province East Flanders, Belgium",HumanObservation,casual observation,verified by experts,Exo_2074,present,,,2023-07-13,BE,51.00839,3.58982,WGS84,30,188972,95332,Lambert coordinates,EPSG:31370,Zizania latifolia,Plantae,species,Mantsjoerese wilde rijst
Event,en,https://creativecommons.org/licenses/by/4.0/legalcode,POV,https://doi.org/10.15468/29cggt,POV,"Monitoring of invasive alien species by the Province East Flanders, Belgium",HumanObservation,casual observation,verified by experts,Exo_2075,present,,,2023-07-13,BE,51.00843,3.58997,WGS84,30,188977,95343,Lambert coordinates,EPSG:31370,Zizania latifolia,Plantae,species,Mantsjoerese wilde rijst
Event,en,https://creativecommons.org/licenses/by/4.0/legalcode,POV,https://doi.org/10.15468/29cggt,POV,"Monitoring of invasive alien species by the Province East Flanders, Belgium",HumanObservation,casual observation,verified by experts,Exo_2076,present,,,2023-07-13,BE,51.00863,3.58995,WGS84,30,188999,95342,Lambert coordinates,EPSG:31370,Zizania latifolia,Plantae,species,Mantsjoerese wilde rijst
Event,en,https://creativecommons.org/licenses/by/4.0/legalcode,POV,https://doi.org/10.15468/29cggt,POV,"Monitoring of invasive alien species by the Province East Flanders, Belgium",HumanObservation,casual observation,verified by experts,Exo_2077,present,,,2023-07-13,BE,51.00871,3.59023,WGS84,30,189008,95361,Lambert coordinates,EPSG:31370,Zizania latifolia,Plantae,species,Mantsjoerese wilde rijst
Event,en,https://creativecommons.org/licenses/by/4.0/legalcode,POV,https://doi.org/10.15468/29cggt,POV,"Monitoring of invasive alien species by the Province East Flanders, Belgium",HumanObservation,casual observation,verified by experts,Exo_2107,present,,,2023-07-31,BE,51.14722,3.87497,WGS84,30,204245,115447,Lambert coordinates,EPSG:31370,Crassula helmsii,Plantae,species,watercrassula
Event,en,https://creativecommons.org/licenses/by/4.0/legalcode,POV,https://doi.org/10.15468/29cggt,POV,"Monitoring of invasive alien species by the Province East Flanders, Belgium",HumanObservation,casual observation,verified by experts,Exo_2108,present,,,2023-07-31,BE,51.14721,3.87494,WGS84,30,204244,115445,Lambert coordinates,EPSG:31370,Crassula helmsii,Plantae,species,watercrassula
Event,en,https://creativecommons.org/licenses/by/4.0/legalcode,POV,https://doi.org/10.15468/29cggt,POV,"Monitoring of invasive alien species by the Province East Flanders, Belgium",HumanObservation,casual observation,verified by experts,Exo_2109,present,,,2023-07-31,BE,51.14695,3.87533,WGS84,30,204216,115471,Lambert coordinates,EPSG:31370,Crassula helmsii,Plantae,species,watercrassula
Event,en,https://creativecommons.org/licenses/by/4.0/legalcode,POV,https://doi.org/10.15468/29cggt,POV,"Monitoring of invasive alien species by the Province East Flanders, Belgium",HumanObservation,casual observation,verified by experts,Exo_2110,present,,,2023-07-31,BE,51.14695,3.87533,WGS84,30,204215,115472,Lambert coordinates,EPSG:31370,Crassula helmsii,Plantae,species,watercrassula
Event,en,https://creativecommons.org/licenses/by/4.0/legalcode,POV,https://doi.org/10.15468/29cggt,POV,"Monitoring of invasive alien species by the Province East Flanders, Belgium",HumanObservation,casual observation,verified by experts,Exo_2111,present,,,2023-07-31,BE,51.14692,3.87538,WGS84,30,204212,115475,Lambert coordinates,EPSG:31370,Crassula helmsii,Plantae,species,watercrassula
Event,en,https://creativecommons.org/licenses/by/4.0/legalcode,POV,https://doi.org/10.15468/29cggt,POV,"Monitoring of invasive alien species by the Province East Flanders, Belgium",HumanObservation,casual observation,verified by experts,Exo_2112,present,,,2023-07-31,BE,51.14688,3.87532,WGS84,30,204207,115471,Lambert coordinates,EPSG:31370,Crassula helmsii,Plantae,species,watercrassula
Event,en,https://creativecommons.org/licenses/by/4.0/legalcode,POV,https://doi.org/10.15468/29cggt,POV,"Monitoring of invasive alien species by the Province East Flanders, Belgium",HumanObservation,casual observation,verified by experts,Exo_2113,present,,,2023-07-31,BE,51.14688,3.87532,WGS84,30,204207,115471,Lambert coordinates,EPSG:31370,Crassula helmsii,Plantae,species,watercrassula
Event,en,https://creativecommons.org/licenses/by/4.0/legalcode,POV,https://doi.org/10.15468/29cggt,POV,"Monitoring of invasive alien species by the Province East Flanders, Belgium",HumanObservation,casual observation,verified by experts,Exo_2114,present,,,2023-07-31,BE,51.14687,3.87537,WGS84,30,204206,115475,Lambert coordinates,EPSG:31370,Crassula helmsii,Plantae,species,watercrassula
Event,en,https://creativecommons.org/licenses/by/4.0/legalcode,POV,https://doi.org/10.15468/29cggt,POV,"Monitoring of invasive alien species by the Province East Flanders, Belgium",HumanObservation,casual observation,verified by experts,Exo_2115,present,,,2023-07-31,BE,51.14757,3.88169,WGS84,30,204281,115917,Lambert coordinates,EPSG:31370,Crassula helmsii,Plantae,species,watercrassula
Event,en,https://creativecommons.org/licenses/by/4.0/legalcode,POV,https://doi.org/10.15468/29cggt,POV,"Monitoring of invasive alien species by the Province East Flanders, Belgium",HumanObservation,casual observation,verified by experts,Exo_2116,present,,,2023-07-31,BE,51.14754,3.88195,WGS84,30,204278,115935,Lambert coordinates,EPSG:31370,Crassula helmsii,Plantae,species,watercrassula
Event,en,https://creativecommons.org/licenses/by/4.0/legalcode,POV,https://doi.org/10.15468/29cggt,POV,"Monitoring of invasive alien species by the Province East Flanders, Belgium",HumanObservation,casual observation,verified by experts,Exo_2117,present,,,2023-07-31,BE,51.14752,3.88204,WGS84,30,204275,115942,Lambert coordinates,EPSG:31370,Crassula helmsii,Plantae,species,watercrassula
Event,en,https://creativecommons.org/licenses/by/4.0/legalcode,POV,https://doi.org/10.15468/29cggt,POV,"Monitoring of invasive alien species by the Province East Flanders, Belgium",HumanObservation,casual observation,verified by experts,Exo_2118,present,,,2023-07-31,BE,51.14732,3.88255,WGS84,30,204253,115977,Lambert coordinates,EPSG:31370,Crassula helmsii,Plantae,species,watercrassula
Event,en,https://creativecommons.org/licenses/by/4.0/legalcode,POV,https://doi.org/10.15468/29cggt,POV,"Monitoring of invasive alien species by the Province East Flanders, Belgium",HumanObservation,casual observation,verified by experts,Exo_2119,present,,,2023-07-31,BE,51.14723,3.88275,WGS84,30,204242,115991,Lambert coordinates,EPSG:31370,Crassula helmsii,Plantae,species,watercrassula
Event,en,https://creativecommons.org/licenses/by/4.0/legalcode,POV,https://doi.org/10.15468/29cggt,POV,"Monitoring of invasive alien species by the Province East Flanders, Belgium",HumanObservation,casual observation,verified by experts,Exo_2120,present,,,2023-07-31,BE,51.14695,3.87533,WGS84,30,204215,115471,Lambert coordinates,EPSG:31370,Crassula helmsii,Plantae,species,watercrassula
Event,en,https://creativecommons.org/licenses/by/4.0/legalcode,POV,https://doi.org/10.15468/29cggt,POV,"Monitoring of invasive alien species by the Province East Flanders, Belgium",HumanObservation,casual observation,verified by experts,Exo_2121,present,,,2023-07-31,BE,51.14718,3.88279,WGS84,30,204237,115994,Lambert coordinates,EPSG:31370,Crassula helmsii,Plantae,species,watercrassula
Event,en,https://creativecommons.org/licenses/by/4.0/legalcode,POV,https://doi.org/10.15468/29cggt,POV,"Monitoring of invasive alien species by the Province East Flanders, Belgium",HumanObservation,casual observation,verified by experts,Exo_2122,present,,,2023-07-31,BE,51.14716,3.88279,WGS84,30,204235,115994,Lambert coordinates,EPSG:31370,Crassula helmsii,Plantae,species,watercrassula
Event,en,https://creativecommons.org/licenses/by/4.0/legalcode,POV,https://doi.org/10.15468/29cggt,POV,"Monitoring of invasive alien species by the Province East Flanders, Belgium",HumanObservation,casual observation,verified by experts,Exo_2123,present,,,2023-07-31,BE,51.14712,3.88286,WGS84,30,204230,115998,Lambert coordinates,EPSG:31370,Crassula helmsii,Plantae,species,watercrassula
Event,en,https://creativecommons.org/licenses/by/4.0/legalcode,POV,https://doi.org/10.15468/29cggt,POV,"Monitoring of invasive alien species by the Province East Flanders, Belgium",HumanObservation,casual observation,verified by experts,Exo_2124,present,,,2023-07-31,BE,51.14696,3.88273,WGS84,30,204213,115990,Lambert coordinates,EPSG:31370,Crassula helmsii,Plantae,species,watercrassula
Event,en,https://creativecommons.org/licenses/by/4.0/legalcode,POV,https://doi.org/10.15468/29cggt,POV,"Monitoring of invasive alien species by the Province East Flanders, Belgium",HumanObservation,casual observation,verified by experts,Exo_2125,present,,,2023-07-31,BE,51.14672,3.88255,WGS84,30,204186,115977,Lambert coordinates,EPSG:31370,Crassula helmsii,Plantae,species,watercrassula
Event,en,https://creativecommons.org/licenses/by/4.0/legalcode,POV,https://doi.org/10.15468/29cggt,POV,"Monitoring of invasive alien species by the Province East Flanders, Belgium",HumanObservation,casual observation,verified by experts,Exo_2126,present,,,2023-07-31,BE,51.14655,3.88248,WGS84,30,204167,115971,Lambert coordinates,EPSG:31370,Crassula helmsii,Plantae,species,watercrassula
Event,en,https://creativecommons.org/licenses/by/4.0/legalcode,POV,https://doi.org/10.15468/29cggt,POV,"Monitoring of invasive alien species by the Province East Flanders, Belgium",HumanObservation,casual observation,verified by experts,Exo_2127,present,,,2023-07-31,BE,51.14647,3.88235,WGS84,30,204159,115963,Lambert coordinates,EPSG:31370,Crassula helmsii,Plantae,species,watercrassula
Event,en,https://creativecommons.org/licenses/by/4.0/legalcode,POV,https://doi.org/10.15468/29cggt,POV,"Monitoring of invasive alien species by the Province East Flanders, Belgium",HumanObservation,casual observation,verified by experts,Exo_2128,present,,,2023-07-31,BE,51.14635,3.88182,WGS84,30,204145,115926,Lambert coordinates,EPSG:31370,Crassula helmsii,Plantae,species,watercrassula
Event,en,https://creativecommons.org/licenses/by/4.0/legalcode,POV,https://doi.org/10.15468/29cggt,POV,"Monitoring of invasive alien species by the Province East Flanders, Belgium",HumanObservation,casual observation,verified by experts,Exo_2129,present,,,2023-07-31,BE,51.14632,3.88169,WGS84,30,204142,115916,Lambert coordinates,EPSG:31370,Crassula helmsii,Plantae,species,watercrassula
Event,en,https://creativecommons.org/licenses/by/4.0/legalcode,POV,https://doi.org/10.15468/29cggt,POV,"Monitoring of invasive alien species by the Province East Flanders, Belgium",HumanObservation,casual observation,verified by experts,Exo_2130,present,,,2023-07-31,BE,51.14657,3.88126,WGS84,30,204170,115886,Lambert coordinates,EPSG:31370,Crassula helmsii,Plantae,species,watercrassula
Event,en,https://creativecommons.org/licenses/by/4.0/legalcode,POV,https://doi.org/10.15468/29cggt,POV,"Monitoring of invasive alien species by the Province East Flanders, Belgium",HumanObservation,casual observation,verified by experts,Exo_2131,present,,,2023-07-31,BE,51.14635,3.88094,WGS84,30,204145,115864,Lambert coordinates,EPSG:31370,Crassula helmsii,Plantae,species,watercrassula
Event,en,https://creativecommons.org/licenses/by/4.0/legalcode,POV,https://doi.org/10.15468/29cggt,POV,"Monitoring of invasive alien species by the Province East Flanders, Belgium",HumanObservation,casual observation,verified by experts,Exo_2132,present,,,2023-07-31,BE,51.14640,3.88146,WGS84,30,204151,115900,Lambert coordinates,EPSG:31370,Crassula helmsii,Plantae,species,watercrassula
Event,en,https://creativecommons.org/licenses/by/4.0/legalcode,POV,https://doi.org/10.15468/29cggt,POV,"Monitoring of invasive alien species by the Province East Flanders, Belgium",HumanObservation,casual observation,verified by experts,Exo_2133,present,,,2023-07-31,BE,51.14635,3.88153,WGS84,30,204145,115905,Lambert coordinates,EPSG:31370,Crassula helmsii,Plantae,species,watercrassula
Event,en,https://creativecommons.org/licenses/by/4.0/legalcode,POV,https://doi.org/10.15468/29cggt,POV,"Monitoring of invasive alien species by the Province East Flanders, Belgium",HumanObservation,casual observation,verified by experts,Exo_2134,present,,,2023-07-31,BE,51.14615,3.88152,WGS84,30,204123,115904,Lambert coordinates,EPSG:31370,Crassula helmsii,Plantae,species,watercrassula
Event,en,https://creativecommons.org/licenses/by/4.0/legalcode,POV,https://doi.org/10.15468/29cggt,POV,"Monitoring of invasive alien species by the Province East Flanders, Belgium",HumanObservation,casual observation,verified by experts,Exo_2135,present,,,2023-07-31,BE,51.14659,3.88074,WGS84,30,204172,115850,Lambert coordinates,EPSG:31370,Crassula helmsii,Plantae,species,watercrassula
Event,en,https://creativecommons.org/licenses/by/4.0/legalcode,POV,https://doi.org/10.15468/29cggt,POV,"Monitoring of invasive alien species by the Province East Flanders, Belgium",HumanObservation,casual observation,verified by experts,Exo_2136,present,,,2023-07-31,BE,51.14657,3.88078,WGS84,30,204171,115853,Lambert coordinates,EPSG:31370,Crassula helmsii,Plantae,species,watercrassula
Event,en,https://creativecommons.org/licenses/by/4.0/legalcode,POV,https://doi.org/10.15468/29cggt,POV,"Monitoring of invasive alien species by the Province East Flanders, Belgium",HumanObservation,casual observation,verified by experts,Exo_2137,present,,,2023-07-31,BE,51.14639,3.88084,WGS84,30,204150,115857,Lambert coordinates,EPSG:31370,Crassula helmsii,Plantae,species,watercrassula
Event,en,https://creativecommons.org/licenses/by/4.0/legalcode,POV,https://doi.org/10.15468/29cggt,POV,"Monitoring of invasive alien species by the Province East Flanders, Belgium",HumanObservation,casual observation,verified by experts,Exo_2138,present,,,2023-07-31,BE,51.14613,3.88135,WGS84,30,204121,115892,Lambert coordinates,EPSG:31370,Crassula helmsii,Plantae,species,watercrassula
Event,en,https://creativecommons.org/licenses/by/4.0/legalcode,POV,https://doi.org/10.15468/29cggt,POV,"Monitoring of invasive alien species by the Province East Flanders, Belgium",HumanObservation,casual observation,verified by experts,Exo_2139,present,,,2023-07-31,BE,51.14611,3.88111,WGS84,30,204119,115876,Lambert coordinates,EPSG:31370,Crassula helmsii,Plantae,species,watercrassula
Event,en,https://creativecommons.org/licenses/by/4.0/legalcode,POV,https://doi.org/10.15468/29cggt,POV,"Monitoring of invasive alien species by the Province East Flanders, Belgium",HumanObservation,casual observation,verified by experts,Exo_2140,present,,,2023-07-31,BE,51.14617,3.88087,WGS84,30,204126,115859,Lambert coordinates,EPSG:31370,Crassula helmsii,Plantae,species,watercrassula
Event,en,https://creativecommons.org/licenses/by/4.0/legalcode,POV,https://doi.org/10.15468/29cggt,POV,"Monitoring of invasive alien species by the Province East Flanders, Belgium",HumanObservation,casual observation,verified by experts,Exo_2141,present,,,2023-07-31,BE,51.14720,3.88006,WGS84,30,204241,115803,Lambert coordinates,EPSG:31370,Crassula helmsii,Plantae,species,watercrassula
Event,en,https://creativecommons.org/licenses/by/4.0/legalcode,POV,https://doi.org/10.15468/29cggt,POV,"Monitoring of invasive alien species by the Province East Flanders, Belgium",HumanObservation,casual observation,verified by experts,Exo_2142,present,,,2023-07-31,BE,51.14720,3.88006,WGS84,30,204241,115803,Lambert coordinates,EPSG:31370,Crassula helmsii,Plantae,species,watercrassula
Event,en,https://creativecommons.org/licenses/by/4.0/legalcode,POV,https://doi.org/10.15468/29cggt,POV,"Monitoring of invasive alien species by the Province East Flanders, Belgium",HumanObservation,casual observation,verified by experts,Exo_2143,present,,,2023-07-31,BE,51.14706,3.88027,WGS84,30,204225,115817,Lambert coordinates,EPSG:31370,Crassula helmsii,Plantae,species,watercrassula
Event,en,https://creativecommons.org/licenses/by/4.0/legalcode,POV,https://doi.org/10.15468/29cggt,POV,"Monitoring of invasive alien species by the Province East Flanders, Belgium",HumanObservation,casual observation,verified by experts,Exo_2144,present,,,2023-07-31,BE,51.14707,3.88022,WGS84,30,204226,115814,Lambert coordinates,EPSG:31370,Crassula helmsii,Plantae,species,watercrassula
Event,en,https://creativecommons.org/licenses/by/4.0/legalcode,POV,https://doi.org/10.15468/29cggt,POV,"Monitoring of invasive alien species by the Province East Flanders, Belgium",HumanObservation,casual observation,verified by experts,Exo_2145,present,,,2023-07-31,BE,51.14710,3.87986,WGS84,30,204230,115789,Lambert coordinates,EPSG:31370,Crassula helmsii,Plantae,species,watercrassula
Event,en,https://creativecommons.org/licenses/by/4.0/legalcode,POV,https://doi.org/10.15468/29cggt,POV,"Monitoring of invasive alien species by the Province East Flanders, Belgium",HumanObservation,casual observation,verified by experts,Exo_2146,present,,,2023-07-31,BE,51.14701,3.87977,WGS84,30,204219,115782,Lambert coordinates,EPSG:31370,Crassula helmsii,Plantae,species,watercrassula
Event,en,https://creativecommons.org/licenses/by/4.0/legalcode,POV,https://doi.org/10.15468/29cggt,POV,"Monitoring of invasive alien species by the Province East Flanders, Belgium",HumanObservation,casual observation,verified by experts,Exo_2148,present,,,2023-08-03,BE,51.04598,3.80163,WGS84,30,193019,110229,Lambert coordinates,EPSG:31370,Heracleum mantegazzianum,Plantae,species,reuzenberenklauw
Event,en,https://creativecommons.org/licenses/by/4.0/legalcode,POV,https://doi.org/10.15468/29cggt,POV,"Monitoring of invasive alien species by the Province East Flanders, Belgium",HumanObservation,casual observation,verified by experts,Exo_2149,present,,,2023-08-03,BE,51.04490,3.82267,WGS84,30,192888,111704,Lambert coordinates,EPSG:31370,Saururus cernuus,Plantae,species,Leidse plant
Event,en,https://creativecommons.org/licenses/by/4.0/legalcode,POV,https://doi.org/10.15468/29cggt,POV,"Monitoring of invasive alien species by the Province East Flanders, Belgium",HumanObservation,casual observation,verified by experts,Exo_2150,present,,,2023-08-03,BE,51.04484,3.82273,WGS84,30,192881,111707,Lambert coordinates,EPSG:31370,Saururus cernuus,Plantae,species,Leidse plant
Event,en,https://creativecommons.org/licenses/by/4.0/legalcode,POV,https://doi.org/10.15468/29cggt,POV,"Monitoring of invasive alien species by the Province East Flanders, Belgium",HumanObservation,casual observation,verified by experts,Exo_2160,present,10,coverage in m²,2023-08-23,BE,50.93171,3.88493,WGS84,30,180266,115988,Lambert coordinates,EPSG:31370,Saururus cernuus,Plantae,species,Leidse plant
Event,en,https://creativecommons.org/licenses/by/4.0/legalcode,POV,https://doi.org/10.15468/29cggt,POV,"Monitoring of invasive alien species by the Province East Flanders, Belgium",HumanObservation,casual observation,verified by experts,Exo_2161,present,1,coverage in m²,2023-08-23,BE,50.93167,3.88502,WGS84,30,180262,115994,Lambert coordinates,EPSG:31370,Saururus cernuus,Plantae,species,Leidse plant
Event,en,https://creativecommons.org/licenses/by/4.0/legalcode,POV,https://doi.org/10.15468/29cggt,POV,"Monitoring of invasive alien species by the Province East Flanders, Belgium",HumanObservation,casual observation,verified by experts,Exo_2165,present,,,2023-08-30,BE,51.10639,4.14218,WGS84,30,199612,134131,Lambert coordinates,EPSG:31370,Ludwigia grandiflora,Plantae,species,waterteunisbloem
Event,en,https://creativecommons.org/licenses/by/4.0/legalcode,POV,https://doi.org/10.15468/29cggt,POV,"Monitoring of invasive alien species by the Province East Flanders, Belgium",HumanObservation,casual observation,verified by experts,Exo_2166,present,,,2023-08-30,BE,51.10636,4.14118,WGS84,30,199610,134061,Lambert coordinates,EPSG:31370,Ludwigia grandiflora,Plantae,species,waterteunisbloem
Event,en,https://creativecommons.org/licenses/by/4.0/legalcode,POV,https://doi.org/10.15468/29cggt,POV,"Monitoring of invasive alien species by the Province East Flanders, Belgium",HumanObservation,casual observation,verified by experts,Exo_2167,present,,,2023-08-30,BE,51.10690,4.14141,WGS84,30,199669,134077,Lambert coordinates,EPSG:31370,Ludwigia grandiflora,Plantae,species,waterteunisbloem
Event,en,https://creativecommons.org/licenses/by/4.0/legalcode,POV,https://doi.org/10.15468/29cggt,POV,"Monitoring of invasive alien species by the Province East Flanders, Belgium",HumanObservation,casual observation,verified by experts,Exo_2168,present,,,2023-08-30,BE,51.10642,4.14196,WGS84,30,199616,134116,Lambert coordinates,EPSG:31370,Crassula helmsii,Plantae,species,watercrassula
Event,en,https://creativecommons.org/licenses/by/4.0/legalcode,POV,https://doi.org/10.15468/29cggt,POV,"Monitoring of invasive alien species by the Province East Flanders, Belgium",HumanObservation,casual observation,verified by experts,Exo_2169,present,,,2023-08-30,BE,51.11283,4.12746,WGS84,30,200332,133102,Lambert coordinates,EPSG:31370,Ludwigia grandiflora,Plantae,species,waterteunisbloem
Event,en,https://creativecommons.org/licenses/by/4.0/legalcode,POV,https://doi.org/10.15468/29cggt,POV,"Monitoring of invasive alien species by the Province East Flanders, Belgium",HumanObservation,casual observation,verified by experts,Exo_2170,present,,,2023-08-30,BE,51.07271,4.17500,WGS84,30,195859,136420,Lambert coordinates,EPSG:31370,Ludwigia grandiflora,Plantae,species,waterteunisbloem
Event,en,https://creativecommons.org/licenses/by/4.0/legalcode,POV,https://doi.org/10.15468/29cggt,POV,"Monitoring of invasive alien species by the Province East Flanders, Belgium",HumanObservation,casual observation,verified by experts,Exo_2171,present,,,2023-08-30,BE,51.07297,4.17475,WGS84,30,195888,136402,Lambert coordinates,EPSG:31370,Ludwigia grandiflora,Plantae,species,waterteunisbloem
Event,en,https://creativecommons.org/licenses/by/4.0/legalcode,POV,https://doi.org/10.15468/29cggt,POV,"Monitoring of invasive alien species by the Province East Flanders, Belgium",HumanObservation,casual observation,verified by experts,Exo_2185,present,,,2023-09-07,BE,51.05364,3.93312,WGS84,30,193809,119455,Lambert coordinates,EPSG:31370,Myriophyllum aquaticum,Plantae,species,parelvederkruid
Event,en,https://creativecommons.org/licenses/by/4.0/legalcode,POV,https://doi.org/10.15468/29cggt,POV,"Monitoring of invasive alien species by the Province East Flanders, Belgium",HumanObservation,casual observation,verified by experts,Exo_2186,present,2,coverage in m²,2023-09-13,BE,51.20557,3.51522,WGS84,30,210965,90349,Lambert coordinates,EPSG:31370,Hydrocotyle ranunculoides,Plantae,species,grote waternavel
Event,en,https://creativecommons.org/licenses/by/4.0/legalcode,POV,https://doi.org/10.15468/29cggt,POV,"Monitoring of invasive alien species by the Province East Flanders, Belgium",HumanObservation,casual observation,verified by experts,Exo_2187,present,,,2023-09-13,BE,51.17589,3.54840,WGS84,30,207637,92631,Lambert coordinates,EPSG:31370,Hydrocotyle ranunculoides,Plantae,species,grote waternavel
Event,en,https://creativecommons.org/licenses/by/4.0/legalcode,POV,https://doi.org/10.15468/29cggt,POV,"Monitoring of invasive alien species by the Province East Flanders, Belgium",HumanObservation,casual observation,verified by experts,Exo_2196,present,,,2023-09-28,BE,50.96524,3.69789,WGS84,30,184098,102873,Lambert coordinates,EPSG:31370,Heracleum mantegazzianum,Plantae,species,reuzenberenklauw
Event,en,https://creativecommons.org/licenses/by/4.0/legalcode,POV,https://doi.org/10.15468/29cggt,POV,"Monitoring of invasive alien species by the Province East Flanders, Belgium",HumanObservation,casual observation,verified by experts,Exo_2200,present,,,2023-10-09,BE,51.18649,3.83366,WGS84,30,208635,112587,Lambert coordinates,EPSG:31370,Myriophyllum aquaticum,Plantae,species,parelvederkruid
Event,en,https://creativecommons.org/licenses/by/4.0/legalcode,POV,https://doi.org/10.15468/29cggt,POV,"Monitoring of invasive alien species by the Province East Flanders, Belgium",HumanObservation,casual observation,verified by experts,Exo_2202,present,,,2023-10-10,BE,51.04722,3.66336,WGS84,30,193240,100534,Lambert coordinates,EPSG:31370,Heracleum mantegazzianum,Plantae,species,reuzenberenklauw
Event,en,https://creativecommons.org/licenses/by/4.0/legalcode,POV,https://doi.org/10.15468/29cggt,POV,"Monitoring of invasive alien species by the Province East Flanders, Belgium",HumanObservation,casual observation,verified by experts,Exo_2203,present,,,2023-10-10,BE,51.16876,3.58076,WGS84,30,206819,94885,Lambert coordinates,EPSG:31370,Ludwigia grandiflora,Plantae,species,waterteunisbloem
